2026-02-19T10:40:13+00:00 DEBUG Received invalid country code when getting provider links. Ignoring it. CONTEXT: {"gateway":"woocommerce_payments","country":""}
2026-02-19T10:40:13+00:00 DEBUG Received invalid country code when getting provider links. Ignoring it. CONTEXT: {"gateway":"woocommerce_payments_bancontact","country":""}
2026-02-19T10:40:13+00:00 DEBUG Received invalid country code when getting provider links. Ignoring it. CONTEXT: {"gateway":"woocommerce_payments_sepa_debit","country":""}
2026-02-19T10:40:13+00:00 DEBUG Received invalid country code when getting provider links. Ignoring it. CONTEXT: {"gateway":"woocommerce_payments_giropay","country":""}
2026-02-19T10:40:13+00:00 DEBUG Received invalid country code when getting provider links. Ignoring it. CONTEXT: {"gateway":"woocommerce_payments_sofort","country":""}
2026-02-19T10:40:13+00:00 DEBUG Received invalid country code when getting provider links. Ignoring it. CONTEXT: {"gateway":"woocommerce_payments_p24","country":""}
2026-02-19T10:40:13+00:00 DEBUG Received invalid country code when getting provider links. Ignoring it. CONTEXT: {"gateway":"woocommerce_payments_ideal","country":""}
2026-02-19T10:40:13+00:00 DEBUG Received invalid country code when getting provider links. Ignoring it. CONTEXT: {"gateway":"woocommerce_payments_au_becs_debit","country":""}
2026-02-19T10:40:13+00:00 DEBUG Received invalid country code when getting provider links. Ignoring it. CONTEXT: {"gateway":"woocommerce_payments_eps","country":""}
2026-02-19T10:40:13+00:00 DEBUG Received invalid country code when getting provider links. Ignoring it. CONTEXT: {"gateway":"woocommerce_payments_affirm","country":""}
2026-02-19T10:40:13+00:00 DEBUG Received invalid country code when getting provider links. Ignoring it. CONTEXT: {"gateway":"woocommerce_payments_afterpay_clearpay","country":""}
2026-02-19T10:40:13+00:00 DEBUG Received invalid country code when getting provider links. Ignoring it. CONTEXT: {"gateway":"woocommerce_payments_klarna","country":""}
2026-02-19T10:40:13+00:00 DEBUG Received invalid country code when getting provider links. Ignoring it. CONTEXT: {"gateway":"woocommerce_payments_multibanco","country":""}
2026-02-19T10:40:13+00:00 DEBUG Received invalid country code when getting provider links. Ignoring it. CONTEXT: {"gateway":"woocommerce_payments_grabpay","country":""}
2026-02-19T10:40:13+00:00 DEBUG Received invalid country code when getting provider links. Ignoring it. CONTEXT: {"gateway":"woocommerce_payments_alipay","country":""}
2026-02-19T10:40:13+00:00 DEBUG Received invalid country code when getting provider links. Ignoring it. CONTEXT: {"gateway":"woocommerce_payments_wechat_pay","country":""}
2026-02-19T10:40:13+00:00 DEBUG Received invalid country code when getting provider links. Ignoring it. CONTEXT: {"gateway":"bacs","country":""}
2026-02-19T10:40:13+00:00 DEBUG Received invalid country code when getting provider links. Ignoring it. CONTEXT: {"gateway":"cheque","country":""}
2026-02-19T10:40:13+00:00 DEBUG Received invalid country code when getting provider links. Ignoring it. CONTEXT: {"gateway":"cod","country":""}
2026-02-19T10:40:13+00:00 DEBUG Received invalid country code when getting provider links. Ignoring it. CONTEXT: {"gateway":"ppcp-gateway","country":""}
2026-02-19T10:40:13+00:00 DEBUG Received invalid country code when getting provider links. Ignoring it. CONTEXT: {"gateway":"woocommerce_payments_bancontact","country":""}
2026-02-19T10:40:13+00:00 DEBUG Received invalid country code when getting provider links. Ignoring it. CONTEXT: {"gateway":"woocommerce_payments_sepa_debit","country":""}
2026-02-19T10:40:13+00:00 DEBUG Received invalid country code when getting provider links. Ignoring it. CONTEXT: {"gateway":"woocommerce_payments_giropay","country":""}
2026-02-19T10:40:13+00:00 DEBUG Received invalid country code when getting provider links. Ignoring it. CONTEXT: {"gateway":"woocommerce_payments_sofort","country":""}
2026-02-19T10:40:13+00:00 DEBUG Received invalid country code when getting provider links. Ignoring it. CONTEXT: {"gateway":"woocommerce_payments_p24","country":""}
2026-02-19T10:40:13+00:00 DEBUG Received invalid country code when getting provider links. Ignoring it. CONTEXT: {"gateway":"woocommerce_payments_ideal","country":""}
2026-02-19T10:40:13+00:00 DEBUG Received invalid country code when getting provider links. Ignoring it. CONTEXT: {"gateway":"woocommerce_payments_au_becs_debit","country":""}
2026-02-19T10:40:13+00:00 DEBUG Received invalid country code when getting provider links. Ignoring it. CONTEXT: {"gateway":"woocommerce_payments_eps","country":""}
2026-02-19T10:40:13+00:00 DEBUG Received invalid country code when getting provider links. Ignoring it. CONTEXT: {"gateway":"woocommerce_payments_affirm","country":""}
2026-02-19T10:40:13+00:00 DEBUG Received invalid country code when getting provider links. Ignoring it. CONTEXT: {"gateway":"woocommerce_payments_afterpay_clearpay","country":""}
2026-02-19T10:40:13+00:00 DEBUG Received invalid country code when getting provider links. Ignoring it. CONTEXT: {"gateway":"woocommerce_payments_klarna","country":""}
2026-02-19T10:40:13+00:00 DEBUG Received invalid country code when getting provider links. Ignoring it. CONTEXT: {"gateway":"woocommerce_payments_multibanco","country":""}
2026-02-19T10:40:13+00:00 DEBUG Received invalid country code when getting provider links. Ignoring it. CONTEXT: {"gateway":"woocommerce_payments_grabpay","country":""}
2026-02-19T10:40:13+00:00 DEBUG Received invalid country code when getting provider links. Ignoring it. CONTEXT: {"gateway":"woocommerce_payments_alipay","country":""}
2026-02-19T10:40:13+00:00 DEBUG Received invalid country code when getting provider links. Ignoring it. CONTEXT: {"gateway":"woocommerce_payments_wechat_pay","country":""}
2026-02-19T10:40:20+00:00 DEBUG Received invalid country code when getting provider links. Ignoring it. CONTEXT: {"gateway":"woocommerce_payments","country":""}
2026-02-19T10:40:20+00:00 DEBUG Received invalid country code when getting provider links. Ignoring it. CONTEXT: {"gateway":"woocommerce_payments_bancontact","country":""}
2026-02-19T10:40:20+00:00 DEBUG Received invalid country code when getting provider links. Ignoring it. CONTEXT: {"gateway":"woocommerce_payments_sepa_debit","country":""}
2026-02-19T10:40:20+00:00 DEBUG Received invalid country code when getting provider links. Ignoring it. CONTEXT: {"gateway":"woocommerce_payments_giropay","country":""}
2026-02-19T10:40:20+00:00 DEBUG Received invalid country code when getting provider links. Ignoring it. CONTEXT: {"gateway":"woocommerce_payments_sofort","country":""}
2026-02-19T10:40:20+00:00 DEBUG Received invalid country code when getting provider links. Ignoring it. CONTEXT: {"gateway":"woocommerce_payments_p24","country":""}
2026-02-19T10:40:20+00:00 DEBUG Received invalid country code when getting provider links. Ignoring it. CONTEXT: {"gateway":"woocommerce_payments_ideal","country":""}
2026-02-19T10:40:20+00:00 DEBUG Received invalid country code when getting provider links. Ignoring it. CONTEXT: {"gateway":"woocommerce_payments_au_becs_debit","country":""}
2026-02-19T10:40:20+00:00 DEBUG Received invalid country code when getting provider links. Ignoring it. CONTEXT: {"gateway":"woocommerce_payments_eps","country":""}
2026-02-19T10:40:20+00:00 DEBUG Received invalid country code when getting provider links. Ignoring it. CONTEXT: {"gateway":"woocommerce_payments_affirm","country":""}
2026-02-19T10:40:20+00:00 DEBUG Received invalid country code when getting provider links. Ignoring it. CONTEXT: {"gateway":"woocommerce_payments_afterpay_clearpay","country":""}
2026-02-19T10:40:20+00:00 DEBUG Received invalid country code when getting provider links. Ignoring it. CONTEXT: {"gateway":"woocommerce_payments_klarna","country":""}
2026-02-19T10:40:20+00:00 DEBUG Received invalid country code when getting provider links. Ignoring it. CONTEXT: {"gateway":"woocommerce_payments_multibanco","country":""}
2026-02-19T10:40:20+00:00 DEBUG Received invalid country code when getting provider links. Ignoring it. CONTEXT: {"gateway":"woocommerce_payments_grabpay","country":""}
2026-02-19T10:40:20+00:00 DEBUG Received invalid country code when getting provider links. Ignoring it. CONTEXT: {"gateway":"woocommerce_payments_alipay","country":""}
2026-02-19T10:40:20+00:00 DEBUG Received invalid country code when getting provider links. Ignoring it. CONTEXT: {"gateway":"woocommerce_payments_wechat_pay","country":""}
2026-02-19T10:40:20+00:00 DEBUG Received invalid country code when getting provider links. Ignoring it. CONTEXT: {"gateway":"bacs","country":""}
2026-02-19T10:40:20+00:00 DEBUG Received invalid country code when getting provider links. Ignoring it. CONTEXT: {"gateway":"cheque","country":""}
2026-02-19T10:40:20+00:00 DEBUG Received invalid country code when getting provider links. Ignoring it. CONTEXT: {"gateway":"cod","country":""}
2026-02-19T10:40:20+00:00 DEBUG Received invalid country code when getting provider links. Ignoring it. CONTEXT: {"gateway":"ppcp-gateway","country":""}
2026-02-19T10:40:20+00:00 DEBUG Received invalid country code when getting provider links. Ignoring it. CONTEXT: {"gateway":"woocommerce_payments_bancontact","country":""}
2026-02-19T10:40:20+00:00 DEBUG Received invalid country code when getting provider links. Ignoring it. CONTEXT: {"gateway":"woocommerce_payments_sepa_debit","country":""}
2026-02-19T10:40:20+00:00 DEBUG Received invalid country code when getting provider links. Ignoring it. CONTEXT: {"gateway":"woocommerce_payments_giropay","country":""}
2026-02-19T10:40:20+00:00 DEBUG Received invalid country code when getting provider links. Ignoring it. CONTEXT: {"gateway":"woocommerce_payments_sofort","country":""}
2026-02-19T10:40:20+00:00 DEBUG Received invalid country code when getting provider links. Ignoring it. CONTEXT: {"gateway":"woocommerce_payments_p24","country":""}
2026-02-19T10:40:20+00:00 DEBUG Received invalid country code when getting provider links. Ignoring it. CONTEXT: {"gateway":"woocommerce_payments_ideal","country":""}
2026-02-19T10:40:20+00:00 DEBUG Received invalid country code when getting provider links. Ignoring it. CONTEXT: {"gateway":"woocommerce_payments_au_becs_debit","country":""}
2026-02-19T10:40:20+00:00 DEBUG Received invalid country code when getting provider links. Ignoring it. CONTEXT: {"gateway":"woocommerce_payments_eps","country":""}
2026-02-19T10:40:20+00:00 DEBUG Received invalid country code when getting provider links. Ignoring it. CONTEXT: {"gateway":"woocommerce_payments_affirm","country":""}
2026-02-19T10:40:20+00:00 DEBUG Received invalid country code when getting provider links. Ignoring it. CONTEXT: {"gateway":"woocommerce_payments_afterpay_clearpay","country":""}
2026-02-19T10:40:20+00:00 DEBUG Received invalid country code when getting provider links. Ignoring it. CONTEXT: {"gateway":"woocommerce_payments_klarna","country":""}
2026-02-19T10:40:20+00:00 DEBUG Received invalid country code when getting provider links. Ignoring it. CONTEXT: {"gateway":"woocommerce_payments_multibanco","country":""}
2026-02-19T10:40:20+00:00 DEBUG Received invalid country code when getting provider links. Ignoring it. CONTEXT: {"gateway":"woocommerce_payments_grabpay","country":""}
2026-02-19T10:40:20+00:00 DEBUG Received invalid country code when getting provider links. Ignoring it. CONTEXT: {"gateway":"woocommerce_payments_alipay","country":""}
2026-02-19T10:40:20+00:00 DEBUG Received invalid country code when getting provider links. Ignoring it. CONTEXT: {"gateway":"woocommerce_payments_wechat_pay","country":""}
2026-02-19T10:59:04+00:00 DEBUG Received invalid country code when getting provider links. Ignoring it. CONTEXT: {"gateway":"woocommerce_payments","country":""}
2026-02-19T10:59:04+00:00 DEBUG Received invalid country code when getting provider links. Ignoring it. CONTEXT: {"gateway":"woocommerce_payments_bancontact","country":""}
2026-02-19T10:59:04+00:00 DEBUG Received invalid country code when getting provider links. Ignoring it. CONTEXT: {"gateway":"woocommerce_payments_sepa_debit","country":""}
2026-02-19T10:59:04+00:00 DEBUG Received invalid country code when getting provider links. Ignoring it. CONTEXT: {"gateway":"woocommerce_payments_giropay","country":""}
2026-02-19T10:59:04+00:00 DEBUG Received invalid country code when getting provider links. Ignoring it. CONTEXT: {"gateway":"woocommerce_payments_sofort","country":""}
2026-02-19T10:59:04+00:00 DEBUG Received invalid country code when getting provider links. Ignoring it. CONTEXT: {"gateway":"woocommerce_payments_p24","country":""}
2026-02-19T10:59:04+00:00 DEBUG Received invalid country code when getting provider links. Ignoring it. CONTEXT: {"gateway":"woocommerce_payments_ideal","country":""}
2026-02-19T10:59:04+00:00 DEBUG Received invalid country code when getting provider links. Ignoring it. CONTEXT: {"gateway":"woocommerce_payments_au_becs_debit","country":""}
2026-02-19T10:59:04+00:00 DEBUG Received invalid country code when getting provider links. Ignoring it. CONTEXT: {"gateway":"woocommerce_payments_eps","country":""}
2026-02-19T10:59:04+00:00 DEBUG Received invalid country code when getting provider links. Ignoring it. CONTEXT: {"gateway":"woocommerce_payments_affirm","country":""}
2026-02-19T10:59:04+00:00 DEBUG Received invalid country code when getting provider links. Ignoring it. CONTEXT: {"gateway":"woocommerce_payments_afterpay_clearpay","country":""}
2026-02-19T10:59:04+00:00 DEBUG Received invalid country code when getting provider links. Ignoring it. CONTEXT: {"gateway":"woocommerce_payments_klarna","country":""}
2026-02-19T10:59:04+00:00 DEBUG Received invalid country code when getting provider links. Ignoring it. CONTEXT: {"gateway":"woocommerce_payments_multibanco","country":""}
2026-02-19T10:59:04+00:00 DEBUG Received invalid country code when getting provider links. Ignoring it. CONTEXT: {"gateway":"woocommerce_payments_grabpay","country":""}
2026-02-19T10:59:04+00:00 DEBUG Received invalid country code when getting provider links. Ignoring it. CONTEXT: {"gateway":"woocommerce_payments_alipay","country":""}
2026-02-19T10:59:04+00:00 DEBUG Received invalid country code when getting provider links. Ignoring it. CONTEXT: {"gateway":"woocommerce_payments_wechat_pay","country":""}
2026-02-19T10:59:04+00:00 DEBUG Received invalid country code when getting provider links. Ignoring it. CONTEXT: {"gateway":"bacs","country":""}
2026-02-19T10:59:04+00:00 DEBUG Received invalid country code when getting provider links. Ignoring it. CONTEXT: {"gateway":"cheque","country":""}
2026-02-19T10:59:04+00:00 DEBUG Received invalid country code when getting provider links. Ignoring it. CONTEXT: {"gateway":"cod","country":""}
2026-02-19T10:59:04+00:00 DEBUG Received invalid country code when getting provider links. Ignoring it. CONTEXT: {"gateway":"ppcp-gateway","country":""}
2026-02-19T10:59:04+00:00 DEBUG Received invalid country code when getting provider links. Ignoring it. CONTEXT: {"gateway":"woocommerce_payments_bancontact","country":""}
2026-02-19T10:59:04+00:00 DEBUG Received invalid country code when getting provider links. Ignoring it. CONTEXT: {"gateway":"woocommerce_payments_sepa_debit","country":""}
2026-02-19T10:59:04+00:00 DEBUG Received invalid country code when getting provider links. Ignoring it. CONTEXT: {"gateway":"woocommerce_payments_giropay","country":""}
2026-02-19T10:59:04+00:00 DEBUG Received invalid country code when getting provider links. Ignoring it. CONTEXT: {"gateway":"woocommerce_payments_sofort","country":""}
2026-02-19T10:59:04+00:00 DEBUG Received invalid country code when getting provider links. Ignoring it. CONTEXT: {"gateway":"woocommerce_payments_p24","country":""}
2026-02-19T10:59:04+00:00 DEBUG Received invalid country code when getting provider links. Ignoring it. CONTEXT: {"gateway":"woocommerce_payments_ideal","country":""}
2026-02-19T10:59:04+00:00 DEBUG Received invalid country code when getting provider links. Ignoring it. CONTEXT: {"gateway":"woocommerce_payments_au_becs_debit","country":""}
2026-02-19T10:59:04+00:00 DEBUG Received invalid country code when getting provider links. Ignoring it. CONTEXT: {"gateway":"woocommerce_payments_eps","country":""}
2026-02-19T10:59:04+00:00 DEBUG Received invalid country code when getting provider links. Ignoring it. CONTEXT: {"gateway":"woocommerce_payments_affirm","country":""}
2026-02-19T10:59:04+00:00 DEBUG Received invalid country code when getting provider links. Ignoring it. CONTEXT: {"gateway":"woocommerce_payments_afterpay_clearpay","country":""}
2026-02-19T10:59:04+00:00 DEBUG Received invalid country code when getting provider links. Ignoring it. CONTEXT: {"gateway":"woocommerce_payments_klarna","country":""}
2026-02-19T10:59:04+00:00 DEBUG Received invalid country code when getting provider links. Ignoring it. CONTEXT: {"gateway":"woocommerce_payments_multibanco","country":""}
2026-02-19T10:59:04+00:00 DEBUG Received invalid country code when getting provider links. Ignoring it. CONTEXT: {"gateway":"woocommerce_payments_grabpay","country":""}
2026-02-19T10:59:04+00:00 DEBUG Received invalid country code when getting provider links. Ignoring it. CONTEXT: {"gateway":"woocommerce_payments_alipay","country":""}
2026-02-19T10:59:04+00:00 DEBUG Received invalid country code when getting provider links. Ignoring it. CONTEXT: {"gateway":"woocommerce_payments_wechat_pay","country":""}
2026-02-19T15:13:17+00:00 DEBUG Received invalid country code when getting provider links. Ignoring it. CONTEXT: {"gateway":"woocommerce_payments","country":""}
2026-02-19T15:13:17+00:00 DEBUG Received invalid country code when getting provider links. Ignoring it. CONTEXT: {"gateway":"woocommerce_payments_bancontact","country":""}
2026-02-19T15:13:17+00:00 DEBUG Received invalid country code when getting provider links. Ignoring it. CONTEXT: {"gateway":"woocommerce_payments_sepa_debit","country":""}
2026-02-19T15:13:17+00:00 DEBUG Received invalid country code when getting provider links. Ignoring it. CONTEXT: {"gateway":"woocommerce_payments_giropay","country":""}
2026-02-19T15:13:17+00:00 DEBUG Received invalid country code when getting provider links. Ignoring it. CONTEXT: {"gateway":"woocommerce_payments_sofort","country":""}
2026-02-19T15:13:17+00:00 DEBUG Received invalid country code when getting provider links. Ignoring it. CONTEXT: {"gateway":"woocommerce_payments_p24","country":""}
2026-02-19T15:13:17+00:00 DEBUG Received invalid country code when getting provider links. Ignoring it. CONTEXT: {"gateway":"woocommerce_payments_ideal","country":""}
2026-02-19T15:13:17+00:00 DEBUG Received invalid country code when getting provider links. Ignoring it. CONTEXT: {"gateway":"woocommerce_payments_au_becs_debit","country":""}
2026-02-19T15:13:17+00:00 DEBUG Received invalid country code when getting provider links. Ignoring it. CONTEXT: {"gateway":"woocommerce_payments_eps","country":""}
2026-02-19T15:13:17+00:00 DEBUG Received invalid country code when getting provider links. Ignoring it. CONTEXT: {"gateway":"woocommerce_payments_affirm","country":""}
2026-02-19T15:13:17+00:00 DEBUG Received invalid country code when getting provider links. Ignoring it. CONTEXT: {"gateway":"woocommerce_payments_afterpay_clearpay","country":""}
2026-02-19T15:13:17+00:00 DEBUG Received invalid country code when getting provider links. Ignoring it. CONTEXT: {"gateway":"woocommerce_payments_klarna","country":""}
2026-02-19T15:13:17+00:00 DEBUG Received invalid country code when getting provider links. Ignoring it. CONTEXT: {"gateway":"woocommerce_payments_multibanco","country":""}
2026-02-19T15:13:17+00:00 DEBUG Received invalid country code when getting provider links. Ignoring it. CONTEXT: {"gateway":"woocommerce_payments_grabpay","country":""}
2026-02-19T15:13:17+00:00 DEBUG Received invalid country code when getting provider links. Ignoring it. CONTEXT: {"gateway":"woocommerce_payments_alipay","country":""}
2026-02-19T15:13:17+00:00 DEBUG Received invalid country code when getting provider links. Ignoring it. CONTEXT: {"gateway":"woocommerce_payments_wechat_pay","country":""}
2026-02-19T15:13:17+00:00 DEBUG Received invalid country code when getting provider links. Ignoring it. CONTEXT: {"gateway":"bacs","country":""}
2026-02-19T15:13:17+00:00 DEBUG Received invalid country code when getting provider links. Ignoring it. CONTEXT: {"gateway":"cheque","country":""}
2026-02-19T15:13:17+00:00 DEBUG Received invalid country code when getting provider links. Ignoring it. CONTEXT: {"gateway":"cod","country":""}
2026-02-19T15:13:17+00:00 DEBUG Received invalid country code when getting provider links. Ignoring it. CONTEXT: {"gateway":"ppcp-gateway","country":""}
2026-02-19T15:13:17+00:00 DEBUG Received invalid country code when getting provider links. Ignoring it. CONTEXT: {"gateway":"woocommerce_payments_bancontact","country":""}
2026-02-19T15:13:17+00:00 DEBUG Received invalid country code when getting provider links. Ignoring it. CONTEXT: {"gateway":"woocommerce_payments_sepa_debit","country":""}
2026-02-19T15:13:17+00:00 DEBUG Received invalid country code when getting provider links. Ignoring it. CONTEXT: {"gateway":"woocommerce_payments_giropay","country":""}
2026-02-19T15:13:17+00:00 DEBUG Received invalid country code when getting provider links. Ignoring it. CONTEXT: {"gateway":"woocommerce_payments_sofort","country":""}
2026-02-19T15:13:17+00:00 DEBUG Received invalid country code when getting provider links. Ignoring it. CONTEXT: {"gateway":"woocommerce_payments_p24","country":""}
2026-02-19T15:13:17+00:00 DEBUG Received invalid country code when getting provider links. Ignoring it. CONTEXT: {"gateway":"woocommerce_payments_ideal","country":""}
2026-02-19T15:13:17+00:00 DEBUG Received invalid country code when getting provider links. Ignoring it. CONTEXT: {"gateway":"woocommerce_payments_au_becs_debit","country":""}
2026-02-19T15:13:17+00:00 DEBUG Received invalid country code when getting provider links. Ignoring it. CONTEXT: {"gateway":"woocommerce_payments_eps","country":""}
2026-02-19T15:13:17+00:00 DEBUG Received invalid country code when getting provider links. Ignoring it. CONTEXT: {"gateway":"woocommerce_payments_affirm","country":""}
2026-02-19T15:13:17+00:00 DEBUG Received invalid country code when getting provider links. Ignoring it. CONTEXT: {"gateway":"woocommerce_payments_afterpay_clearpay","country":""}
2026-02-19T15:13:17+00:00 DEBUG Received invalid country code when getting provider links. Ignoring it. CONTEXT: {"gateway":"woocommerce_payments_klarna","country":""}
2026-02-19T15:13:17+00:00 DEBUG Received invalid country code when getting provider links. Ignoring it. CONTEXT: {"gateway":"woocommerce_payments_multibanco","country":""}
2026-02-19T15:13:17+00:00 DEBUG Received invalid country code when getting provider links. Ignoring it. CONTEXT: {"gateway":"woocommerce_payments_grabpay","country":""}
2026-02-19T15:13:17+00:00 DEBUG Received invalid country code when getting provider links. Ignoring it. CONTEXT: {"gateway":"woocommerce_payments_alipay","country":""}
2026-02-19T15:13:17+00:00 DEBUG Received invalid country code when getting provider links. Ignoring it. CONTEXT: {"gateway":"woocommerce_payments_wechat_pay","country":""}
2026-02-19T15:17:46+00:00 DEBUG Received invalid country code when getting provider links. Ignoring it. CONTEXT: {"gateway":"woocommerce_payments","country":""}
2026-02-19T15:17:46+00:00 DEBUG Received invalid country code when getting provider links. Ignoring it. CONTEXT: {"gateway":"woocommerce_payments_bancontact","country":""}
2026-02-19T15:17:46+00:00 DEBUG Received invalid country code when getting provider links. Ignoring it. CONTEXT: {"gateway":"woocommerce_payments_sepa_debit","country":""}
2026-02-19T15:17:46+00:00 DEBUG Received invalid country code when getting provider links. Ignoring it. CONTEXT: {"gateway":"woocommerce_payments_giropay","country":""}
2026-02-19T15:17:46+00:00 DEBUG Received invalid country code when getting provider links. Ignoring it. CONTEXT: {"gateway":"woocommerce_payments_sofort","country":""}
2026-02-19T15:17:46+00:00 DEBUG Received invalid country code when getting provider links. Ignoring it. CONTEXT: {"gateway":"woocommerce_payments_p24","country":""}
2026-02-19T15:17:46+00:00 DEBUG Received invalid country code when getting provider links. Ignoring it. CONTEXT: {"gateway":"woocommerce_payments_ideal","country":""}
2026-02-19T15:17:46+00:00 DEBUG Received invalid country code when getting provider links. Ignoring it. CONTEXT: {"gateway":"woocommerce_payments_au_becs_debit","country":""}
2026-02-19T15:17:46+00:00 DEBUG Received invalid country code when getting provider links. Ignoring it. CONTEXT: {"gateway":"woocommerce_payments_eps","country":""}
2026-02-19T15:17:46+00:00 DEBUG Received invalid country code when getting provider links. Ignoring it. CONTEXT: {"gateway":"woocommerce_payments_affirm","country":""}
2026-02-19T15:17:46+00:00 DEBUG Received invalid country code when getting provider links. Ignoring it. CONTEXT: {"gateway":"woocommerce_payments_afterpay_clearpay","country":""}
2026-02-19T15:17:46+00:00 DEBUG Received invalid country code when getting provider links. Ignoring it. CONTEXT: {"gateway":"woocommerce_payments_klarna","country":""}
2026-02-19T15:17:46+00:00 DEBUG Received invalid country code when getting provider links. Ignoring it. CONTEXT: {"gateway":"woocommerce_payments_multibanco","country":""}
2026-02-19T15:17:46+00:00 DEBUG Received invalid country code when getting provider links. Ignoring it. CONTEXT: {"gateway":"woocommerce_payments_grabpay","country":""}
2026-02-19T15:17:46+00:00 DEBUG Received invalid country code when getting provider links. Ignoring it. CONTEXT: {"gateway":"woocommerce_payments_alipay","country":""}
2026-02-19T15:17:46+00:00 DEBUG Received invalid country code when getting provider links. Ignoring it. CONTEXT: {"gateway":"woocommerce_payments_wechat_pay","country":""}
2026-02-19T15:17:46+00:00 DEBUG Received invalid country code when getting provider links. Ignoring it. CONTEXT: {"gateway":"bacs","country":""}
2026-02-19T15:17:46+00:00 DEBUG Received invalid country code when getting provider links. Ignoring it. CONTEXT: {"gateway":"cheque","country":""}
2026-02-19T15:17:46+00:00 DEBUG Received invalid country code when getting provider links. Ignoring it. CONTEXT: {"gateway":"cod","country":""}
2026-02-19T15:17:46+00:00 DEBUG Received invalid country code when getting provider links. Ignoring it. CONTEXT: {"gateway":"ppcp-gateway","country":""}
2026-02-19T15:17:46+00:00 DEBUG Received invalid country code when getting provider links. Ignoring it. CONTEXT: {"gateway":"woocommerce_payments_bancontact","country":""}
2026-02-19T15:17:46+00:00 DEBUG Received invalid country code when getting provider links. Ignoring it. CONTEXT: {"gateway":"woocommerce_payments_sepa_debit","country":""}
2026-02-19T15:17:46+00:00 DEBUG Received invalid country code when getting provider links. Ignoring it. CONTEXT: {"gateway":"woocommerce_payments_giropay","country":""}
2026-02-19T15:17:46+00:00 DEBUG Received invalid country code when getting provider links. Ignoring it. CONTEXT: {"gateway":"woocommerce_payments_sofort","country":""}
2026-02-19T15:17:46+00:00 DEBUG Received invalid country code when getting provider links. Ignoring it. CONTEXT: {"gateway":"woocommerce_payments_p24","country":""}
2026-02-19T15:17:46+00:00 DEBUG Received invalid country code when getting provider links. Ignoring it. CONTEXT: {"gateway":"woocommerce_payments_ideal","country":""}
2026-02-19T15:17:46+00:00 DEBUG Received invalid country code when getting provider links. Ignoring it. CONTEXT: {"gateway":"woocommerce_payments_au_becs_debit","country":""}
2026-02-19T15:17:46+00:00 DEBUG Received invalid country code when getting provider links. Ignoring it. CONTEXT: {"gateway":"woocommerce_payments_eps","country":""}
2026-02-19T15:17:46+00:00 DEBUG Received invalid country code when getting provider links. Ignoring it. CONTEXT: {"gateway":"woocommerce_payments_affirm","country":""}
2026-02-19T15:17:46+00:00 DEBUG Received invalid country code when getting provider links. Ignoring it. CONTEXT: {"gateway":"woocommerce_payments_afterpay_clearpay","country":""}
2026-02-19T15:17:46+00:00 DEBUG Received invalid country code when getting provider links. Ignoring it. CONTEXT: {"gateway":"woocommerce_payments_klarna","country":""}
2026-02-19T15:17:46+00:00 DEBUG Received invalid country code when getting provider links. Ignoring it. CONTEXT: {"gateway":"woocommerce_payments_multibanco","country":""}
2026-02-19T15:17:46+00:00 DEBUG Received invalid country code when getting provider links. Ignoring it. CONTEXT: {"gateway":"woocommerce_payments_grabpay","country":""}
2026-02-19T15:17:46+00:00 DEBUG Received invalid country code when getting provider links. Ignoring it. CONTEXT: {"gateway":"woocommerce_payments_alipay","country":""}
2026-02-19T15:17:46+00:00 DEBUG Received invalid country code when getting provider links. Ignoring it. CONTEXT: {"gateway":"woocommerce_payments_wechat_pay","country":""}
2026-02-19T15:26:06+00:00 DEBUG Received invalid country code when getting provider links. Ignoring it. CONTEXT: {"gateway":"woocommerce_payments","country":""}
2026-02-19T15:26:07+00:00 DEBUG Received invalid country code when getting provider links. Ignoring it. CONTEXT: {"gateway":"woocommerce_payments_bancontact","country":""}
2026-02-19T15:26:07+00:00 DEBUG Received invalid country code when getting provider links. Ignoring it. CONTEXT: {"gateway":"woocommerce_payments_sepa_debit","country":""}
2026-02-19T15:26:07+00:00 DEBUG Received invalid country code when getting provider links. Ignoring it. CONTEXT: {"gateway":"woocommerce_payments_giropay","country":""}
2026-02-19T15:26:07+00:00 DEBUG Received invalid country code when getting provider links. Ignoring it. CONTEXT: {"gateway":"woocommerce_payments_sofort","country":""}
2026-02-19T15:26:07+00:00 DEBUG Received invalid country code when getting provider links. Ignoring it. CONTEXT: {"gateway":"woocommerce_payments_p24","country":""}
2026-02-19T15:26:07+00:00 DEBUG Received invalid country code when getting provider links. Ignoring it. CONTEXT: {"gateway":"woocommerce_payments_ideal","country":""}
2026-02-19T15:26:07+00:00 DEBUG Received invalid country code when getting provider links. Ignoring it. CONTEXT: {"gateway":"woocommerce_payments_au_becs_debit","country":""}
2026-02-19T15:26:07+00:00 DEBUG Received invalid country code when getting provider links. Ignoring it. CONTEXT: {"gateway":"woocommerce_payments_eps","country":""}
2026-02-19T15:26:07+00:00 DEBUG Received invalid country code when getting provider links. Ignoring it. CONTEXT: {"gateway":"woocommerce_payments_affirm","country":""}
2026-02-19T15:26:07+00:00 DEBUG Received invalid country code when getting provider links. Ignoring it. CONTEXT: {"gateway":"woocommerce_payments_afterpay_clearpay","country":""}
2026-02-19T15:26:07+00:00 DEBUG Received invalid country code when getting provider links. Ignoring it. CONTEXT: {"gateway":"woocommerce_payments_klarna","country":""}
2026-02-19T15:26:07+00:00 DEBUG Received invalid country code when getting provider links. Ignoring it. CONTEXT: {"gateway":"woocommerce_payments_multibanco","country":""}
2026-02-19T15:26:07+00:00 DEBUG Received invalid country code when getting provider links. Ignoring it. CONTEXT: {"gateway":"woocommerce_payments_grabpay","country":""}
2026-02-19T15:26:07+00:00 DEBUG Received invalid country code when getting provider links. Ignoring it. CONTEXT: {"gateway":"woocommerce_payments_alipay","country":""}
2026-02-19T15:26:07+00:00 DEBUG Received invalid country code when getting provider links. Ignoring it. CONTEXT: {"gateway":"woocommerce_payments_wechat_pay","country":""}
2026-02-19T15:26:07+00:00 DEBUG Received invalid country code when getting provider links. Ignoring it. CONTEXT: {"gateway":"bacs","country":""}
2026-02-19T15:26:07+00:00 DEBUG Received invalid country code when getting provider links. Ignoring it. CONTEXT: {"gateway":"cheque","country":""}
2026-02-19T15:26:07+00:00 DEBUG Received invalid country code when getting provider links. Ignoring it. CONTEXT: {"gateway":"cod","country":""}
2026-02-19T15:26:07+00:00 DEBUG Received invalid country code when getting provider links. Ignoring it. CONTEXT: {"gateway":"ppcp-gateway","country":""}
2026-02-19T15:26:07+00:00 DEBUG Received invalid country code when getting provider links. Ignoring it. CONTEXT: {"gateway":"woocommerce_payments_bancontact","country":""}
2026-02-19T15:26:07+00:00 DEBUG Received invalid country code when getting provider links. Ignoring it. CONTEXT: {"gateway":"woocommerce_payments_sepa_debit","country":""}
2026-02-19T15:26:07+00:00 DEBUG Received invalid country code when getting provider links. Ignoring it. CONTEXT: {"gateway":"woocommerce_payments_giropay","country":""}
2026-02-19T15:26:07+00:00 DEBUG Received invalid country code when getting provider links. Ignoring it. CONTEXT: {"gateway":"woocommerce_payments_sofort","country":""}
2026-02-19T15:26:07+00:00 DEBUG Received invalid country code when getting provider links. Ignoring it. CONTEXT: {"gateway":"woocommerce_payments_p24","country":""}
2026-02-19T15:26:07+00:00 DEBUG Received invalid country code when getting provider links. Ignoring it. CONTEXT: {"gateway":"woocommerce_payments_ideal","country":""}
2026-02-19T15:26:07+00:00 DEBUG Received invalid country code when getting provider links. Ignoring it. CONTEXT: {"gateway":"woocommerce_payments_au_becs_debit","country":""}
2026-02-19T15:26:07+00:00 DEBUG Received invalid country code when getting provider links. Ignoring it. CONTEXT: {"gateway":"woocommerce_payments_eps","country":""}
2026-02-19T15:26:07+00:00 DEBUG Received invalid country code when getting provider links. Ignoring it. CONTEXT: {"gateway":"woocommerce_payments_affirm","country":""}
2026-02-19T15:26:07+00:00 DEBUG Received invalid country code when getting provider links. Ignoring it. CONTEXT: {"gateway":"woocommerce_payments_afterpay_clearpay","country":""}
2026-02-19T15:26:07+00:00 DEBUG Received invalid country code when getting provider links. Ignoring it. CONTEXT: {"gateway":"woocommerce_payments_klarna","country":""}
2026-02-19T15:26:07+00:00 DEBUG Received invalid country code when getting provider links. Ignoring it. CONTEXT: {"gateway":"woocommerce_payments_multibanco","country":""}
2026-02-19T15:26:07+00:00 DEBUG Received invalid country code when getting provider links. Ignoring it. CONTEXT: {"gateway":"woocommerce_payments_grabpay","country":""}
2026-02-19T15:26:07+00:00 DEBUG Received invalid country code when getting provider links. Ignoring it. CONTEXT: {"gateway":"woocommerce_payments_alipay","country":""}
2026-02-19T15:26:07+00:00 DEBUG Received invalid country code when getting provider links. Ignoring it. CONTEXT: {"gateway":"woocommerce_payments_wechat_pay","country":""}
2026-02-19T15:27:16+00:00 DEBUG Received invalid country code when getting provider links. Ignoring it. CONTEXT: {"gateway":"woocommerce_payments","country":""}
2026-02-19T15:27:16+00:00 DEBUG Received invalid country code when getting provider links. Ignoring it. CONTEXT: {"gateway":"woocommerce_payments_bancontact","country":""}
2026-02-19T15:27:16+00:00 DEBUG Received invalid country code when getting provider links. Ignoring it. CONTEXT: {"gateway":"woocommerce_payments_sepa_debit","country":""}
2026-02-19T15:27:16+00:00 DEBUG Received invalid country code when getting provider links. Ignoring it. CONTEXT: {"gateway":"woocommerce_payments_giropay","country":""}
2026-02-19T15:27:16+00:00 DEBUG Received invalid country code when getting provider links. Ignoring it. CONTEXT: {"gateway":"woocommerce_payments_sofort","country":""}
2026-02-19T15:27:16+00:00 DEBUG Received invalid country code when getting provider links. Ignoring it. CONTEXT: {"gateway":"woocommerce_payments_p24","country":""}
2026-02-19T15:27:16+00:00 DEBUG Received invalid country code when getting provider links. Ignoring it. CONTEXT: {"gateway":"woocommerce_payments_ideal","country":""}
2026-02-19T15:27:16+00:00 DEBUG Received invalid country code when getting provider links. Ignoring it. CONTEXT: {"gateway":"woocommerce_payments_au_becs_debit","country":""}
2026-02-19T15:27:16+00:00 DEBUG Received invalid country code when getting provider links. Ignoring it. CONTEXT: {"gateway":"woocommerce_payments_eps","country":""}
2026-02-19T15:27:16+00:00 DEBUG Received invalid country code when getting provider links. Ignoring it. CONTEXT: {"gateway":"woocommerce_payments_affirm","country":""}
2026-02-19T15:27:16+00:00 DEBUG Received invalid country code when getting provider links. Ignoring it. CONTEXT: {"gateway":"woocommerce_payments_afterpay_clearpay","country":""}
2026-02-19T15:27:16+00:00 DEBUG Received invalid country code when getting provider links. Ignoring it. CONTEXT: {"gateway":"woocommerce_payments_klarna","country":""}
2026-02-19T15:27:16+00:00 DEBUG Received invalid country code when getting provider links. Ignoring it. CONTEXT: {"gateway":"woocommerce_payments_multibanco","country":""}
2026-02-19T15:27:16+00:00 DEBUG Received invalid country code when getting provider links. Ignoring it. CONTEXT: {"gateway":"woocommerce_payments_grabpay","country":""}
2026-02-19T15:27:16+00:00 DEBUG Received invalid country code when getting provider links. Ignoring it. CONTEXT: {"gateway":"woocommerce_payments_alipay","country":""}
2026-02-19T15:27:16+00:00 DEBUG Received invalid country code when getting provider links. Ignoring it. CONTEXT: {"gateway":"woocommerce_payments_wechat_pay","country":""}
2026-02-19T15:27:16+00:00 DEBUG Received invalid country code when getting provider links. Ignoring it. CONTEXT: {"gateway":"bacs","country":""}
2026-02-19T15:27:16+00:00 DEBUG Received invalid country code when getting provider links. Ignoring it. CONTEXT: {"gateway":"cheque","country":""}
2026-02-19T15:27:16+00:00 DEBUG Received invalid country code when getting provider links. Ignoring it. CONTEXT: {"gateway":"cod","country":""}
2026-02-19T15:27:16+00:00 DEBUG Received invalid country code when getting provider links. Ignoring it. CONTEXT: {"gateway":"ppcp-gateway","country":""}
2026-02-19T15:27:16+00:00 DEBUG Received invalid country code when getting provider links. Ignoring it. CONTEXT: {"gateway":"woocommerce_payments_bancontact","country":""}
2026-02-19T15:27:16+00:00 DEBUG Received invalid country code when getting provider links. Ignoring it. CONTEXT: {"gateway":"woocommerce_payments_sepa_debit","country":""}
2026-02-19T15:27:16+00:00 DEBUG Received invalid country code when getting provider links. Ignoring it. CONTEXT: {"gateway":"woocommerce_payments_giropay","country":""}
2026-02-19T15:27:16+00:00 DEBUG Received invalid country code when getting provider links. Ignoring it. CONTEXT: {"gateway":"woocommerce_payments_sofort","country":""}
2026-02-19T15:27:16+00:00 DEBUG Received invalid country code when getting provider links. Ignoring it. CONTEXT: {"gateway":"woocommerce_payments_p24","country":""}
2026-02-19T15:27:16+00:00 DEBUG Received invalid country code when getting provider links. Ignoring it. CONTEXT: {"gateway":"woocommerce_payments_ideal","country":""}
2026-02-19T15:27:16+00:00 DEBUG Received invalid country code when getting provider links. Ignoring it. CONTEXT: {"gateway":"woocommerce_payments_au_becs_debit","country":""}
2026-02-19T15:27:16+00:00 DEBUG Received invalid country code when getting provider links. Ignoring it. CONTEXT: {"gateway":"woocommerce_payments_eps","country":""}
2026-02-19T15:27:16+00:00 DEBUG Received invalid country code when getting provider links. Ignoring it. CONTEXT: {"gateway":"woocommerce_payments_affirm","country":""}
2026-02-19T15:27:16+00:00 DEBUG Received invalid country code when getting provider links. Ignoring it. CONTEXT: {"gateway":"woocommerce_payments_afterpay_clearpay","country":""}
2026-02-19T15:27:16+00:00 DEBUG Received invalid country code when getting provider links. Ignoring it. CONTEXT: {"gateway":"woocommerce_payments_klarna","country":""}
2026-02-19T15:27:16+00:00 DEBUG Received invalid country code when getting provider links. Ignoring it. CONTEXT: {"gateway":"woocommerce_payments_multibanco","country":""}
2026-02-19T15:27:16+00:00 DEBUG Received invalid country code when getting provider links. Ignoring it. CONTEXT: {"gateway":"woocommerce_payments_grabpay","country":""}
2026-02-19T15:27:16+00:00 DEBUG Received invalid country code when getting provider links. Ignoring it. CONTEXT: {"gateway":"woocommerce_payments_alipay","country":""}
2026-02-19T15:27:16+00:00 DEBUG Received invalid country code when getting provider links. Ignoring it. CONTEXT: {"gateway":"woocommerce_payments_wechat_pay","country":""}
2026-02-19T15:29:02+00:00 DEBUG Received invalid country code when getting provider links. Ignoring it. CONTEXT: {"gateway":"woocommerce_payments","country":""}
2026-02-19T15:29:02+00:00 DEBUG Received invalid country code when getting provider links. Ignoring it. CONTEXT: {"gateway":"woocommerce_payments_bancontact","country":""}
2026-02-19T15:29:02+00:00 DEBUG Received invalid country code when getting provider links. Ignoring it. CONTEXT: {"gateway":"woocommerce_payments_sepa_debit","country":""}
2026-02-19T15:29:02+00:00 DEBUG Received invalid country code when getting provider links. Ignoring it. CONTEXT: {"gateway":"woocommerce_payments_giropay","country":""}
2026-02-19T15:29:02+00:00 DEBUG Received invalid country code when getting provider links. Ignoring it. CONTEXT: {"gateway":"woocommerce_payments_sofort","country":""}
2026-02-19T15:29:02+00:00 DEBUG Received invalid country code when getting provider links. Ignoring it. CONTEXT: {"gateway":"woocommerce_payments_p24","country":""}
2026-02-19T15:29:02+00:00 DEBUG Received invalid country code when getting provider links. Ignoring it. CONTEXT: {"gateway":"woocommerce_payments_ideal","country":""}
2026-02-19T15:29:02+00:00 DEBUG Received invalid country code when getting provider links. Ignoring it. CONTEXT: {"gateway":"woocommerce_payments_au_becs_debit","country":""}
2026-02-19T15:29:02+00:00 DEBUG Received invalid country code when getting provider links. Ignoring it. CONTEXT: {"gateway":"woocommerce_payments_eps","country":""}
2026-02-19T15:29:02+00:00 DEBUG Received invalid country code when getting provider links. Ignoring it. CONTEXT: {"gateway":"woocommerce_payments_affirm","country":""}
2026-02-19T15:29:02+00:00 DEBUG Received invalid country code when getting provider links. Ignoring it. CONTEXT: {"gateway":"woocommerce_payments_afterpay_clearpay","country":""}
2026-02-19T15:29:02+00:00 DEBUG Received invalid country code when getting provider links. Ignoring it. CONTEXT: {"gateway":"woocommerce_payments_klarna","country":""}
2026-02-19T15:29:02+00:00 DEBUG Received invalid country code when getting provider links. Ignoring it. CONTEXT: {"gateway":"woocommerce_payments_multibanco","country":""}
2026-02-19T15:29:02+00:00 DEBUG Received invalid country code when getting provider links. Ignoring it. CONTEXT: {"gateway":"woocommerce_payments_grabpay","country":""}
2026-02-19T15:29:02+00:00 DEBUG Received invalid country code when getting provider links. Ignoring it. CONTEXT: {"gateway":"woocommerce_payments_alipay","country":""}
2026-02-19T15:29:02+00:00 DEBUG Received invalid country code when getting provider links. Ignoring it. CONTEXT: {"gateway":"woocommerce_payments_wechat_pay","country":""}
2026-02-19T15:29:02+00:00 DEBUG Received invalid country code when getting provider links. Ignoring it. CONTEXT: {"gateway":"bacs","country":""}
2026-02-19T15:29:02+00:00 DEBUG Received invalid country code when getting provider links. Ignoring it. CONTEXT: {"gateway":"cheque","country":""}
2026-02-19T15:29:02+00:00 DEBUG Received invalid country code when getting provider links. Ignoring it. CONTEXT: {"gateway":"cod","country":""}
2026-02-19T15:29:02+00:00 DEBUG Received invalid country code when getting provider links. Ignoring it. CONTEXT: {"gateway":"ppcp-gateway","country":""}
2026-02-19T15:29:02+00:00 DEBUG Received invalid country code when getting provider links. Ignoring it. CONTEXT: {"gateway":"woocommerce_payments_bancontact","country":""}
2026-02-19T15:29:02+00:00 DEBUG Received invalid country code when getting provider links. Ignoring it. CONTEXT: {"gateway":"woocommerce_payments_sepa_debit","country":""}
2026-02-19T15:29:02+00:00 DEBUG Received invalid country code when getting provider links. Ignoring it. CONTEXT: {"gateway":"woocommerce_payments_giropay","country":""}
2026-02-19T15:29:02+00:00 DEBUG Received invalid country code when getting provider links. Ignoring it. CONTEXT: {"gateway":"woocommerce_payments_sofort","country":""}
2026-02-19T15:29:02+00:00 DEBUG Received invalid country code when getting provider links. Ignoring it. CONTEXT: {"gateway":"woocommerce_payments_p24","country":""}
2026-02-19T15:29:02+00:00 DEBUG Received invalid country code when getting provider links. Ignoring it. CONTEXT: {"gateway":"woocommerce_payments_ideal","country":""}
2026-02-19T15:29:02+00:00 DEBUG Received invalid country code when getting provider links. Ignoring it. CONTEXT: {"gateway":"woocommerce_payments_au_becs_debit","country":""}
2026-02-19T15:29:02+00:00 DEBUG Received invalid country code when getting provider links. Ignoring it. CONTEXT: {"gateway":"woocommerce_payments_eps","country":""}
2026-02-19T15:29:02+00:00 DEBUG Received invalid country code when getting provider links. Ignoring it. CONTEXT: {"gateway":"woocommerce_payments_affirm","country":""}
2026-02-19T15:29:02+00:00 DEBUG Received invalid country code when getting provider links. Ignoring it. CONTEXT: {"gateway":"woocommerce_payments_afterpay_clearpay","country":""}
2026-02-19T15:29:02+00:00 DEBUG Received invalid country code when getting provider links. Ignoring it. CONTEXT: {"gateway":"woocommerce_payments_klarna","country":""}
2026-02-19T15:29:02+00:00 DEBUG Received invalid country code when getting provider links. Ignoring it. CONTEXT: {"gateway":"woocommerce_payments_multibanco","country":""}
2026-02-19T15:29:02+00:00 DEBUG Received invalid country code when getting provider links. Ignoring it. CONTEXT: {"gateway":"woocommerce_payments_grabpay","country":""}
2026-02-19T15:29:02+00:00 DEBUG Received invalid country code when getting provider links. Ignoring it. CONTEXT: {"gateway":"woocommerce_payments_alipay","country":""}
2026-02-19T15:29:02+00:00 DEBUG Received invalid country code when getting provider links. Ignoring it. CONTEXT: {"gateway":"woocommerce_payments_wechat_pay","country":""}
2026-02-19T15:49:03+00:00 DEBUG Received invalid country code when getting provider links. Ignoring it. CONTEXT: {"gateway":"woocommerce_payments","country":""}
2026-02-19T15:49:03+00:00 DEBUG Received invalid country code when getting provider links. Ignoring it. CONTEXT: {"gateway":"woocommerce_payments_bancontact","country":""}
2026-02-19T15:49:03+00:00 DEBUG Received invalid country code when getting provider links. Ignoring it. CONTEXT: {"gateway":"woocommerce_payments_sepa_debit","country":""}
2026-02-19T15:49:03+00:00 DEBUG Received invalid country code when getting provider links. Ignoring it. CONTEXT: {"gateway":"woocommerce_payments_giropay","country":""}
2026-02-19T15:49:03+00:00 DEBUG Received invalid country code when getting provider links. Ignoring it. CONTEXT: {"gateway":"woocommerce_payments_sofort","country":""}
2026-02-19T15:49:03+00:00 DEBUG Received invalid country code when getting provider links. Ignoring it. CONTEXT: {"gateway":"woocommerce_payments_p24","country":""}
2026-02-19T15:49:03+00:00 DEBUG Received invalid country code when getting provider links. Ignoring it. CONTEXT: {"gateway":"woocommerce_payments_ideal","country":""}
2026-02-19T15:49:03+00:00 DEBUG Received invalid country code when getting provider links. Ignoring it. CONTEXT: {"gateway":"woocommerce_payments_au_becs_debit","country":""}
2026-02-19T15:49:03+00:00 DEBUG Received invalid country code when getting provider links. Ignoring it. CONTEXT: {"gateway":"woocommerce_payments_eps","country":""}
2026-02-19T15:49:03+00:00 DEBUG Received invalid country code when getting provider links. Ignoring it. CONTEXT: {"gateway":"woocommerce_payments_affirm","country":""}
2026-02-19T15:49:03+00:00 DEBUG Received invalid country code when getting provider links. Ignoring it. CONTEXT: {"gateway":"woocommerce_payments_afterpay_clearpay","country":""}
2026-02-19T15:49:03+00:00 DEBUG Received invalid country code when getting provider links. Ignoring it. CONTEXT: {"gateway":"woocommerce_payments_klarna","country":""}
2026-02-19T15:49:03+00:00 DEBUG Received invalid country code when getting provider links. Ignoring it. CONTEXT: {"gateway":"woocommerce_payments_multibanco","country":""}
2026-02-19T15:49:03+00:00 DEBUG Received invalid country code when getting provider links. Ignoring it. CONTEXT: {"gateway":"woocommerce_payments_grabpay","country":""}
2026-02-19T15:49:03+00:00 DEBUG Received invalid country code when getting provider links. Ignoring it. CONTEXT: {"gateway":"woocommerce_payments_alipay","country":""}
2026-02-19T15:49:03+00:00 DEBUG Received invalid country code when getting provider links. Ignoring it. CONTEXT: {"gateway":"woocommerce_payments_wechat_pay","country":""}
2026-02-19T15:49:03+00:00 DEBUG Received invalid country code when getting provider links. Ignoring it. CONTEXT: {"gateway":"bacs","country":""}
2026-02-19T15:49:03+00:00 DEBUG Received invalid country code when getting provider links. Ignoring it. CONTEXT: {"gateway":"cheque","country":""}
2026-02-19T15:49:03+00:00 DEBUG Received invalid country code when getting provider links. Ignoring it. CONTEXT: {"gateway":"cod","country":""}
2026-02-19T15:49:03+00:00 DEBUG Received invalid country code when getting provider links. Ignoring it. CONTEXT: {"gateway":"ppcp-gateway","country":""}
2026-02-19T15:49:03+00:00 DEBUG Received invalid country code when getting provider links. Ignoring it. CONTEXT: {"gateway":"woocommerce_payments_bancontact","country":""}
2026-02-19T15:49:03+00:00 DEBUG Received invalid country code when getting provider links. Ignoring it. CONTEXT: {"gateway":"woocommerce_payments_sepa_debit","country":""}
2026-02-19T15:49:03+00:00 DEBUG Received invalid country code when getting provider links. Ignoring it. CONTEXT: {"gateway":"woocommerce_payments_giropay","country":""}
2026-02-19T15:49:03+00:00 DEBUG Received invalid country code when getting provider links. Ignoring it. CONTEXT: {"gateway":"woocommerce_payments_sofort","country":""}
2026-02-19T15:49:03+00:00 DEBUG Received invalid country code when getting provider links. Ignoring it. CONTEXT: {"gateway":"woocommerce_payments_p24","country":""}
2026-02-19T15:49:03+00:00 DEBUG Received invalid country code when getting provider links. Ignoring it. CONTEXT: {"gateway":"woocommerce_payments_ideal","country":""}
2026-02-19T15:49:03+00:00 DEBUG Received invalid country code when getting provider links. Ignoring it. CONTEXT: {"gateway":"woocommerce_payments_au_becs_debit","country":""}
2026-02-19T15:49:03+00:00 DEBUG Received invalid country code when getting provider links. Ignoring it. CONTEXT: {"gateway":"woocommerce_payments_eps","country":""}
2026-02-19T15:49:03+00:00 DEBUG Received invalid country code when getting provider links. Ignoring it. CONTEXT: {"gateway":"woocommerce_payments_affirm","country":""}
2026-02-19T15:49:03+00:00 DEBUG Received invalid country code when getting provider links. Ignoring it. CONTEXT: {"gateway":"woocommerce_payments_afterpay_clearpay","country":""}
2026-02-19T15:49:03+00:00 DEBUG Received invalid country code when getting provider links. Ignoring it. CONTEXT: {"gateway":"woocommerce_payments_klarna","country":""}
2026-02-19T15:49:03+00:00 DEBUG Received invalid country code when getting provider links. Ignoring it. CONTEXT: {"gateway":"woocommerce_payments_multibanco","country":""}
2026-02-19T15:49:03+00:00 DEBUG Received invalid country code when getting provider links. Ignoring it. CONTEXT: {"gateway":"woocommerce_payments_grabpay","country":""}
2026-02-19T15:49:03+00:00 DEBUG Received invalid country code when getting provider links. Ignoring it. CONTEXT: {"gateway":"woocommerce_payments_alipay","country":""}
2026-02-19T15:49:03+00:00 DEBUG Received invalid country code when getting provider links. Ignoring it. CONTEXT: {"gateway":"woocommerce_payments_wechat_pay","country":""}
2026-02-19T15:50:46+00:00 DEBUG Received invalid country code when getting provider links. Ignoring it. CONTEXT: {"gateway":"woocommerce_payments","country":""}
2026-02-19T15:50:46+00:00 DEBUG Received invalid country code when getting provider links. Ignoring it. CONTEXT: {"gateway":"woocommerce_payments_bancontact","country":""}
2026-02-19T15:50:46+00:00 DEBUG Received invalid country code when getting provider links. Ignoring it. CONTEXT: {"gateway":"woocommerce_payments_sepa_debit","country":""}
2026-02-19T15:50:46+00:00 DEBUG Received invalid country code when getting provider links. Ignoring it. CONTEXT: {"gateway":"woocommerce_payments_giropay","country":""}
2026-02-19T15:50:46+00:00 DEBUG Received invalid country code when getting provider links. Ignoring it. CONTEXT: {"gateway":"woocommerce_payments_sofort","country":""}
2026-02-19T15:50:46+00:00 DEBUG Received invalid country code when getting provider links. Ignoring it. CONTEXT: {"gateway":"woocommerce_payments_p24","country":""}
2026-02-19T15:50:46+00:00 DEBUG Received invalid country code when getting provider links. Ignoring it. CONTEXT: {"gateway":"woocommerce_payments_ideal","country":""}
2026-02-19T15:50:46+00:00 DEBUG Received invalid country code when getting provider links. Ignoring it. CONTEXT: {"gateway":"woocommerce_payments_au_becs_debit","country":""}
2026-02-19T15:50:46+00:00 DEBUG Received invalid country code when getting provider links. Ignoring it. CONTEXT: {"gateway":"woocommerce_payments_eps","country":""}
2026-02-19T15:50:46+00:00 DEBUG Received invalid country code when getting provider links. Ignoring it. CONTEXT: {"gateway":"woocommerce_payments_affirm","country":""}
2026-02-19T15:50:46+00:00 DEBUG Received invalid country code when getting provider links. Ignoring it. CONTEXT: {"gateway":"woocommerce_payments_afterpay_clearpay","country":""}
2026-02-19T15:50:46+00:00 DEBUG Received invalid country code when getting provider links. Ignoring it. CONTEXT: {"gateway":"woocommerce_payments_klarna","country":""}
2026-02-19T15:50:46+00:00 DEBUG Received invalid country code when getting provider links. Ignoring it. CONTEXT: {"gateway":"woocommerce_payments_multibanco","country":""}
2026-02-19T15:50:46+00:00 DEBUG Received invalid country code when getting provider links. Ignoring it. CONTEXT: {"gateway":"woocommerce_payments_grabpay","country":""}
2026-02-19T15:50:46+00:00 DEBUG Received invalid country code when getting provider links. Ignoring it. CONTEXT: {"gateway":"woocommerce_payments_alipay","country":""}
2026-02-19T15:50:46+00:00 DEBUG Received invalid country code when getting provider links. Ignoring it. CONTEXT: {"gateway":"woocommerce_payments_wechat_pay","country":""}
2026-02-19T15:50:46+00:00 DEBUG Received invalid country code when getting provider links. Ignoring it. CONTEXT: {"gateway":"bacs","country":""}
2026-02-19T15:50:46+00:00 DEBUG Received invalid country code when getting provider links. Ignoring it. CONTEXT: {"gateway":"cheque","country":""}
2026-02-19T15:50:46+00:00 DEBUG Received invalid country code when getting provider links. Ignoring it. CONTEXT: {"gateway":"cod","country":""}
2026-02-19T15:50:46+00:00 DEBUG Received invalid country code when getting provider links. Ignoring it. CONTEXT: {"gateway":"ppcp-gateway","country":""}
2026-02-19T15:50:46+00:00 DEBUG Received invalid country code when getting provider links. Ignoring it. CONTEXT: {"gateway":"woocommerce_payments_bancontact","country":""}
2026-02-19T15:50:46+00:00 DEBUG Received invalid country code when getting provider links. Ignoring it. CONTEXT: {"gateway":"woocommerce_payments_sepa_debit","country":""}
2026-02-19T15:50:46+00:00 DEBUG Received invalid country code when getting provider links. Ignoring it. CONTEXT: {"gateway":"woocommerce_payments_giropay","country":""}
2026-02-19T15:50:46+00:00 DEBUG Received invalid country code when getting provider links. Ignoring it. CONTEXT: {"gateway":"woocommerce_payments_sofort","country":""}
2026-02-19T15:50:46+00:00 DEBUG Received invalid country code when getting provider links. Ignoring it. CONTEXT: {"gateway":"woocommerce_payments_p24","country":""}
2026-02-19T15:50:46+00:00 DEBUG Received invalid country code when getting provider links. Ignoring it. CONTEXT: {"gateway":"woocommerce_payments_ideal","country":""}
2026-02-19T15:50:46+00:00 DEBUG Received invalid country code when getting provider links. Ignoring it. CONTEXT: {"gateway":"woocommerce_payments_au_becs_debit","country":""}
2026-02-19T15:50:46+00:00 DEBUG Received invalid country code when getting provider links. Ignoring it. CONTEXT: {"gateway":"woocommerce_payments_eps","country":""}
2026-02-19T15:50:46+00:00 DEBUG Received invalid country code when getting provider links. Ignoring it. CONTEXT: {"gateway":"woocommerce_payments_affirm","country":""}
2026-02-19T15:50:46+00:00 DEBUG Received invalid country code when getting provider links. Ignoring it. CONTEXT: {"gateway":"woocommerce_payments_afterpay_clearpay","country":""}
2026-02-19T15:50:46+00:00 DEBUG Received invalid country code when getting provider links. Ignoring it. CONTEXT: {"gateway":"woocommerce_payments_klarna","country":""}
2026-02-19T15:50:46+00:00 DEBUG Received invalid country code when getting provider links. Ignoring it. CONTEXT: {"gateway":"woocommerce_payments_multibanco","country":""}
2026-02-19T15:50:46+00:00 DEBUG Received invalid country code when getting provider links. Ignoring it. CONTEXT: {"gateway":"woocommerce_payments_grabpay","country":""}
2026-02-19T15:50:46+00:00 DEBUG Received invalid country code when getting provider links. Ignoring it. CONTEXT: {"gateway":"woocommerce_payments_alipay","country":""}
2026-02-19T15:50:46+00:00 DEBUG Received invalid country code when getting provider links. Ignoring it. CONTEXT: {"gateway":"woocommerce_payments_wechat_pay","country":""}
2026-02-19T15:51:08+00:00 DEBUG Received invalid country code when getting provider links. Ignoring it. CONTEXT: {"gateway":"woocommerce_payments","country":""}
2026-02-19T15:51:08+00:00 DEBUG Received invalid country code when getting provider links. Ignoring it. CONTEXT: {"gateway":"woocommerce_payments_bancontact","country":""}
2026-02-19T15:51:08+00:00 DEBUG Received invalid country code when getting provider links. Ignoring it. CONTEXT: {"gateway":"woocommerce_payments_sepa_debit","country":""}
2026-02-19T15:51:08+00:00 DEBUG Received invalid country code when getting provider links. Ignoring it. CONTEXT: {"gateway":"woocommerce_payments_giropay","country":""}
2026-02-19T15:51:08+00:00 DEBUG Received invalid country code when getting provider links. Ignoring it. CONTEXT: {"gateway":"woocommerce_payments_sofort","country":""}
2026-02-19T15:51:08+00:00 DEBUG Received invalid country code when getting provider links. Ignoring it. CONTEXT: {"gateway":"woocommerce_payments_p24","country":""}
2026-02-19T15:51:08+00:00 DEBUG Received invalid country code when getting provider links. Ignoring it. CONTEXT: {"gateway":"woocommerce_payments_ideal","country":""}
2026-02-19T15:51:08+00:00 DEBUG Received invalid country code when getting provider links. Ignoring it. CONTEXT: {"gateway":"woocommerce_payments_au_becs_debit","country":""}
2026-02-19T15:51:08+00:00 DEBUG Received invalid country code when getting provider links. Ignoring it. CONTEXT: {"gateway":"woocommerce_payments_eps","country":""}
2026-02-19T15:51:08+00:00 DEBUG Received invalid country code when getting provider links. Ignoring it. CONTEXT: {"gateway":"woocommerce_payments_affirm","country":""}
2026-02-19T15:51:08+00:00 DEBUG Received invalid country code when getting provider links. Ignoring it. CONTEXT: {"gateway":"woocommerce_payments_afterpay_clearpay","country":""}
2026-02-19T15:51:08+00:00 DEBUG Received invalid country code when getting provider links. Ignoring it. CONTEXT: {"gateway":"woocommerce_payments_klarna","country":""}
2026-02-19T15:51:08+00:00 DEBUG Received invalid country code when getting provider links. Ignoring it. CONTEXT: {"gateway":"woocommerce_payments_multibanco","country":""}
2026-02-19T15:51:08+00:00 DEBUG Received invalid country code when getting provider links. Ignoring it. CONTEXT: {"gateway":"woocommerce_payments_grabpay","country":""}
2026-02-19T15:51:08+00:00 DEBUG Received invalid country code when getting provider links. Ignoring it. CONTEXT: {"gateway":"woocommerce_payments_alipay","country":""}
2026-02-19T15:51:08+00:00 DEBUG Received invalid country code when getting provider links. Ignoring it. CONTEXT: {"gateway":"woocommerce_payments_wechat_pay","country":""}
2026-02-19T15:51:08+00:00 DEBUG Received invalid country code when getting provider links. Ignoring it. CONTEXT: {"gateway":"bacs","country":""}
2026-02-19T15:51:08+00:00 DEBUG Received invalid country code when getting provider links. Ignoring it. CONTEXT: {"gateway":"cheque","country":""}
2026-02-19T15:51:08+00:00 DEBUG Received invalid country code when getting provider links. Ignoring it. CONTEXT: {"gateway":"cod","country":""}
2026-02-19T15:51:08+00:00 DEBUG Received invalid country code when getting provider links. Ignoring it. CONTEXT: {"gateway":"ppcp-gateway","country":""}
2026-02-19T15:51:08+00:00 DEBUG Received invalid country code when getting provider links. Ignoring it. CONTEXT: {"gateway":"woocommerce_payments_bancontact","country":""}
2026-02-19T15:51:08+00:00 DEBUG Received invalid country code when getting provider links. Ignoring it. CONTEXT: {"gateway":"woocommerce_payments_sepa_debit","country":""}
2026-02-19T15:51:08+00:00 DEBUG Received invalid country code when getting provider links. Ignoring it. CONTEXT: {"gateway":"woocommerce_payments_giropay","country":""}
2026-02-19T15:51:08+00:00 DEBUG Received invalid country code when getting provider links. Ignoring it. CONTEXT: {"gateway":"woocommerce_payments_sofort","country":""}
2026-02-19T15:51:08+00:00 DEBUG Received invalid country code when getting provider links. Ignoring it. CONTEXT: {"gateway":"woocommerce_payments_p24","country":""}
2026-02-19T15:51:08+00:00 DEBUG Received invalid country code when getting provider links. Ignoring it. CONTEXT: {"gateway":"woocommerce_payments_ideal","country":""}
2026-02-19T15:51:08+00:00 DEBUG Received invalid country code when getting provider links. Ignoring it. CONTEXT: {"gateway":"woocommerce_payments_au_becs_debit","country":""}
2026-02-19T15:51:08+00:00 DEBUG Received invalid country code when getting provider links. Ignoring it. CONTEXT: {"gateway":"woocommerce_payments_eps","country":""}
2026-02-19T15:51:08+00:00 DEBUG Received invalid country code when getting provider links. Ignoring it. CONTEXT: {"gateway":"woocommerce_payments_affirm","country":""}
2026-02-19T15:51:08+00:00 DEBUG Received invalid country code when getting provider links. Ignoring it. CONTEXT: {"gateway":"woocommerce_payments_afterpay_clearpay","country":""}
2026-02-19T15:51:08+00:00 DEBUG Received invalid country code when getting provider links. Ignoring it. CONTEXT: {"gateway":"woocommerce_payments_klarna","country":""}
2026-02-19T15:51:08+00:00 DEBUG Received invalid country code when getting provider links. Ignoring it. CONTEXT: {"gateway":"woocommerce_payments_multibanco","country":""}
2026-02-19T15:51:08+00:00 DEBUG Received invalid country code when getting provider links. Ignoring it. CONTEXT: {"gateway":"woocommerce_payments_grabpay","country":""}
2026-02-19T15:51:08+00:00 DEBUG Received invalid country code when getting provider links. Ignoring it. CONTEXT: {"gateway":"woocommerce_payments_alipay","country":""}
2026-02-19T15:51:08+00:00 DEBUG Received invalid country code when getting provider links. Ignoring it. CONTEXT: {"gateway":"woocommerce_payments_wechat_pay","country":""}
2026-02-19T15:51:53+00:00 DEBUG Received invalid country code when getting provider links. Ignoring it. CONTEXT: {"gateway":"woocommerce_payments","country":""}
2026-02-19T15:51:53+00:00 DEBUG Received invalid country code when getting provider links. Ignoring it. CONTEXT: {"gateway":"woocommerce_payments_bancontact","country":""}
2026-02-19T15:51:53+00:00 DEBUG Received invalid country code when getting provider links. Ignoring it. CONTEXT: {"gateway":"woocommerce_payments_sepa_debit","country":""}
2026-02-19T15:51:53+00:00 DEBUG Received invalid country code when getting provider links. Ignoring it. CONTEXT: {"gateway":"woocommerce_payments_giropay","country":""}
2026-02-19T15:51:53+00:00 DEBUG Received invalid country code when getting provider links. Ignoring it. CONTEXT: {"gateway":"woocommerce_payments_sofort","country":""}
2026-02-19T15:51:53+00:00 DEBUG Received invalid country code when getting provider links. Ignoring it. CONTEXT: {"gateway":"woocommerce_payments_p24","country":""}
2026-02-19T15:51:53+00:00 DEBUG Received invalid country code when getting provider links. Ignoring it. CONTEXT: {"gateway":"woocommerce_payments_ideal","country":""}
2026-02-19T15:51:53+00:00 DEBUG Received invalid country code when getting provider links. Ignoring it. CONTEXT: {"gateway":"woocommerce_payments_au_becs_debit","country":""}
2026-02-19T15:51:53+00:00 DEBUG Received invalid country code when getting provider links. Ignoring it. CONTEXT: {"gateway":"woocommerce_payments_eps","country":""}
2026-02-19T15:51:53+00:00 DEBUG Received invalid country code when getting provider links. Ignoring it. CONTEXT: {"gateway":"woocommerce_payments_affirm","country":""}
2026-02-19T15:51:53+00:00 DEBUG Received invalid country code when getting provider links. Ignoring it. CONTEXT: {"gateway":"woocommerce_payments_afterpay_clearpay","country":""}
2026-02-19T15:51:53+00:00 DEBUG Received invalid country code when getting provider links. Ignoring it. CONTEXT: {"gateway":"woocommerce_payments_klarna","country":""}
2026-02-19T15:51:53+00:00 DEBUG Received invalid country code when getting provider links. Ignoring it. CONTEXT: {"gateway":"woocommerce_payments_multibanco","country":""}
2026-02-19T15:51:53+00:00 DEBUG Received invalid country code when getting provider links. Ignoring it. CONTEXT: {"gateway":"woocommerce_payments_grabpay","country":""}
2026-02-19T15:51:53+00:00 DEBUG Received invalid country code when getting provider links. Ignoring it. CONTEXT: {"gateway":"woocommerce_payments_alipay","country":""}
2026-02-19T15:51:53+00:00 DEBUG Received invalid country code when getting provider links. Ignoring it. CONTEXT: {"gateway":"woocommerce_payments_wechat_pay","country":""}
2026-02-19T15:51:53+00:00 DEBUG Received invalid country code when getting provider links. Ignoring it. CONTEXT: {"gateway":"bacs","country":""}
2026-02-19T15:51:53+00:00 DEBUG Received invalid country code when getting provider links. Ignoring it. CONTEXT: {"gateway":"cheque","country":""}
2026-02-19T15:51:53+00:00 DEBUG Received invalid country code when getting provider links. Ignoring it. CONTEXT: {"gateway":"cod","country":""}
2026-02-19T15:51:53+00:00 DEBUG Received invalid country code when getting provider links. Ignoring it. CONTEXT: {"gateway":"ppcp-gateway","country":""}
2026-02-19T15:51:53+00:00 DEBUG Received invalid country code when getting provider links. Ignoring it. CONTEXT: {"gateway":"woocommerce_payments_bancontact","country":""}
2026-02-19T15:51:53+00:00 DEBUG Received invalid country code when getting provider links. Ignoring it. CONTEXT: {"gateway":"woocommerce_payments_sepa_debit","country":""}
2026-02-19T15:51:53+00:00 DEBUG Received invalid country code when getting provider links. Ignoring it. CONTEXT: {"gateway":"woocommerce_payments_giropay","country":""}
2026-02-19T15:51:53+00:00 DEBUG Received invalid country code when getting provider links. Ignoring it. CONTEXT: {"gateway":"woocommerce_payments_sofort","country":""}
2026-02-19T15:51:53+00:00 DEBUG Received invalid country code when getting provider links. Ignoring it. CONTEXT: {"gateway":"woocommerce_payments_p24","country":""}
2026-02-19T15:51:53+00:00 DEBUG Received invalid country code when getting provider links. Ignoring it. CONTEXT: {"gateway":"woocommerce_payments_ideal","country":""}
2026-02-19T15:51:53+00:00 DEBUG Received invalid country code when getting provider links. Ignoring it. CONTEXT: {"gateway":"woocommerce_payments_au_becs_debit","country":""}
2026-02-19T15:51:53+00:00 DEBUG Received invalid country code when getting provider links. Ignoring it. CONTEXT: {"gateway":"woocommerce_payments_eps","country":""}
2026-02-19T15:51:53+00:00 DEBUG Received invalid country code when getting provider links. Ignoring it. CONTEXT: {"gateway":"woocommerce_payments_affirm","country":""}
2026-02-19T15:51:53+00:00 DEBUG Received invalid country code when getting provider links. Ignoring it. CONTEXT: {"gateway":"woocommerce_payments_afterpay_clearpay","country":""}
2026-02-19T15:51:53+00:00 DEBUG Received invalid country code when getting provider links. Ignoring it. CONTEXT: {"gateway":"woocommerce_payments_klarna","country":""}
2026-02-19T15:51:53+00:00 DEBUG Received invalid country code when getting provider links. Ignoring it. CONTEXT: {"gateway":"woocommerce_payments_multibanco","country":""}
2026-02-19T15:51:53+00:00 DEBUG Received invalid country code when getting provider links. Ignoring it. CONTEXT: {"gateway":"woocommerce_payments_grabpay","country":""}
2026-02-19T15:51:53+00:00 DEBUG Received invalid country code when getting provider links. Ignoring it. CONTEXT: {"gateway":"woocommerce_payments_alipay","country":""}
2026-02-19T15:51:53+00:00 DEBUG Received invalid country code when getting provider links. Ignoring it. CONTEXT: {"gateway":"woocommerce_payments_wechat_pay","country":""}
2026-02-19T15:53:34+00:00 DEBUG Received invalid country code when getting provider links. Ignoring it. CONTEXT: {"gateway":"woocommerce_payments","country":""}
2026-02-19T15:53:34+00:00 DEBUG Received invalid country code when getting provider links. Ignoring it. CONTEXT: {"gateway":"woocommerce_payments_bancontact","country":""}
2026-02-19T15:53:34+00:00 DEBUG Received invalid country code when getting provider links. Ignoring it. CONTEXT: {"gateway":"woocommerce_payments_sepa_debit","country":""}
2026-02-19T15:53:34+00:00 DEBUG Received invalid country code when getting provider links. Ignoring it. CONTEXT: {"gateway":"woocommerce_payments_giropay","country":""}
2026-02-19T15:53:34+00:00 DEBUG Received invalid country code when getting provider links. Ignoring it. CONTEXT: {"gateway":"woocommerce_payments_sofort","country":""}
2026-02-19T15:53:34+00:00 DEBUG Received invalid country code when getting provider links. Ignoring it. CONTEXT: {"gateway":"woocommerce_payments_p24","country":""}
2026-02-19T15:53:34+00:00 DEBUG Received invalid country code when getting provider links. Ignoring it. CONTEXT: {"gateway":"woocommerce_payments_ideal","country":""}
2026-02-19T15:53:34+00:00 DEBUG Received invalid country code when getting provider links. Ignoring it. CONTEXT: {"gateway":"woocommerce_payments_au_becs_debit","country":""}
2026-02-19T15:53:34+00:00 DEBUG Received invalid country code when getting provider links. Ignoring it. CONTEXT: {"gateway":"woocommerce_payments_eps","country":""}
2026-02-19T15:53:34+00:00 DEBUG Received invalid country code when getting provider links. Ignoring it. CONTEXT: {"gateway":"woocommerce_payments_affirm","country":""}
2026-02-19T15:53:34+00:00 DEBUG Received invalid country code when getting provider links. Ignoring it. CONTEXT: {"gateway":"woocommerce_payments_afterpay_clearpay","country":""}
2026-02-19T15:53:34+00:00 DEBUG Received invalid country code when getting provider links. Ignoring it. CONTEXT: {"gateway":"woocommerce_payments_klarna","country":""}
2026-02-19T15:53:34+00:00 DEBUG Received invalid country code when getting provider links. Ignoring it. CONTEXT: {"gateway":"woocommerce_payments_multibanco","country":""}
2026-02-19T15:53:34+00:00 DEBUG Received invalid country code when getting provider links. Ignoring it. CONTEXT: {"gateway":"woocommerce_payments_grabpay","country":""}
2026-02-19T15:53:34+00:00 DEBUG Received invalid country code when getting provider links. Ignoring it. CONTEXT: {"gateway":"woocommerce_payments_alipay","country":""}
2026-02-19T15:53:34+00:00 DEBUG Received invalid country code when getting provider links. Ignoring it. CONTEXT: {"gateway":"woocommerce_payments_wechat_pay","country":""}
2026-02-19T15:53:34+00:00 DEBUG Received invalid country code when getting provider links. Ignoring it. CONTEXT: {"gateway":"bacs","country":""}
2026-02-19T15:53:34+00:00 DEBUG Received invalid country code when getting provider links. Ignoring it. CONTEXT: {"gateway":"cheque","country":""}
2026-02-19T15:53:34+00:00 DEBUG Received invalid country code when getting provider links. Ignoring it. CONTEXT: {"gateway":"cod","country":""}
2026-02-19T15:53:34+00:00 DEBUG Received invalid country code when getting provider links. Ignoring it. CONTEXT: {"gateway":"ppcp-gateway","country":""}
2026-02-19T15:53:34+00:00 DEBUG Received invalid country code when getting provider links. Ignoring it. CONTEXT: {"gateway":"woocommerce_payments_bancontact","country":""}
2026-02-19T15:53:34+00:00 DEBUG Received invalid country code when getting provider links. Ignoring it. CONTEXT: {"gateway":"woocommerce_payments_sepa_debit","country":""}
2026-02-19T15:53:34+00:00 DEBUG Received invalid country code when getting provider links. Ignoring it. CONTEXT: {"gateway":"woocommerce_payments_giropay","country":""}
2026-02-19T15:53:34+00:00 DEBUG Received invalid country code when getting provider links. Ignoring it. CONTEXT: {"gateway":"woocommerce_payments_sofort","country":""}
2026-02-19T15:53:34+00:00 DEBUG Received invalid country code when getting provider links. Ignoring it. CONTEXT: {"gateway":"woocommerce_payments_p24","country":""}
2026-02-19T15:53:34+00:00 DEBUG Received invalid country code when getting provider links. Ignoring it. CONTEXT: {"gateway":"woocommerce_payments_ideal","country":""}
2026-02-19T15:53:34+00:00 DEBUG Received invalid country code when getting provider links. Ignoring it. CONTEXT: {"gateway":"woocommerce_payments_au_becs_debit","country":""}
2026-02-19T15:53:34+00:00 DEBUG Received invalid country code when getting provider links. Ignoring it. CONTEXT: {"gateway":"woocommerce_payments_eps","country":""}
2026-02-19T15:53:34+00:00 DEBUG Received invalid country code when getting provider links. Ignoring it. CONTEXT: {"gateway":"woocommerce_payments_affirm","country":""}
2026-02-19T15:53:34+00:00 DEBUG Received invalid country code when getting provider links. Ignoring it. CONTEXT: {"gateway":"woocommerce_payments_afterpay_clearpay","country":""}
2026-02-19T15:53:34+00:00 DEBUG Received invalid country code when getting provider links. Ignoring it. CONTEXT: {"gateway":"woocommerce_payments_klarna","country":""}
2026-02-19T15:53:34+00:00 DEBUG Received invalid country code when getting provider links. Ignoring it. CONTEXT: {"gateway":"woocommerce_payments_multibanco","country":""}
2026-02-19T15:53:34+00:00 DEBUG Received invalid country code when getting provider links. Ignoring it. CONTEXT: {"gateway":"woocommerce_payments_grabpay","country":""}
2026-02-19T15:53:34+00:00 DEBUG Received invalid country code when getting provider links. Ignoring it. CONTEXT: {"gateway":"woocommerce_payments_alipay","country":""}
2026-02-19T15:53:34+00:00 DEBUG Received invalid country code when getting provider links. Ignoring it. CONTEXT: {"gateway":"woocommerce_payments_wechat_pay","country":""}
2026-02-19T15:54:19+00:00 DEBUG Received invalid country code when getting provider links. Ignoring it. CONTEXT: {"gateway":"woocommerce_payments","country":""}
2026-02-19T15:54:19+00:00 DEBUG Received invalid country code when getting provider links. Ignoring it. CONTEXT: {"gateway":"woocommerce_payments_bancontact","country":""}
2026-02-19T15:54:19+00:00 DEBUG Received invalid country code when getting provider links. Ignoring it. CONTEXT: {"gateway":"woocommerce_payments_sepa_debit","country":""}
2026-02-19T15:54:19+00:00 DEBUG Received invalid country code when getting provider links. Ignoring it. CONTEXT: {"gateway":"woocommerce_payments_giropay","country":""}
2026-02-19T15:54:19+00:00 DEBUG Received invalid country code when getting provider links. Ignoring it. CONTEXT: {"gateway":"woocommerce_payments_sofort","country":""}
2026-02-19T15:54:19+00:00 DEBUG Received invalid country code when getting provider links. Ignoring it. CONTEXT: {"gateway":"woocommerce_payments_p24","country":""}
2026-02-19T15:54:19+00:00 DEBUG Received invalid country code when getting provider links. Ignoring it. CONTEXT: {"gateway":"woocommerce_payments_ideal","country":""}
2026-02-19T15:54:19+00:00 DEBUG Received invalid country code when getting provider links. Ignoring it. CONTEXT: {"gateway":"woocommerce_payments_au_becs_debit","country":""}
2026-02-19T15:54:19+00:00 DEBUG Received invalid country code when getting provider links. Ignoring it. CONTEXT: {"gateway":"woocommerce_payments_eps","country":""}
2026-02-19T15:54:19+00:00 DEBUG Received invalid country code when getting provider links. Ignoring it. CONTEXT: {"gateway":"woocommerce_payments_affirm","country":""}
2026-02-19T15:54:19+00:00 DEBUG Received invalid country code when getting provider links. Ignoring it. CONTEXT: {"gateway":"woocommerce_payments_afterpay_clearpay","country":""}
2026-02-19T15:54:19+00:00 DEBUG Received invalid country code when getting provider links. Ignoring it. CONTEXT: {"gateway":"woocommerce_payments_klarna","country":""}
2026-02-19T15:54:19+00:00 DEBUG Received invalid country code when getting provider links. Ignoring it. CONTEXT: {"gateway":"woocommerce_payments_multibanco","country":""}
2026-02-19T15:54:19+00:00 DEBUG Received invalid country code when getting provider links. Ignoring it. CONTEXT: {"gateway":"woocommerce_payments_grabpay","country":""}
2026-02-19T15:54:19+00:00 DEBUG Received invalid country code when getting provider links. Ignoring it. CONTEXT: {"gateway":"woocommerce_payments_alipay","country":""}
2026-02-19T15:54:19+00:00 DEBUG Received invalid country code when getting provider links. Ignoring it. CONTEXT: {"gateway":"woocommerce_payments_wechat_pay","country":""}
2026-02-19T15:54:19+00:00 DEBUG Received invalid country code when getting provider links. Ignoring it. CONTEXT: {"gateway":"bacs","country":""}
2026-02-19T15:54:19+00:00 DEBUG Received invalid country code when getting provider links. Ignoring it. CONTEXT: {"gateway":"cheque","country":""}
2026-02-19T15:54:19+00:00 DEBUG Received invalid country code when getting provider links. Ignoring it. CONTEXT: {"gateway":"cod","country":""}
2026-02-19T15:54:19+00:00 DEBUG Received invalid country code when getting provider links. Ignoring it. CONTEXT: {"gateway":"ppcp-gateway","country":""}
2026-02-19T15:54:19+00:00 DEBUG Received invalid country code when getting provider links. Ignoring it. CONTEXT: {"gateway":"woocommerce_payments_bancontact","country":""}
2026-02-19T15:54:19+00:00 DEBUG Received invalid country code when getting provider links. Ignoring it. CONTEXT: {"gateway":"woocommerce_payments_sepa_debit","country":""}
2026-02-19T15:54:19+00:00 DEBUG Received invalid country code when getting provider links. Ignoring it. CONTEXT: {"gateway":"woocommerce_payments_giropay","country":""}
2026-02-19T15:54:19+00:00 DEBUG Received invalid country code when getting provider links. Ignoring it. CONTEXT: {"gateway":"woocommerce_payments_sofort","country":""}
2026-02-19T15:54:19+00:00 DEBUG Received invalid country code when getting provider links. Ignoring it. CONTEXT: {"gateway":"woocommerce_payments_p24","country":""}
2026-02-19T15:54:19+00:00 DEBUG Received invalid country code when getting provider links. Ignoring it. CONTEXT: {"gateway":"woocommerce_payments_ideal","country":""}
2026-02-19T15:54:19+00:00 DEBUG Received invalid country code when getting provider links. Ignoring it. CONTEXT: {"gateway":"woocommerce_payments_au_becs_debit","country":""}
2026-02-19T15:54:19+00:00 DEBUG Received invalid country code when getting provider links. Ignoring it. CONTEXT: {"gateway":"woocommerce_payments_eps","country":""}
2026-02-19T15:54:19+00:00 DEBUG Received invalid country code when getting provider links. Ignoring it. CONTEXT: {"gateway":"woocommerce_payments_affirm","country":""}
2026-02-19T15:54:19+00:00 DEBUG Received invalid country code when getting provider links. Ignoring it. CONTEXT: {"gateway":"woocommerce_payments_afterpay_clearpay","country":""}
2026-02-19T15:54:19+00:00 DEBUG Received invalid country code when getting provider links. Ignoring it. CONTEXT: {"gateway":"woocommerce_payments_klarna","country":""}
2026-02-19T15:54:19+00:00 DEBUG Received invalid country code when getting provider links. Ignoring it. CONTEXT: {"gateway":"woocommerce_payments_multibanco","country":""}
2026-02-19T15:54:19+00:00 DEBUG Received invalid country code when getting provider links. Ignoring it. CONTEXT: {"gateway":"woocommerce_payments_grabpay","country":""}
2026-02-19T15:54:19+00:00 DEBUG Received invalid country code when getting provider links. Ignoring it. CONTEXT: {"gateway":"woocommerce_payments_alipay","country":""}
2026-02-19T15:54:19+00:00 DEBUG Received invalid country code when getting provider links. Ignoring it. CONTEXT: {"gateway":"woocommerce_payments_wechat_pay","country":""}
2026-02-19T16:07:06+00:00 DEBUG Received invalid country code when getting provider links. Ignoring it. CONTEXT: {"gateway":"woocommerce_payments","country":""}
2026-02-19T16:07:06+00:00 DEBUG Received invalid country code when getting provider links. Ignoring it. CONTEXT: {"gateway":"woocommerce_payments_bancontact","country":""}
2026-02-19T16:07:06+00:00 DEBUG Received invalid country code when getting provider links. Ignoring it. CONTEXT: {"gateway":"woocommerce_payments_sepa_debit","country":""}
2026-02-19T16:07:06+00:00 DEBUG Received invalid country code when getting provider links. Ignoring it. CONTEXT: {"gateway":"woocommerce_payments_giropay","country":""}
2026-02-19T16:07:06+00:00 DEBUG Received invalid country code when getting provider links. Ignoring it. CONTEXT: {"gateway":"woocommerce_payments_sofort","country":""}
2026-02-19T16:07:06+00:00 DEBUG Received invalid country code when getting provider links. Ignoring it. CONTEXT: {"gateway":"woocommerce_payments_p24","country":""}
2026-02-19T16:07:06+00:00 DEBUG Received invalid country code when getting provider links. Ignoring it. CONTEXT: {"gateway":"woocommerce_payments_ideal","country":""}
2026-02-19T16:07:06+00:00 DEBUG Received invalid country code when getting provider links. Ignoring it. CONTEXT: {"gateway":"woocommerce_payments_au_becs_debit","country":""}
2026-02-19T16:07:06+00:00 DEBUG Received invalid country code when getting provider links. Ignoring it. CONTEXT: {"gateway":"woocommerce_payments_eps","country":""}
2026-02-19T16:07:06+00:00 DEBUG Received invalid country code when getting provider links. Ignoring it. CONTEXT: {"gateway":"woocommerce_payments_affirm","country":""}
2026-02-19T16:07:06+00:00 DEBUG Received invalid country code when getting provider links. Ignoring it. CONTEXT: {"gateway":"woocommerce_payments_afterpay_clearpay","country":""}
2026-02-19T16:07:06+00:00 DEBUG Received invalid country code when getting provider links. Ignoring it. CONTEXT: {"gateway":"woocommerce_payments_klarna","country":""}
2026-02-19T16:07:06+00:00 DEBUG Received invalid country code when getting provider links. Ignoring it. CONTEXT: {"gateway":"woocommerce_payments_multibanco","country":""}
2026-02-19T16:07:06+00:00 DEBUG Received invalid country code when getting provider links. Ignoring it. CONTEXT: {"gateway":"woocommerce_payments_grabpay","country":""}
2026-02-19T16:07:06+00:00 DEBUG Received invalid country code when getting provider links. Ignoring it. CONTEXT: {"gateway":"woocommerce_payments_alipay","country":""}
2026-02-19T16:07:06+00:00 DEBUG Received invalid country code when getting provider links. Ignoring it. CONTEXT: {"gateway":"woocommerce_payments_wechat_pay","country":""}
2026-02-19T16:07:06+00:00 DEBUG Received invalid country code when getting provider links. Ignoring it. CONTEXT: {"gateway":"bacs","country":""}
2026-02-19T16:07:06+00:00 DEBUG Received invalid country code when getting provider links. Ignoring it. CONTEXT: {"gateway":"cheque","country":""}
2026-02-19T16:07:06+00:00 DEBUG Received invalid country code when getting provider links. Ignoring it. CONTEXT: {"gateway":"cod","country":""}
2026-02-19T16:07:06+00:00 DEBUG Received invalid country code when getting provider links. Ignoring it. CONTEXT: {"gateway":"ppcp-gateway","country":""}
2026-02-19T16:07:06+00:00 DEBUG Received invalid country code when getting provider links. Ignoring it. CONTEXT: {"gateway":"woocommerce_payments_bancontact","country":""}
2026-02-19T16:07:06+00:00 DEBUG Received invalid country code when getting provider links. Ignoring it. CONTEXT: {"gateway":"woocommerce_payments_sepa_debit","country":""}
2026-02-19T16:07:06+00:00 DEBUG Received invalid country code when getting provider links. Ignoring it. CONTEXT: {"gateway":"woocommerce_payments_giropay","country":""}
2026-02-19T16:07:06+00:00 DEBUG Received invalid country code when getting provider links. Ignoring it. CONTEXT: {"gateway":"woocommerce_payments_sofort","country":""}
2026-02-19T16:07:06+00:00 DEBUG Received invalid country code when getting provider links. Ignoring it. CONTEXT: {"gateway":"woocommerce_payments_p24","country":""}
2026-02-19T16:07:06+00:00 DEBUG Received invalid country code when getting provider links. Ignoring it. CONTEXT: {"gateway":"woocommerce_payments_ideal","country":""}
2026-02-19T16:07:06+00:00 DEBUG Received invalid country code when getting provider links. Ignoring it. CONTEXT: {"gateway":"woocommerce_payments_au_becs_debit","country":""}
2026-02-19T16:07:06+00:00 DEBUG Received invalid country code when getting provider links. Ignoring it. CONTEXT: {"gateway":"woocommerce_payments_eps","country":""}
2026-02-19T16:07:06+00:00 DEBUG Received invalid country code when getting provider links. Ignoring it. CONTEXT: {"gateway":"woocommerce_payments_affirm","country":""}
2026-02-19T16:07:06+00:00 DEBUG Received invalid country code when getting provider links. Ignoring it. CONTEXT: {"gateway":"woocommerce_payments_afterpay_clearpay","country":""}
2026-02-19T16:07:06+00:00 DEBUG Received invalid country code when getting provider links. Ignoring it. CONTEXT: {"gateway":"woocommerce_payments_klarna","country":""}
2026-02-19T16:07:06+00:00 DEBUG Received invalid country code when getting provider links. Ignoring it. CONTEXT: {"gateway":"woocommerce_payments_multibanco","country":""}
2026-02-19T16:07:06+00:00 DEBUG Received invalid country code when getting provider links. Ignoring it. CONTEXT: {"gateway":"woocommerce_payments_grabpay","country":""}
2026-02-19T16:07:06+00:00 DEBUG Received invalid country code when getting provider links. Ignoring it. CONTEXT: {"gateway":"woocommerce_payments_alipay","country":""}
2026-02-19T16:07:06+00:00 DEBUG Received invalid country code when getting provider links. Ignoring it. CONTEXT: {"gateway":"woocommerce_payments_wechat_pay","country":""}
2026-02-19T16:07:13+00:00 DEBUG Received invalid country code when getting provider links. Ignoring it. CONTEXT: {"gateway":"woocommerce_payments","country":""}
2026-02-19T16:07:13+00:00 DEBUG Received invalid country code when getting provider links. Ignoring it. CONTEXT: {"gateway":"woocommerce_payments_bancontact","country":""}
2026-02-19T16:07:13+00:00 DEBUG Received invalid country code when getting provider links. Ignoring it. CONTEXT: {"gateway":"woocommerce_payments_sepa_debit","country":""}
2026-02-19T16:07:13+00:00 DEBUG Received invalid country code when getting provider links. Ignoring it. CONTEXT: {"gateway":"woocommerce_payments_giropay","country":""}
2026-02-19T16:07:13+00:00 DEBUG Received invalid country code when getting provider links. Ignoring it. CONTEXT: {"gateway":"woocommerce_payments_sofort","country":""}
2026-02-19T16:07:13+00:00 DEBUG Received invalid country code when getting provider links. Ignoring it. CONTEXT: {"gateway":"woocommerce_payments_p24","country":""}
2026-02-19T16:07:13+00:00 DEBUG Received invalid country code when getting provider links. Ignoring it. CONTEXT: {"gateway":"woocommerce_payments_ideal","country":""}
2026-02-19T16:07:13+00:00 DEBUG Received invalid country code when getting provider links. Ignoring it. CONTEXT: {"gateway":"woocommerce_payments_au_becs_debit","country":""}
2026-02-19T16:07:13+00:00 DEBUG Received invalid country code when getting provider links. Ignoring it. CONTEXT: {"gateway":"woocommerce_payments_eps","country":""}
2026-02-19T16:07:13+00:00 DEBUG Received invalid country code when getting provider links. Ignoring it. CONTEXT: {"gateway":"woocommerce_payments_affirm","country":""}
2026-02-19T16:07:13+00:00 DEBUG Received invalid country code when getting provider links. Ignoring it. CONTEXT: {"gateway":"woocommerce_payments_afterpay_clearpay","country":""}
2026-02-19T16:07:13+00:00 DEBUG Received invalid country code when getting provider links. Ignoring it. CONTEXT: {"gateway":"woocommerce_payments_klarna","country":""}
2026-02-19T16:07:13+00:00 DEBUG Received invalid country code when getting provider links. Ignoring it. CONTEXT: {"gateway":"woocommerce_payments_multibanco","country":""}
2026-02-19T16:07:13+00:00 DEBUG Received invalid country code when getting provider links. Ignoring it. CONTEXT: {"gateway":"woocommerce_payments_grabpay","country":""}
2026-02-19T16:07:13+00:00 DEBUG Received invalid country code when getting provider links. Ignoring it. CONTEXT: {"gateway":"woocommerce_payments_alipay","country":""}
2026-02-19T16:07:13+00:00 DEBUG Received invalid country code when getting provider links. Ignoring it. CONTEXT: {"gateway":"woocommerce_payments_wechat_pay","country":""}
2026-02-19T16:07:13+00:00 DEBUG Received invalid country code when getting provider links. Ignoring it. CONTEXT: {"gateway":"bacs","country":""}
2026-02-19T16:07:13+00:00 DEBUG Received invalid country code when getting provider links. Ignoring it. CONTEXT: {"gateway":"cheque","country":""}
2026-02-19T16:07:13+00:00 DEBUG Received invalid country code when getting provider links. Ignoring it. CONTEXT: {"gateway":"cod","country":""}
2026-02-19T16:07:13+00:00 DEBUG Received invalid country code when getting provider links. Ignoring it. CONTEXT: {"gateway":"ppcp-gateway","country":""}
2026-02-19T16:07:13+00:00 DEBUG Received invalid country code when getting provider links. Ignoring it. CONTEXT: {"gateway":"woocommerce_payments_bancontact","country":""}
2026-02-19T16:07:13+00:00 DEBUG Received invalid country code when getting provider links. Ignoring it. CONTEXT: {"gateway":"woocommerce_payments_sepa_debit","country":""}
2026-02-19T16:07:13+00:00 DEBUG Received invalid country code when getting provider links. Ignoring it. CONTEXT: {"gateway":"woocommerce_payments_giropay","country":""}
2026-02-19T16:07:13+00:00 DEBUG Received invalid country code when getting provider links. Ignoring it. CONTEXT: {"gateway":"woocommerce_payments_sofort","country":""}
2026-02-19T16:07:13+00:00 DEBUG Received invalid country code when getting provider links. Ignoring it. CONTEXT: {"gateway":"woocommerce_payments_p24","country":""}
2026-02-19T16:07:13+00:00 DEBUG Received invalid country code when getting provider links. Ignoring it. CONTEXT: {"gateway":"woocommerce_payments_ideal","country":""}
2026-02-19T16:07:13+00:00 DEBUG Received invalid country code when getting provider links. Ignoring it. CONTEXT: {"gateway":"woocommerce_payments_au_becs_debit","country":""}
2026-02-19T16:07:13+00:00 DEBUG Received invalid country code when getting provider links. Ignoring it. CONTEXT: {"gateway":"woocommerce_payments_eps","country":""}
2026-02-19T16:07:13+00:00 DEBUG Received invalid country code when getting provider links. Ignoring it. CONTEXT: {"gateway":"woocommerce_payments_affirm","country":""}
2026-02-19T16:07:13+00:00 DEBUG Received invalid country code when getting provider links. Ignoring it. CONTEXT: {"gateway":"woocommerce_payments_afterpay_clearpay","country":""}
2026-02-19T16:07:13+00:00 DEBUG Received invalid country code when getting provider links. Ignoring it. CONTEXT: {"gateway":"woocommerce_payments_klarna","country":""}
2026-02-19T16:07:13+00:00 DEBUG Received invalid country code when getting provider links. Ignoring it. CONTEXT: {"gateway":"woocommerce_payments_multibanco","country":""}
2026-02-19T16:07:13+00:00 DEBUG Received invalid country code when getting provider links. Ignoring it. CONTEXT: {"gateway":"woocommerce_payments_grabpay","country":""}
2026-02-19T16:07:13+00:00 DEBUG Received invalid country code when getting provider links. Ignoring it. CONTEXT: {"gateway":"woocommerce_payments_alipay","country":""}
2026-02-19T16:07:13+00:00 DEBUG Received invalid country code when getting provider links. Ignoring it. CONTEXT: {"gateway":"woocommerce_payments_wechat_pay","country":""}
2026-02-19T16:08:26+00:00 DEBUG Received invalid country code when getting provider links. Ignoring it. CONTEXT: {"gateway":"woocommerce_payments","country":""}
2026-02-19T16:08:27+00:00 DEBUG Received invalid country code when getting provider links. Ignoring it. CONTEXT: {"gateway":"woocommerce_payments_bancontact","country":""}
2026-02-19T16:08:27+00:00 DEBUG Received invalid country code when getting provider links. Ignoring it. CONTEXT: {"gateway":"woocommerce_payments_sepa_debit","country":""}
2026-02-19T16:08:27+00:00 DEBUG Received invalid country code when getting provider links. Ignoring it. CONTEXT: {"gateway":"woocommerce_payments_giropay","country":""}
2026-02-19T16:08:27+00:00 DEBUG Received invalid country code when getting provider links. Ignoring it. CONTEXT: {"gateway":"woocommerce_payments_sofort","country":""}
2026-02-19T16:08:27+00:00 DEBUG Received invalid country code when getting provider links. Ignoring it. CONTEXT: {"gateway":"woocommerce_payments_p24","country":""}
2026-02-19T16:08:27+00:00 DEBUG Received invalid country code when getting provider links. Ignoring it. CONTEXT: {"gateway":"woocommerce_payments_ideal","country":""}
2026-02-19T16:08:27+00:00 DEBUG Received invalid country code when getting provider links. Ignoring it. CONTEXT: {"gateway":"woocommerce_payments_au_becs_debit","country":""}
2026-02-19T16:08:27+00:00 DEBUG Received invalid country code when getting provider links. Ignoring it. CONTEXT: {"gateway":"woocommerce_payments_eps","country":""}
2026-02-19T16:08:27+00:00 DEBUG Received invalid country code when getting provider links. Ignoring it. CONTEXT: {"gateway":"woocommerce_payments_affirm","country":""}
2026-02-19T16:08:27+00:00 DEBUG Received invalid country code when getting provider links. Ignoring it. CONTEXT: {"gateway":"woocommerce_payments_afterpay_clearpay","country":""}
2026-02-19T16:08:27+00:00 DEBUG Received invalid country code when getting provider links. Ignoring it. CONTEXT: {"gateway":"woocommerce_payments_klarna","country":""}
2026-02-19T16:08:27+00:00 DEBUG Received invalid country code when getting provider links. Ignoring it. CONTEXT: {"gateway":"woocommerce_payments_multibanco","country":""}
2026-02-19T16:08:27+00:00 DEBUG Received invalid country code when getting provider links. Ignoring it. CONTEXT: {"gateway":"woocommerce_payments_grabpay","country":""}
2026-02-19T16:08:27+00:00 DEBUG Received invalid country code when getting provider links. Ignoring it. CONTEXT: {"gateway":"woocommerce_payments_alipay","country":""}
2026-02-19T16:08:27+00:00 DEBUG Received invalid country code when getting provider links. Ignoring it. CONTEXT: {"gateway":"woocommerce_payments_wechat_pay","country":""}
2026-02-19T16:08:27+00:00 DEBUG Received invalid country code when getting provider links. Ignoring it. CONTEXT: {"gateway":"bacs","country":""}
2026-02-19T16:08:27+00:00 DEBUG Received invalid country code when getting provider links. Ignoring it. CONTEXT: {"gateway":"cheque","country":""}
2026-02-19T16:08:27+00:00 DEBUG Received invalid country code when getting provider links. Ignoring it. CONTEXT: {"gateway":"cod","country":""}
2026-02-19T16:08:27+00:00 DEBUG Received invalid country code when getting provider links. Ignoring it. CONTEXT: {"gateway":"ppcp-gateway","country":""}
2026-02-19T16:08:27+00:00 DEBUG Received invalid country code when getting provider links. Ignoring it. CONTEXT: {"gateway":"woocommerce_payments_bancontact","country":""}
2026-02-19T16:08:27+00:00 DEBUG Received invalid country code when getting provider links. Ignoring it. CONTEXT: {"gateway":"woocommerce_payments_sepa_debit","country":""}
2026-02-19T16:08:27+00:00 DEBUG Received invalid country code when getting provider links. Ignoring it. CONTEXT: {"gateway":"woocommerce_payments_giropay","country":""}
2026-02-19T16:08:27+00:00 DEBUG Received invalid country code when getting provider links. Ignoring it. CONTEXT: {"gateway":"woocommerce_payments_sofort","country":""}
2026-02-19T16:08:27+00:00 DEBUG Received invalid country code when getting provider links. Ignoring it. CONTEXT: {"gateway":"woocommerce_payments_p24","country":""}
2026-02-19T16:08:27+00:00 DEBUG Received invalid country code when getting provider links. Ignoring it. CONTEXT: {"gateway":"woocommerce_payments_ideal","country":""}
2026-02-19T16:08:27+00:00 DEBUG Received invalid country code when getting provider links. Ignoring it. CONTEXT: {"gateway":"woocommerce_payments_au_becs_debit","country":""}
2026-02-19T16:08:27+00:00 DEBUG Received invalid country code when getting provider links. Ignoring it. CONTEXT: {"gateway":"woocommerce_payments_eps","country":""}
2026-02-19T16:08:27+00:00 DEBUG Received invalid country code when getting provider links. Ignoring it. CONTEXT: {"gateway":"woocommerce_payments_affirm","country":""}
2026-02-19T16:08:27+00:00 DEBUG Received invalid country code when getting provider links. Ignoring it. CONTEXT: {"gateway":"woocommerce_payments_afterpay_clearpay","country":""}
2026-02-19T16:08:27+00:00 DEBUG Received invalid country code when getting provider links. Ignoring it. CONTEXT: {"gateway":"woocommerce_payments_klarna","country":""}
2026-02-19T16:08:27+00:00 DEBUG Received invalid country code when getting provider links. Ignoring it. CONTEXT: {"gateway":"woocommerce_payments_multibanco","country":""}
2026-02-19T16:08:27+00:00 DEBUG Received invalid country code when getting provider links. Ignoring it. CONTEXT: {"gateway":"woocommerce_payments_grabpay","country":""}
2026-02-19T16:08:27+00:00 DEBUG Received invalid country code when getting provider links. Ignoring it. CONTEXT: {"gateway":"woocommerce_payments_alipay","country":""}
2026-02-19T16:08:27+00:00 DEBUG Received invalid country code when getting provider links. Ignoring it. CONTEXT: {"gateway":"woocommerce_payments_wechat_pay","country":""}
2026-02-19T16:10:26+00:00 DEBUG Received invalid country code when getting provider links. Ignoring it. CONTEXT: {"gateway":"woocommerce_payments","country":""}
2026-02-19T16:10:26+00:00 DEBUG Received invalid country code when getting provider links. Ignoring it. CONTEXT: {"gateway":"woocommerce_payments_bancontact","country":""}
2026-02-19T16:10:26+00:00 DEBUG Received invalid country code when getting provider links. Ignoring it. CONTEXT: {"gateway":"woocommerce_payments_sepa_debit","country":""}
2026-02-19T16:10:26+00:00 DEBUG Received invalid country code when getting provider links. Ignoring it. CONTEXT: {"gateway":"woocommerce_payments_giropay","country":""}
2026-02-19T16:10:26+00:00 DEBUG Received invalid country code when getting provider links. Ignoring it. CONTEXT: {"gateway":"woocommerce_payments_sofort","country":""}
2026-02-19T16:10:26+00:00 DEBUG Received invalid country code when getting provider links. Ignoring it. CONTEXT: {"gateway":"woocommerce_payments_p24","country":""}
2026-02-19T16:10:26+00:00 DEBUG Received invalid country code when getting provider links. Ignoring it. CONTEXT: {"gateway":"woocommerce_payments_ideal","country":""}
2026-02-19T16:10:26+00:00 DEBUG Received invalid country code when getting provider links. Ignoring it. CONTEXT: {"gateway":"woocommerce_payments_au_becs_debit","country":""}
2026-02-19T16:10:26+00:00 DEBUG Received invalid country code when getting provider links. Ignoring it. CONTEXT: {"gateway":"woocommerce_payments_eps","country":""}
2026-02-19T16:10:26+00:00 DEBUG Received invalid country code when getting provider links. Ignoring it. CONTEXT: {"gateway":"woocommerce_payments_affirm","country":""}
2026-02-19T16:10:26+00:00 DEBUG Received invalid country code when getting provider links. Ignoring it. CONTEXT: {"gateway":"woocommerce_payments_afterpay_clearpay","country":""}
2026-02-19T16:10:26+00:00 DEBUG Received invalid country code when getting provider links. Ignoring it. CONTEXT: {"gateway":"woocommerce_payments_klarna","country":""}
2026-02-19T16:10:26+00:00 DEBUG Received invalid country code when getting provider links. Ignoring it. CONTEXT: {"gateway":"woocommerce_payments_multibanco","country":""}
2026-02-19T16:10:26+00:00 DEBUG Received invalid country code when getting provider links. Ignoring it. CONTEXT: {"gateway":"woocommerce_payments_grabpay","country":""}
2026-02-19T16:10:26+00:00 DEBUG Received invalid country code when getting provider links. Ignoring it. CONTEXT: {"gateway":"woocommerce_payments_alipay","country":""}
2026-02-19T16:10:26+00:00 DEBUG Received invalid country code when getting provider links. Ignoring it. CONTEXT: {"gateway":"woocommerce_payments_wechat_pay","country":""}
2026-02-19T16:10:26+00:00 DEBUG Received invalid country code when getting provider links. Ignoring it. CONTEXT: {"gateway":"bacs","country":""}
2026-02-19T16:10:26+00:00 DEBUG Received invalid country code when getting provider links. Ignoring it. CONTEXT: {"gateway":"cheque","country":""}
2026-02-19T16:10:26+00:00 DEBUG Received invalid country code when getting provider links. Ignoring it. CONTEXT: {"gateway":"cod","country":""}
2026-02-19T16:10:26+00:00 DEBUG Received invalid country code when getting provider links. Ignoring it. CONTEXT: {"gateway":"ppcp-gateway","country":""}
2026-02-19T16:10:26+00:00 DEBUG Received invalid country code when getting provider links. Ignoring it. CONTEXT: {"gateway":"woocommerce_payments_bancontact","country":""}
2026-02-19T16:10:26+00:00 DEBUG Received invalid country code when getting provider links. Ignoring it. CONTEXT: {"gateway":"woocommerce_payments_sepa_debit","country":""}
2026-02-19T16:10:26+00:00 DEBUG Received invalid country code when getting provider links. Ignoring it. CONTEXT: {"gateway":"woocommerce_payments_giropay","country":""}
2026-02-19T16:10:26+00:00 DEBUG Received invalid country code when getting provider links. Ignoring it. CONTEXT: {"gateway":"woocommerce_payments_sofort","country":""}
2026-02-19T16:10:26+00:00 DEBUG Received invalid country code when getting provider links. Ignoring it. CONTEXT: {"gateway":"woocommerce_payments_p24","country":""}
2026-02-19T16:10:26+00:00 DEBUG Received invalid country code when getting provider links. Ignoring it. CONTEXT: {"gateway":"woocommerce_payments_ideal","country":""}
2026-02-19T16:10:26+00:00 DEBUG Received invalid country code when getting provider links. Ignoring it. CONTEXT: {"gateway":"woocommerce_payments_au_becs_debit","country":""}
2026-02-19T16:10:26+00:00 DEBUG Received invalid country code when getting provider links. Ignoring it. CONTEXT: {"gateway":"woocommerce_payments_eps","country":""}
2026-02-19T16:10:26+00:00 DEBUG Received invalid country code when getting provider links. Ignoring it. CONTEXT: {"gateway":"woocommerce_payments_affirm","country":""}
2026-02-19T16:10:26+00:00 DEBUG Received invalid country code when getting provider links. Ignoring it. CONTEXT: {"gateway":"woocommerce_payments_afterpay_clearpay","country":""}
2026-02-19T16:10:26+00:00 DEBUG Received invalid country code when getting provider links. Ignoring it. CONTEXT: {"gateway":"woocommerce_payments_klarna","country":""}
2026-02-19T16:10:26+00:00 DEBUG Received invalid country code when getting provider links. Ignoring it. CONTEXT: {"gateway":"woocommerce_payments_multibanco","country":""}
2026-02-19T16:10:26+00:00 DEBUG Received invalid country code when getting provider links. Ignoring it. CONTEXT: {"gateway":"woocommerce_payments_grabpay","country":""}
2026-02-19T16:10:26+00:00 DEBUG Received invalid country code when getting provider links. Ignoring it. CONTEXT: {"gateway":"woocommerce_payments_alipay","country":""}
2026-02-19T16:10:26+00:00 DEBUG Received invalid country code when getting provider links. Ignoring it. CONTEXT: {"gateway":"woocommerce_payments_wechat_pay","country":""}
2026-02-19T16:30:49+00:00 DEBUG Received invalid country code when getting provider links. Ignoring it. CONTEXT: {"gateway":"woocommerce_payments","country":""}
2026-02-19T16:30:49+00:00 DEBUG Received invalid country code when getting provider links. Ignoring it. CONTEXT: {"gateway":"woocommerce_payments_bancontact","country":""}
2026-02-19T16:30:49+00:00 DEBUG Received invalid country code when getting provider links. Ignoring it. CONTEXT: {"gateway":"woocommerce_payments_sepa_debit","country":""}
2026-02-19T16:30:49+00:00 DEBUG Received invalid country code when getting provider links. Ignoring it. CONTEXT: {"gateway":"woocommerce_payments_giropay","country":""}
2026-02-19T16:30:49+00:00 DEBUG Received invalid country code when getting provider links. Ignoring it. CONTEXT: {"gateway":"woocommerce_payments_sofort","country":""}
2026-02-19T16:30:49+00:00 DEBUG Received invalid country code when getting provider links. Ignoring it. CONTEXT: {"gateway":"woocommerce_payments_p24","country":""}
2026-02-19T16:30:49+00:00 DEBUG Received invalid country code when getting provider links. Ignoring it. CONTEXT: {"gateway":"woocommerce_payments_ideal","country":""}
2026-02-19T16:30:49+00:00 DEBUG Received invalid country code when getting provider links. Ignoring it. CONTEXT: {"gateway":"woocommerce_payments_au_becs_debit","country":""}
2026-02-19T16:30:49+00:00 DEBUG Received invalid country code when getting provider links. Ignoring it. CONTEXT: {"gateway":"woocommerce_payments_eps","country":""}
2026-02-19T16:30:49+00:00 DEBUG Received invalid country code when getting provider links. Ignoring it. CONTEXT: {"gateway":"woocommerce_payments_affirm","country":""}
2026-02-19T16:30:49+00:00 DEBUG Received invalid country code when getting provider links. Ignoring it. CONTEXT: {"gateway":"woocommerce_payments_afterpay_clearpay","country":""}
2026-02-19T16:30:49+00:00 DEBUG Received invalid country code when getting provider links. Ignoring it. CONTEXT: {"gateway":"woocommerce_payments_klarna","country":""}
2026-02-19T16:30:49+00:00 DEBUG Received invalid country code when getting provider links. Ignoring it. CONTEXT: {"gateway":"woocommerce_payments_multibanco","country":""}
2026-02-19T16:30:49+00:00 DEBUG Received invalid country code when getting provider links. Ignoring it. CONTEXT: {"gateway":"woocommerce_payments_grabpay","country":""}
2026-02-19T16:30:49+00:00 DEBUG Received invalid country code when getting provider links. Ignoring it. CONTEXT: {"gateway":"woocommerce_payments_alipay","country":""}
2026-02-19T16:30:49+00:00 DEBUG Received invalid country code when getting provider links. Ignoring it. CONTEXT: {"gateway":"woocommerce_payments_wechat_pay","country":""}
2026-02-19T16:30:49+00:00 DEBUG Received invalid country code when getting provider links. Ignoring it. CONTEXT: {"gateway":"bacs","country":""}
2026-02-19T16:30:49+00:00 DEBUG Received invalid country code when getting provider links. Ignoring it. CONTEXT: {"gateway":"cheque","country":""}
2026-02-19T16:30:49+00:00 DEBUG Received invalid country code when getting provider links. Ignoring it. CONTEXT: {"gateway":"cod","country":""}
2026-02-19T16:30:49+00:00 DEBUG Received invalid country code when getting provider links. Ignoring it. CONTEXT: {"gateway":"ppcp-gateway","country":""}
2026-02-19T16:30:49+00:00 DEBUG Received invalid country code when getting provider links. Ignoring it. CONTEXT: {"gateway":"woocommerce_payments_bancontact","country":""}
2026-02-19T16:30:49+00:00 DEBUG Received invalid country code when getting provider links. Ignoring it. CONTEXT: {"gateway":"woocommerce_payments_sepa_debit","country":""}
2026-02-19T16:30:49+00:00 DEBUG Received invalid country code when getting provider links. Ignoring it. CONTEXT: {"gateway":"woocommerce_payments_giropay","country":""}
2026-02-19T16:30:49+00:00 DEBUG Received invalid country code when getting provider links. Ignoring it. CONTEXT: {"gateway":"woocommerce_payments_sofort","country":""}
2026-02-19T16:30:49+00:00 DEBUG Received invalid country code when getting provider links. Ignoring it. CONTEXT: {"gateway":"woocommerce_payments_p24","country":""}
2026-02-19T16:30:49+00:00 DEBUG Received invalid country code when getting provider links. Ignoring it. CONTEXT: {"gateway":"woocommerce_payments_ideal","country":""}
2026-02-19T16:30:49+00:00 DEBUG Received invalid country code when getting provider links. Ignoring it. CONTEXT: {"gateway":"woocommerce_payments_au_becs_debit","country":""}
2026-02-19T16:30:49+00:00 DEBUG Received invalid country code when getting provider links. Ignoring it. CONTEXT: {"gateway":"woocommerce_payments_eps","country":""}
2026-02-19T16:30:49+00:00 DEBUG Received invalid country code when getting provider links. Ignoring it. CONTEXT: {"gateway":"woocommerce_payments_affirm","country":""}
2026-02-19T16:30:49+00:00 DEBUG Received invalid country code when getting provider links. Ignoring it. CONTEXT: {"gateway":"woocommerce_payments_afterpay_clearpay","country":""}
2026-02-19T16:30:49+00:00 DEBUG Received invalid country code when getting provider links. Ignoring it. CONTEXT: {"gateway":"woocommerce_payments_klarna","country":""}
2026-02-19T16:30:49+00:00 DEBUG Received invalid country code when getting provider links. Ignoring it. CONTEXT: {"gateway":"woocommerce_payments_multibanco","country":""}
2026-02-19T16:30:49+00:00 DEBUG Received invalid country code when getting provider links. Ignoring it. CONTEXT: {"gateway":"woocommerce_payments_grabpay","country":""}
2026-02-19T16:30:49+00:00 DEBUG Received invalid country code when getting provider links. Ignoring it. CONTEXT: {"gateway":"woocommerce_payments_alipay","country":""}
2026-02-19T16:30:49+00:00 DEBUG Received invalid country code when getting provider links. Ignoring it. CONTEXT: {"gateway":"woocommerce_payments_wechat_pay","country":""}
2026-02-19T16:30:49+00:00 DEBUG Received invalid country code when getting provider links. Ignoring it. CONTEXT: {"gateway":"woocommerce_payments","country":""}
2026-02-19T16:30:49+00:00 DEBUG Received invalid country code when getting provider links. Ignoring it. CONTEXT: {"gateway":"woocommerce_payments_bancontact","country":""}
2026-02-19T16:30:49+00:00 DEBUG Received invalid country code when getting provider links. Ignoring it. CONTEXT: {"gateway":"woocommerce_payments_sepa_debit","country":""}
2026-02-19T16:30:49+00:00 DEBUG Received invalid country code when getting provider links. Ignoring it. CONTEXT: {"gateway":"woocommerce_payments_giropay","country":""}
2026-02-19T16:30:49+00:00 DEBUG Received invalid country code when getting provider links. Ignoring it. CONTEXT: {"gateway":"woocommerce_payments_sofort","country":""}
2026-02-19T16:30:49+00:00 DEBUG Received invalid country code when getting provider links. Ignoring it. CONTEXT: {"gateway":"woocommerce_payments_p24","country":""}
2026-02-19T16:30:49+00:00 DEBUG Received invalid country code when getting provider links. Ignoring it. CONTEXT: {"gateway":"woocommerce_payments_ideal","country":""}
2026-02-19T16:30:49+00:00 DEBUG Received invalid country code when getting provider links. Ignoring it. CONTEXT: {"gateway":"woocommerce_payments_au_becs_debit","country":""}
2026-02-19T16:30:49+00:00 DEBUG Received invalid country code when getting provider links. Ignoring it. CONTEXT: {"gateway":"woocommerce_payments_eps","country":""}
2026-02-19T16:30:49+00:00 DEBUG Received invalid country code when getting provider links. Ignoring it. CONTEXT: {"gateway":"woocommerce_payments_affirm","country":""}
2026-02-19T16:30:49+00:00 DEBUG Received invalid country code when getting provider links. Ignoring it. CONTEXT: {"gateway":"woocommerce_payments_afterpay_clearpay","country":""}
2026-02-19T16:30:49+00:00 DEBUG Received invalid country code when getting provider links. Ignoring it. CONTEXT: {"gateway":"woocommerce_payments_klarna","country":""}
2026-02-19T16:30:49+00:00 DEBUG Received invalid country code when getting provider links. Ignoring it. CONTEXT: {"gateway":"woocommerce_payments_multibanco","country":""}
2026-02-19T16:30:49+00:00 DEBUG Received invalid country code when getting provider links. Ignoring it. CONTEXT: {"gateway":"woocommerce_payments_grabpay","country":""}
2026-02-19T16:30:49+00:00 DEBUG Received invalid country code when getting provider links. Ignoring it. CONTEXT: {"gateway":"woocommerce_payments_alipay","country":""}
2026-02-19T16:30:49+00:00 DEBUG Received invalid country code when getting provider links. Ignoring it. CONTEXT: {"gateway":"woocommerce_payments_wechat_pay","country":""}
2026-02-19T16:30:49+00:00 DEBUG Received invalid country code when getting provider links. Ignoring it. CONTEXT: {"gateway":"bacs","country":""}
2026-02-19T16:30:49+00:00 DEBUG Received invalid country code when getting provider links. Ignoring it. CONTEXT: {"gateway":"cheque","country":""}
2026-02-19T16:30:49+00:00 DEBUG Received invalid country code when getting provider links. Ignoring it. CONTEXT: {"gateway":"cod","country":""}
2026-02-19T16:30:49+00:00 DEBUG Received invalid country code when getting provider links. Ignoring it. CONTEXT: {"gateway":"ppcp-gateway","country":""}
2026-02-19T16:30:49+00:00 DEBUG Received invalid country code when getting provider links. Ignoring it. CONTEXT: {"gateway":"woocommerce_payments_bancontact","country":""}
2026-02-19T16:30:49+00:00 DEBUG Received invalid country code when getting provider links. Ignoring it. CONTEXT: {"gateway":"woocommerce_payments_sepa_debit","country":""}
2026-02-19T16:30:49+00:00 DEBUG Received invalid country code when getting provider links. Ignoring it. CONTEXT: {"gateway":"woocommerce_payments_giropay","country":""}
2026-02-19T16:30:49+00:00 DEBUG Received invalid country code when getting provider links. Ignoring it. CONTEXT: {"gateway":"woocommerce_payments_sofort","country":""}
2026-02-19T16:30:49+00:00 DEBUG Received invalid country code when getting provider links. Ignoring it. CONTEXT: {"gateway":"woocommerce_payments_p24","country":""}
2026-02-19T16:30:49+00:00 DEBUG Received invalid country code when getting provider links. Ignoring it. CONTEXT: {"gateway":"woocommerce_payments_ideal","country":""}
2026-02-19T16:30:49+00:00 DEBUG Received invalid country code when getting provider links. Ignoring it. CONTEXT: {"gateway":"woocommerce_payments_au_becs_debit","country":""}
2026-02-19T16:30:49+00:00 DEBUG Received invalid country code when getting provider links. Ignoring it. CONTEXT: {"gateway":"woocommerce_payments_eps","country":""}
2026-02-19T16:30:49+00:00 DEBUG Received invalid country code when getting provider links. Ignoring it. CONTEXT: {"gateway":"woocommerce_payments_affirm","country":""}
2026-02-19T16:30:49+00:00 DEBUG Received invalid country code when getting provider links. Ignoring it. CONTEXT: {"gateway":"woocommerce_payments_afterpay_clearpay","country":""}
2026-02-19T16:30:49+00:00 DEBUG Received invalid country code when getting provider links. Ignoring it. CONTEXT: {"gateway":"woocommerce_payments_klarna","country":""}
2026-02-19T16:30:49+00:00 DEBUG Received invalid country code when getting provider links. Ignoring it. CONTEXT: {"gateway":"woocommerce_payments_multibanco","country":""}
2026-02-19T16:30:49+00:00 DEBUG Received invalid country code when getting provider links. Ignoring it. CONTEXT: {"gateway":"woocommerce_payments_grabpay","country":""}
2026-02-19T16:30:49+00:00 DEBUG Received invalid country code when getting provider links. Ignoring it. CONTEXT: {"gateway":"woocommerce_payments_alipay","country":""}
2026-02-19T16:30:49+00:00 DEBUG Received invalid country code when getting provider links. Ignoring it. CONTEXT: {"gateway":"woocommerce_payments_wechat_pay","country":""}
2026-02-19T16:30:49+00:00 DEBUG Received invalid country code when getting provider links. Ignoring it. CONTEXT: {"gateway":"woocommerce_payments","country":""}
2026-02-19T16:30:49+00:00 DEBUG Received invalid country code when getting provider links. Ignoring it. CONTEXT: {"gateway":"woocommerce_payments_bancontact","country":""}
2026-02-19T16:30:49+00:00 DEBUG Received invalid country code when getting provider links. Ignoring it. CONTEXT: {"gateway":"woocommerce_payments_sepa_debit","country":""}
2026-02-19T16:30:49+00:00 DEBUG Received invalid country code when getting provider links. Ignoring it. CONTEXT: {"gateway":"woocommerce_payments_giropay","country":""}
2026-02-19T16:30:49+00:00 DEBUG Received invalid country code when getting provider links. Ignoring it. CONTEXT: {"gateway":"woocommerce_payments_sofort","country":""}
2026-02-19T16:30:49+00:00 DEBUG Received invalid country code when getting provider links. Ignoring it. CONTEXT: {"gateway":"woocommerce_payments_p24","country":""}
2026-02-19T16:30:49+00:00 DEBUG Received invalid country code when getting provider links. Ignoring it. CONTEXT: {"gateway":"woocommerce_payments_ideal","country":""}
2026-02-19T16:30:49+00:00 DEBUG Received invalid country code when getting provider links. Ignoring it. CONTEXT: {"gateway":"woocommerce_payments_au_becs_debit","country":""}
2026-02-19T16:30:49+00:00 DEBUG Received invalid country code when getting provider links. Ignoring it. CONTEXT: {"gateway":"woocommerce_payments_eps","country":""}
2026-02-19T16:30:49+00:00 DEBUG Received invalid country code when getting provider links. Ignoring it. CONTEXT: {"gateway":"woocommerce_payments_affirm","country":""}
2026-02-19T16:30:49+00:00 DEBUG Received invalid country code when getting provider links. Ignoring it. CONTEXT: {"gateway":"woocommerce_payments_afterpay_clearpay","country":""}
2026-02-19T16:30:49+00:00 DEBUG Received invalid country code when getting provider links. Ignoring it. CONTEXT: {"gateway":"woocommerce_payments_klarna","country":""}
2026-02-19T16:30:49+00:00 DEBUG Received invalid country code when getting provider links. Ignoring it. CONTEXT: {"gateway":"woocommerce_payments_multibanco","country":""}
2026-02-19T16:30:49+00:00 DEBUG Received invalid country code when getting provider links. Ignoring it. CONTEXT: {"gateway":"woocommerce_payments_grabpay","country":""}
2026-02-19T16:30:49+00:00 DEBUG Received invalid country code when getting provider links. Ignoring it. CONTEXT: {"gateway":"woocommerce_payments_alipay","country":""}
2026-02-19T16:30:49+00:00 DEBUG Received invalid country code when getting provider links. Ignoring it. CONTEXT: {"gateway":"woocommerce_payments_wechat_pay","country":""}
2026-02-19T16:30:49+00:00 DEBUG Received invalid country code when getting provider links. Ignoring it. CONTEXT: {"gateway":"bacs","country":""}
2026-02-19T16:30:49+00:00 DEBUG Received invalid country code when getting provider links. Ignoring it. CONTEXT: {"gateway":"cheque","country":""}
2026-02-19T16:30:49+00:00 DEBUG Received invalid country code when getting provider links. Ignoring it. CONTEXT: {"gateway":"cod","country":""}
2026-02-19T16:30:49+00:00 DEBUG Received invalid country code when getting provider links. Ignoring it. CONTEXT: {"gateway":"ppcp-gateway","country":""}
2026-02-19T16:30:49+00:00 DEBUG Received invalid country code when getting provider links. Ignoring it. CONTEXT: {"gateway":"woocommerce_payments_bancontact","country":""}
2026-02-19T16:30:49+00:00 DEBUG Received invalid country code when getting provider links. Ignoring it. CONTEXT: {"gateway":"woocommerce_payments_sepa_debit","country":""}
2026-02-19T16:30:49+00:00 DEBUG Received invalid country code when getting provider links. Ignoring it. CONTEXT: {"gateway":"woocommerce_payments_giropay","country":""}
2026-02-19T16:30:49+00:00 DEBUG Received invalid country code when getting provider links. Ignoring it. CONTEXT: {"gateway":"woocommerce_payments_sofort","country":""}
2026-02-19T16:30:49+00:00 DEBUG Received invalid country code when getting provider links. Ignoring it. CONTEXT: {"gateway":"woocommerce_payments_p24","country":""}
2026-02-19T16:30:49+00:00 DEBUG Received invalid country code when getting provider links. Ignoring it. CONTEXT: {"gateway":"woocommerce_payments_ideal","country":""}
2026-02-19T16:30:49+00:00 DEBUG Received invalid country code when getting provider links. Ignoring it. CONTEXT: {"gateway":"woocommerce_payments_au_becs_debit","country":""}
2026-02-19T16:30:49+00:00 DEBUG Received invalid country code when getting provider links. Ignoring it. CONTEXT: {"gateway":"woocommerce_payments_eps","country":""}
2026-02-19T16:30:49+00:00 DEBUG Received invalid country code when getting provider links. Ignoring it. CONTEXT: {"gateway":"woocommerce_payments_affirm","country":""}
2026-02-19T16:30:49+00:00 DEBUG Received invalid country code when getting provider links. Ignoring it. CONTEXT: {"gateway":"woocommerce_payments_afterpay_clearpay","country":""}
2026-02-19T16:30:49+00:00 DEBUG Received invalid country code when getting provider links. Ignoring it. CONTEXT: {"gateway":"woocommerce_payments_klarna","country":""}
2026-02-19T16:30:49+00:00 DEBUG Received invalid country code when getting provider links. Ignoring it. CONTEXT: {"gateway":"woocommerce_payments_multibanco","country":""}
2026-02-19T16:30:49+00:00 DEBUG Received invalid country code when getting provider links. Ignoring it. CONTEXT: {"gateway":"woocommerce_payments_grabpay","country":""}
2026-02-19T16:30:49+00:00 DEBUG Received invalid country code when getting provider links. Ignoring it. CONTEXT: {"gateway":"woocommerce_payments_alipay","country":""}
2026-02-19T16:30:49+00:00 DEBUG Received invalid country code when getting provider links. Ignoring it. CONTEXT: {"gateway":"woocommerce_payments_wechat_pay","country":""}
2026-02-19T16:30:49+00:00 DEBUG Received invalid country code when getting provider links. Ignoring it. CONTEXT: {"gateway":"woocommerce_payments","country":""}
2026-02-19T16:30:49+00:00 DEBUG Received invalid country code when getting provider links. Ignoring it. CONTEXT: {"gateway":"woocommerce_payments_bancontact","country":""}
2026-02-19T16:30:49+00:00 DEBUG Received invalid country code when getting provider links. Ignoring it. CONTEXT: {"gateway":"woocommerce_payments_sepa_debit","country":""}
2026-02-19T16:30:49+00:00 DEBUG Received invalid country code when getting provider links. Ignoring it. CONTEXT: {"gateway":"woocommerce_payments_giropay","country":""}
2026-02-19T16:30:49+00:00 DEBUG Received invalid country code when getting provider links. Ignoring it. CONTEXT: {"gateway":"woocommerce_payments_sofort","country":""}
2026-02-19T16:30:49+00:00 DEBUG Received invalid country code when getting provider links. Ignoring it. CONTEXT: {"gateway":"woocommerce_payments_p24","country":""}
2026-02-19T16:30:49+00:00 DEBUG Received invalid country code when getting provider links. Ignoring it. CONTEXT: {"gateway":"woocommerce_payments_ideal","country":""}
2026-02-19T16:30:49+00:00 DEBUG Received invalid country code when getting provider links. Ignoring it. CONTEXT: {"gateway":"woocommerce_payments_au_becs_debit","country":""}
2026-02-19T16:30:49+00:00 DEBUG Received invalid country code when getting provider links. Ignoring it. CONTEXT: {"gateway":"woocommerce_payments_eps","country":""}
2026-02-19T16:30:49+00:00 DEBUG Received invalid country code when getting provider links. Ignoring it. CONTEXT: {"gateway":"woocommerce_payments_affirm","country":""}
2026-02-19T16:30:49+00:00 DEBUG Received invalid country code when getting provider links. Ignoring it. CONTEXT: {"gateway":"woocommerce_payments_afterpay_clearpay","country":""}
2026-02-19T16:30:49+00:00 DEBUG Received invalid country code when getting provider links. Ignoring it. CONTEXT: {"gateway":"woocommerce_payments_klarna","country":""}
2026-02-19T16:30:49+00:00 DEBUG Received invalid country code when getting provider links. Ignoring it. CONTEXT: {"gateway":"woocommerce_payments_multibanco","country":""}
2026-02-19T16:30:49+00:00 DEBUG Received invalid country code when getting provider links. Ignoring it. CONTEXT: {"gateway":"woocommerce_payments_grabpay","country":""}
2026-02-19T16:30:49+00:00 DEBUG Received invalid country code when getting provider links. Ignoring it. CONTEXT: {"gateway":"woocommerce_payments_alipay","country":""}
2026-02-19T16:30:49+00:00 DEBUG Received invalid country code when getting provider links. Ignoring it. CONTEXT: {"gateway":"woocommerce_payments_wechat_pay","country":""}
2026-02-19T16:30:49+00:00 DEBUG Received invalid country code when getting provider links. Ignoring it. CONTEXT: {"gateway":"bacs","country":""}
2026-02-19T16:30:49+00:00 DEBUG Received invalid country code when getting provider links. Ignoring it. CONTEXT: {"gateway":"cheque","country":""}
2026-02-19T16:30:49+00:00 DEBUG Received invalid country code when getting provider links. Ignoring it. CONTEXT: {"gateway":"cod","country":""}
2026-02-19T16:30:49+00:00 DEBUG Received invalid country code when getting provider links. Ignoring it. CONTEXT: {"gateway":"ppcp-gateway","country":""}
2026-02-19T16:30:49+00:00 DEBUG Received invalid country code when getting provider links. Ignoring it. CONTEXT: {"gateway":"woocommerce_payments_bancontact","country":""}
2026-02-19T16:30:49+00:00 DEBUG Received invalid country code when getting provider links. Ignoring it. CONTEXT: {"gateway":"woocommerce_payments_sepa_debit","country":""}
2026-02-19T16:30:49+00:00 DEBUG Received invalid country code when getting provider links. Ignoring it. CONTEXT: {"gateway":"woocommerce_payments_giropay","country":""}
2026-02-19T16:30:49+00:00 DEBUG Received invalid country code when getting provider links. Ignoring it. CONTEXT: {"gateway":"woocommerce_payments_sofort","country":""}
2026-02-19T16:30:49+00:00 DEBUG Received invalid country code when getting provider links. Ignoring it. CONTEXT: {"gateway":"woocommerce_payments_p24","country":""}
2026-02-19T16:30:49+00:00 DEBUG Received invalid country code when getting provider links. Ignoring it. CONTEXT: {"gateway":"woocommerce_payments_ideal","country":""}
2026-02-19T16:30:49+00:00 DEBUG Received invalid country code when getting provider links. Ignoring it. CONTEXT: {"gateway":"woocommerce_payments_au_becs_debit","country":""}
2026-02-19T16:30:49+00:00 DEBUG Received invalid country code when getting provider links. Ignoring it. CONTEXT: {"gateway":"woocommerce_payments_eps","country":""}
2026-02-19T16:30:49+00:00 DEBUG Received invalid country code when getting provider links. Ignoring it. CONTEXT: {"gateway":"woocommerce_payments_affirm","country":""}
2026-02-19T16:30:49+00:00 DEBUG Received invalid country code when getting provider links. Ignoring it. CONTEXT: {"gateway":"woocommerce_payments_afterpay_clearpay","country":""}
2026-02-19T16:30:49+00:00 DEBUG Received invalid country code when getting provider links. Ignoring it. CONTEXT: {"gateway":"woocommerce_payments_klarna","country":""}
2026-02-19T16:30:49+00:00 DEBUG Received invalid country code when getting provider links. Ignoring it. CONTEXT: {"gateway":"woocommerce_payments_multibanco","country":""}
2026-02-19T16:30:49+00:00 DEBUG Received invalid country code when getting provider links. Ignoring it. CONTEXT: {"gateway":"woocommerce_payments_grabpay","country":""}
2026-02-19T16:30:49+00:00 DEBUG Received invalid country code when getting provider links. Ignoring it. CONTEXT: {"gateway":"woocommerce_payments_alipay","country":""}
2026-02-19T16:30:49+00:00 DEBUG Received invalid country code when getting provider links. Ignoring it. CONTEXT: {"gateway":"woocommerce_payments_wechat_pay","country":""}
2026-02-19T16:30:49+00:00 DEBUG Received invalid country code when getting provider links. Ignoring it. CONTEXT: {"gateway":"woocommerce_payments","country":""}
2026-02-19T16:30:49+00:00 DEBUG Received invalid country code when getting provider links. Ignoring it. CONTEXT: {"gateway":"woocommerce_payments_bancontact","country":""}
2026-02-19T16:30:49+00:00 DEBUG Received invalid country code when getting provider links. Ignoring it. CONTEXT: {"gateway":"woocommerce_payments_sepa_debit","country":""}
2026-02-19T16:30:49+00:00 DEBUG Received invalid country code when getting provider links. Ignoring it. CONTEXT: {"gateway":"woocommerce_payments_giropay","country":""}
2026-02-19T16:30:49+00:00 DEBUG Received invalid country code when getting provider links. Ignoring it. CONTEXT: {"gateway":"woocommerce_payments_sofort","country":""}
2026-02-19T16:30:49+00:00 DEBUG Received invalid country code when getting provider links. Ignoring it. CONTEXT: {"gateway":"woocommerce_payments_p24","country":""}
2026-02-19T16:30:49+00:00 DEBUG Received invalid country code when getting provider links. Ignoring it. CONTEXT: {"gateway":"woocommerce_payments_ideal","country":""}
2026-02-19T16:30:49+00:00 DEBUG Received invalid country code when getting provider links. Ignoring it. CONTEXT: {"gateway":"woocommerce_payments_au_becs_debit","country":""}
2026-02-19T16:30:49+00:00 DEBUG Received invalid country code when getting provider links. Ignoring it. CONTEXT: {"gateway":"woocommerce_payments_eps","country":""}
2026-02-19T16:30:49+00:00 DEBUG Received invalid country code when getting provider links. Ignoring it. CONTEXT: {"gateway":"woocommerce_payments_affirm","country":""}
2026-02-19T16:30:49+00:00 DEBUG Received invalid country code when getting provider links. Ignoring it. CONTEXT: {"gateway":"woocommerce_payments_afterpay_clearpay","country":""}
2026-02-19T16:30:49+00:00 DEBUG Received invalid country code when getting provider links. Ignoring it. CONTEXT: {"gateway":"woocommerce_payments_klarna","country":""}
2026-02-19T16:30:49+00:00 DEBUG Received invalid country code when getting provider links. Ignoring it. CONTEXT: {"gateway":"woocommerce_payments_multibanco","country":""}
2026-02-19T16:30:49+00:00 DEBUG Received invalid country code when getting provider links. Ignoring it. CONTEXT: {"gateway":"woocommerce_payments_grabpay","country":""}
2026-02-19T16:30:49+00:00 DEBUG Received invalid country code when getting provider links. Ignoring it. CONTEXT: {"gateway":"woocommerce_payments_alipay","country":""}
2026-02-19T16:30:49+00:00 DEBUG Received invalid country code when getting provider links. Ignoring it. CONTEXT: {"gateway":"woocommerce_payments_wechat_pay","country":""}
2026-02-19T16:30:49+00:00 DEBUG Received invalid country code when getting provider links. Ignoring it. CONTEXT: {"gateway":"bacs","country":""}
2026-02-19T16:30:49+00:00 DEBUG Received invalid country code when getting provider links. Ignoring it. CONTEXT: {"gateway":"cheque","country":""}
2026-02-19T16:30:49+00:00 DEBUG Received invalid country code when getting provider links. Ignoring it. CONTEXT: {"gateway":"cod","country":""}
2026-02-19T16:30:49+00:00 DEBUG Received invalid country code when getting provider links. Ignoring it. CONTEXT: {"gateway":"ppcp-gateway","country":""}
2026-02-19T16:30:49+00:00 DEBUG Received invalid country code when getting provider links. Ignoring it. CONTEXT: {"gateway":"woocommerce_payments_bancontact","country":""}
2026-02-19T16:30:49+00:00 DEBUG Received invalid country code when getting provider links. Ignoring it. CONTEXT: {"gateway":"woocommerce_payments_sepa_debit","country":""}
2026-02-19T16:30:49+00:00 DEBUG Received invalid country code when getting provider links. Ignoring it. CONTEXT: {"gateway":"woocommerce_payments_giropay","country":""}
2026-02-19T16:30:49+00:00 DEBUG Received invalid country code when getting provider links. Ignoring it. CONTEXT: {"gateway":"woocommerce_payments_sofort","country":""}
2026-02-19T16:30:49+00:00 DEBUG Received invalid country code when getting provider links. Ignoring it. CONTEXT: {"gateway":"woocommerce_payments_p24","country":""}
2026-02-19T16:30:49+00:00 DEBUG Received invalid country code when getting provider links. Ignoring it. CONTEXT: {"gateway":"woocommerce_payments_ideal","country":""}
2026-02-19T16:30:49+00:00 DEBUG Received invalid country code when getting provider links. Ignoring it. CONTEXT: {"gateway":"woocommerce_payments_au_becs_debit","country":""}
2026-02-19T16:30:49+00:00 DEBUG Received invalid country code when getting provider links. Ignoring it. CONTEXT: {"gateway":"woocommerce_payments_eps","country":""}
2026-02-19T16:30:49+00:00 DEBUG Received invalid country code when getting provider links. Ignoring it. CONTEXT: {"gateway":"woocommerce_payments_affirm","country":""}
2026-02-19T16:30:49+00:00 DEBUG Received invalid country code when getting provider links. Ignoring it. CONTEXT: {"gateway":"woocommerce_payments_afterpay_clearpay","country":""}
2026-02-19T16:30:49+00:00 DEBUG Received invalid country code when getting provider links. Ignoring it. CONTEXT: {"gateway":"woocommerce_payments_klarna","country":""}
2026-02-19T16:30:49+00:00 DEBUG Received invalid country code when getting provider links. Ignoring it. CONTEXT: {"gateway":"woocommerce_payments_multibanco","country":""}
2026-02-19T16:30:49+00:00 DEBUG Received invalid country code when getting provider links. Ignoring it. CONTEXT: {"gateway":"woocommerce_payments_grabpay","country":""}
2026-02-19T16:30:49+00:00 DEBUG Received invalid country code when getting provider links. Ignoring it. CONTEXT: {"gateway":"woocommerce_payments_alipay","country":""}
2026-02-19T16:30:49+00:00 DEBUG Received invalid country code when getting provider links. Ignoring it. CONTEXT: {"gateway":"woocommerce_payments_wechat_pay","country":""}
2026-02-19T16:30:49+00:00 DEBUG Received invalid country code when getting provider links. Ignoring it. CONTEXT: {"gateway":"woocommerce_payments","country":""}
2026-02-19T16:30:49+00:00 DEBUG Received invalid country code when getting provider links. Ignoring it. CONTEXT: {"gateway":"woocommerce_payments_bancontact","country":""}
2026-02-19T16:30:49+00:00 DEBUG Received invalid country code when getting provider links. Ignoring it. CONTEXT: {"gateway":"woocommerce_payments_sepa_debit","country":""}
2026-02-19T16:30:49+00:00 DEBUG Received invalid country code when getting provider links. Ignoring it. CONTEXT: {"gateway":"woocommerce_payments_giropay","country":""}
2026-02-19T16:30:49+00:00 DEBUG Received invalid country code when getting provider links. Ignoring it. CONTEXT: {"gateway":"woocommerce_payments_sofort","country":""}
2026-02-19T16:30:49+00:00 DEBUG Received invalid country code when getting provider links. Ignoring it. CONTEXT: {"gateway":"woocommerce_payments_p24","country":""}
2026-02-19T16:30:49+00:00 DEBUG Received invalid country code when getting provider links. Ignoring it. CONTEXT: {"gateway":"woocommerce_payments_ideal","country":""}
2026-02-19T16:30:49+00:00 DEBUG Received invalid country code when getting provider links. Ignoring it. CONTEXT: {"gateway":"woocommerce_payments_au_becs_debit","country":""}
2026-02-19T16:30:49+00:00 DEBUG Received invalid country code when getting provider links. Ignoring it. CONTEXT: {"gateway":"woocommerce_payments_eps","country":""}
2026-02-19T16:30:49+00:00 DEBUG Received invalid country code when getting provider links. Ignoring it. CONTEXT: {"gateway":"woocommerce_payments_affirm","country":""}
2026-02-19T16:30:49+00:00 DEBUG Received invalid country code when getting provider links. Ignoring it. CONTEXT: {"gateway":"woocommerce_payments_afterpay_clearpay","country":""}
2026-02-19T16:30:49+00:00 DEBUG Received invalid country code when getting provider links. Ignoring it. CONTEXT: {"gateway":"woocommerce_payments_klarna","country":""}
2026-02-19T16:30:49+00:00 DEBUG Received invalid country code when getting provider links. Ignoring it. CONTEXT: {"gateway":"woocommerce_payments_multibanco","country":""}
2026-02-19T16:30:49+00:00 DEBUG Received invalid country code when getting provider links. Ignoring it. CONTEXT: {"gateway":"woocommerce_payments_grabpay","country":""}
2026-02-19T16:30:49+00:00 DEBUG Received invalid country code when getting provider links. Ignoring it. CONTEXT: {"gateway":"woocommerce_payments_alipay","country":""}
2026-02-19T16:30:49+00:00 DEBUG Received invalid country code when getting provider links. Ignoring it. CONTEXT: {"gateway":"woocommerce_payments_wechat_pay","country":""}
2026-02-19T16:30:49+00:00 DEBUG Received invalid country code when getting provider links. Ignoring it. CONTEXT: {"gateway":"bacs","country":""}
2026-02-19T16:30:49+00:00 DEBUG Received invalid country code when getting provider links. Ignoring it. CONTEXT: {"gateway":"cheque","country":""}
2026-02-19T16:30:49+00:00 DEBUG Received invalid country code when getting provider links. Ignoring it. CONTEXT: {"gateway":"cod","country":""}
2026-02-19T16:30:49+00:00 DEBUG Received invalid country code when getting provider links. Ignoring it. CONTEXT: {"gateway":"ppcp-gateway","country":""}
2026-02-19T16:30:49+00:00 DEBUG Received invalid country code when getting provider links. Ignoring it. CONTEXT: {"gateway":"woocommerce_payments_bancontact","country":""}
2026-02-19T16:30:49+00:00 DEBUG Received invalid country code when getting provider links. Ignoring it. CONTEXT: {"gateway":"woocommerce_payments_sepa_debit","country":""}
2026-02-19T16:30:49+00:00 DEBUG Received invalid country code when getting provider links. Ignoring it. CONTEXT: {"gateway":"woocommerce_payments_giropay","country":""}
2026-02-19T16:30:49+00:00 DEBUG Received invalid country code when getting provider links. Ignoring it. CONTEXT: {"gateway":"woocommerce_payments_sofort","country":""}
2026-02-19T16:30:49+00:00 DEBUG Received invalid country code when getting provider links. Ignoring it. CONTEXT: {"gateway":"woocommerce_payments_p24","country":""}
2026-02-19T16:30:49+00:00 DEBUG Received invalid country code when getting provider links. Ignoring it. CONTEXT: {"gateway":"woocommerce_payments_ideal","country":""}
2026-02-19T16:30:49+00:00 DEBUG Received invalid country code when getting provider links. Ignoring it. CONTEXT: {"gateway":"woocommerce_payments_au_becs_debit","country":""}
2026-02-19T16:30:49+00:00 DEBUG Received invalid country code when getting provider links. Ignoring it. CONTEXT: {"gateway":"woocommerce_payments_eps","country":""}
2026-02-19T16:30:49+00:00 DEBUG Received invalid country code when getting provider links. Ignoring it. CONTEXT: {"gateway":"woocommerce_payments_affirm","country":""}
2026-02-19T16:30:49+00:00 DEBUG Received invalid country code when getting provider links. Ignoring it. CONTEXT: {"gateway":"woocommerce_payments_afterpay_clearpay","country":""}
2026-02-19T16:30:49+00:00 DEBUG Received invalid country code when getting provider links. Ignoring it. CONTEXT: {"gateway":"woocommerce_payments_klarna","country":""}
2026-02-19T16:30:49+00:00 DEBUG Received invalid country code when getting provider links. Ignoring it. CONTEXT: {"gateway":"woocommerce_payments_multibanco","country":""}
2026-02-19T16:30:49+00:00 DEBUG Received invalid country code when getting provider links. Ignoring it. CONTEXT: {"gateway":"woocommerce_payments_grabpay","country":""}
2026-02-19T16:30:49+00:00 DEBUG Received invalid country code when getting provider links. Ignoring it. CONTEXT: {"gateway":"woocommerce_payments_alipay","country":""}
2026-02-19T16:30:49+00:00 DEBUG Received invalid country code when getting provider links. Ignoring it. CONTEXT: {"gateway":"woocommerce_payments_wechat_pay","country":""}
2026-02-19T16:30:49+00:00 DEBUG Received invalid country code when getting provider links. Ignoring it. CONTEXT: {"gateway":"woocommerce_payments","country":""}
2026-02-19T16:30:49+00:00 DEBUG Received invalid country code when getting provider links. Ignoring it. CONTEXT: {"gateway":"woocommerce_payments_bancontact","country":""}
2026-02-19T16:30:49+00:00 DEBUG Received invalid country code when getting provider links. Ignoring it. CONTEXT: {"gateway":"woocommerce_payments_sepa_debit","country":""}
2026-02-19T16:30:49+00:00 DEBUG Received invalid country code when getting provider links. Ignoring it. CONTEXT: {"gateway":"woocommerce_payments_giropay","country":""}
2026-02-19T16:30:49+00:00 DEBUG Received invalid country code when getting provider links. Ignoring it. CONTEXT: {"gateway":"woocommerce_payments_sofort","country":""}
2026-02-19T16:30:49+00:00 DEBUG Received invalid country code when getting provider links. Ignoring it. CONTEXT: {"gateway":"woocommerce_payments_p24","country":""}
2026-02-19T16:30:49+00:00 DEBUG Received invalid country code when getting provider links. Ignoring it. CONTEXT: {"gateway":"woocommerce_payments_ideal","country":""}
2026-02-19T16:30:49+00:00 DEBUG Received invalid country code when getting provider links. Ignoring it. CONTEXT: {"gateway":"woocommerce_payments_au_becs_debit","country":""}
2026-02-19T16:30:49+00:00 DEBUG Received invalid country code when getting provider links. Ignoring it. CONTEXT: {"gateway":"woocommerce_payments_eps","country":""}
2026-02-19T16:30:49+00:00 DEBUG Received invalid country code when getting provider links. Ignoring it. CONTEXT: {"gateway":"woocommerce_payments_affirm","country":""}
2026-02-19T16:30:49+00:00 DEBUG Received invalid country code when getting provider links. Ignoring it. CONTEXT: {"gateway":"woocommerce_payments_afterpay_clearpay","country":""}
2026-02-19T16:30:49+00:00 DEBUG Received invalid country code when getting provider links. Ignoring it. CONTEXT: {"gateway":"woocommerce_payments_klarna","country":""}
2026-02-19T16:30:49+00:00 DEBUG Received invalid country code when getting provider links. Ignoring it. CONTEXT: {"gateway":"woocommerce_payments_multibanco","country":""}
2026-02-19T16:30:49+00:00 DEBUG Received invalid country code when getting provider links. Ignoring it. CONTEXT: {"gateway":"woocommerce_payments_grabpay","country":""}
2026-02-19T16:30:49+00:00 DEBUG Received invalid country code when getting provider links. Ignoring it. CONTEXT: {"gateway":"woocommerce_payments_alipay","country":""}
2026-02-19T16:30:49+00:00 DEBUG Received invalid country code when getting provider links. Ignoring it. CONTEXT: {"gateway":"woocommerce_payments_wechat_pay","country":""}
2026-02-19T16:30:49+00:00 DEBUG Received invalid country code when getting provider links. Ignoring it. CONTEXT: {"gateway":"bacs","country":""}
2026-02-19T16:30:49+00:00 DEBUG Received invalid country code when getting provider links. Ignoring it. CONTEXT: {"gateway":"cheque","country":""}
2026-02-19T16:30:49+00:00 DEBUG Received invalid country code when getting provider links. Ignoring it. CONTEXT: {"gateway":"cod","country":""}
2026-02-19T16:30:49+00:00 DEBUG Received invalid country code when getting provider links. Ignoring it. CONTEXT: {"gateway":"ppcp-gateway","country":""}
2026-02-19T16:30:49+00:00 DEBUG Received invalid country code when getting provider links. Ignoring it. CONTEXT: {"gateway":"woocommerce_payments_bancontact","country":""}
2026-02-19T16:30:49+00:00 DEBUG Received invalid country code when getting provider links. Ignoring it. CONTEXT: {"gateway":"woocommerce_payments_sepa_debit","country":""}
2026-02-19T16:30:49+00:00 DEBUG Received invalid country code when getting provider links. Ignoring it. CONTEXT: {"gateway":"woocommerce_payments_giropay","country":""}
2026-02-19T16:30:49+00:00 DEBUG Received invalid country code when getting provider links. Ignoring it. CONTEXT: {"gateway":"woocommerce_payments_sofort","country":""}
2026-02-19T16:30:49+00:00 DEBUG Received invalid country code when getting provider links. Ignoring it. CONTEXT: {"gateway":"woocommerce_payments_p24","country":""}
2026-02-19T16:30:49+00:00 DEBUG Received invalid country code when getting provider links. Ignoring it. CONTEXT: {"gateway":"woocommerce_payments_ideal","country":""}
2026-02-19T16:30:49+00:00 DEBUG Received invalid country code when getting provider links. Ignoring it. CONTEXT: {"gateway":"woocommerce_payments_au_becs_debit","country":""}
2026-02-19T16:30:49+00:00 DEBUG Received invalid country code when getting provider links. Ignoring it. CONTEXT: {"gateway":"woocommerce_payments_eps","country":""}
2026-02-19T16:30:49+00:00 DEBUG Received invalid country code when getting provider links. Ignoring it. CONTEXT: {"gateway":"woocommerce_payments_affirm","country":""}
2026-02-19T16:30:49+00:00 DEBUG Received invalid country code when getting provider links. Ignoring it. CONTEXT: {"gateway":"woocommerce_payments_afterpay_clearpay","country":""}
2026-02-19T16:30:49+00:00 DEBUG Received invalid country code when getting provider links. Ignoring it. CONTEXT: {"gateway":"woocommerce_payments_klarna","country":""}
2026-02-19T16:30:49+00:00 DEBUG Received invalid country code when getting provider links. Ignoring it. CONTEXT: {"gateway":"woocommerce_payments_multibanco","country":""}
2026-02-19T16:30:49+00:00 DEBUG Received invalid country code when getting provider links. Ignoring it. CONTEXT: {"gateway":"woocommerce_payments_grabpay","country":""}
2026-02-19T16:30:49+00:00 DEBUG Received invalid country code when getting provider links. Ignoring it. CONTEXT: {"gateway":"woocommerce_payments_alipay","country":""}
2026-02-19T16:30:49+00:00 DEBUG Received invalid country code when getting provider links. Ignoring it. CONTEXT: {"gateway":"woocommerce_payments_wechat_pay","country":""}
2026-02-19T16:30:49+00:00 DEBUG Received invalid country code when getting provider links. Ignoring it. CONTEXT: {"gateway":"woocommerce_payments","country":""}
2026-02-19T16:30:49+00:00 DEBUG Received invalid country code when getting provider links. Ignoring it. CONTEXT: {"gateway":"woocommerce_payments_bancontact","country":""}
2026-02-19T16:30:49+00:00 DEBUG Received invalid country code when getting provider links. Ignoring it. CONTEXT: {"gateway":"woocommerce_payments_sepa_debit","country":""}
2026-02-19T16:30:49+00:00 DEBUG Received invalid country code when getting provider links. Ignoring it. CONTEXT: {"gateway":"woocommerce_payments_giropay","country":""}
2026-02-19T16:30:49+00:00 DEBUG Received invalid country code when getting provider links. Ignoring it. CONTEXT: {"gateway":"woocommerce_payments_sofort","country":""}
2026-02-19T16:30:49+00:00 DEBUG Received invalid country code when getting provider links. Ignoring it. CONTEXT: {"gateway":"woocommerce_payments_p24","country":""}
2026-02-19T16:30:49+00:00 DEBUG Received invalid country code when getting provider links. Ignoring it. CONTEXT: {"gateway":"woocommerce_payments_ideal","country":""}
2026-02-19T16:30:49+00:00 DEBUG Received invalid country code when getting provider links. Ignoring it. CONTEXT: {"gateway":"woocommerce_payments_au_becs_debit","country":""}
2026-02-19T16:30:49+00:00 DEBUG Received invalid country code when getting provider links. Ignoring it. CONTEXT: {"gateway":"woocommerce_payments_eps","country":""}
2026-02-19T16:30:49+00:00 DEBUG Received invalid country code when getting provider links. Ignoring it. CONTEXT: {"gateway":"woocommerce_payments_affirm","country":""}
2026-02-19T16:30:49+00:00 DEBUG Received invalid country code when getting provider links. Ignoring it. CONTEXT: {"gateway":"woocommerce_payments_afterpay_clearpay","country":""}
2026-02-19T16:30:49+00:00 DEBUG Received invalid country code when getting provider links. Ignoring it. CONTEXT: {"gateway":"woocommerce_payments_klarna","country":""}
2026-02-19T16:30:49+00:00 DEBUG Received invalid country code when getting provider links. Ignoring it. CONTEXT: {"gateway":"woocommerce_payments_multibanco","country":""}
2026-02-19T16:30:49+00:00 DEBUG Received invalid country code when getting provider links. Ignoring it. CONTEXT: {"gateway":"woocommerce_payments_grabpay","country":""}
2026-02-19T16:30:49+00:00 DEBUG Received invalid country code when getting provider links. Ignoring it. CONTEXT: {"gateway":"woocommerce_payments_alipay","country":""}
2026-02-19T16:30:49+00:00 DEBUG Received invalid country code when getting provider links. Ignoring it. CONTEXT: {"gateway":"woocommerce_payments_wechat_pay","country":""}
2026-02-19T16:30:49+00:00 DEBUG Received invalid country code when getting provider links. Ignoring it. CONTEXT: {"gateway":"bacs","country":""}
2026-02-19T16:30:49+00:00 DEBUG Received invalid country code when getting provider links. Ignoring it. CONTEXT: {"gateway":"cheque","country":""}
2026-02-19T16:30:49+00:00 DEBUG Received invalid country code when getting provider links. Ignoring it. CONTEXT: {"gateway":"cod","country":""}
2026-02-19T16:30:49+00:00 DEBUG Received invalid country code when getting provider links. Ignoring it. CONTEXT: {"gateway":"ppcp-gateway","country":""}
2026-02-19T16:30:49+00:00 DEBUG Received invalid country code when getting provider links. Ignoring it. CONTEXT: {"gateway":"woocommerce_payments_bancontact","country":""}
2026-02-19T16:30:49+00:00 DEBUG Received invalid country code when getting provider links. Ignoring it. CONTEXT: {"gateway":"woocommerce_payments_sepa_debit","country":""}
2026-02-19T16:30:49+00:00 DEBUG Received invalid country code when getting provider links. Ignoring it. CONTEXT: {"gateway":"woocommerce_payments_giropay","country":""}
2026-02-19T16:30:49+00:00 DEBUG Received invalid country code when getting provider links. Ignoring it. CONTEXT: {"gateway":"woocommerce_payments_sofort","country":""}
2026-02-19T16:30:49+00:00 DEBUG Received invalid country code when getting provider links. Ignoring it. CONTEXT: {"gateway":"woocommerce_payments_p24","country":""}
2026-02-19T16:30:49+00:00 DEBUG Received invalid country code when getting provider links. Ignoring it. CONTEXT: {"gateway":"woocommerce_payments_ideal","country":""}
2026-02-19T16:30:49+00:00 DEBUG Received invalid country code when getting provider links. Ignoring it. CONTEXT: {"gateway":"woocommerce_payments_au_becs_debit","country":""}
2026-02-19T16:30:49+00:00 DEBUG Received invalid country code when getting provider links. Ignoring it. CONTEXT: {"gateway":"woocommerce_payments_eps","country":""}
2026-02-19T16:30:49+00:00 DEBUG Received invalid country code when getting provider links. Ignoring it. CONTEXT: {"gateway":"woocommerce_payments_affirm","country":""}
2026-02-19T16:30:49+00:00 DEBUG Received invalid country code when getting provider links. Ignoring it. CONTEXT: {"gateway":"woocommerce_payments_afterpay_clearpay","country":""}
2026-02-19T16:30:49+00:00 DEBUG Received invalid country code when getting provider links. Ignoring it. CONTEXT: {"gateway":"woocommerce_payments_klarna","country":""}
2026-02-19T16:30:49+00:00 DEBUG Received invalid country code when getting provider links. Ignoring it. CONTEXT: {"gateway":"woocommerce_payments_multibanco","country":""}
2026-02-19T16:30:49+00:00 DEBUG Received invalid country code when getting provider links. Ignoring it. CONTEXT: {"gateway":"woocommerce_payments_grabpay","country":""}
2026-02-19T16:30:49+00:00 DEBUG Received invalid country code when getting provider links. Ignoring it. CONTEXT: {"gateway":"woocommerce_payments_alipay","country":""}
2026-02-19T16:30:49+00:00 DEBUG Received invalid country code when getting provider links. Ignoring it. CONTEXT: {"gateway":"woocommerce_payments_wechat_pay","country":""}
2026-02-19T16:30:49+00:00 DEBUG Received invalid country code when getting provider links. Ignoring it. CONTEXT: {"gateway":"woocommerce_payments","country":""}
2026-02-19T16:30:49+00:00 DEBUG Received invalid country code when getting provider links. Ignoring it. CONTEXT: {"gateway":"woocommerce_payments_bancontact","country":""}
2026-02-19T16:30:49+00:00 DEBUG Received invalid country code when getting provider links. Ignoring it. CONTEXT: {"gateway":"woocommerce_payments_sepa_debit","country":""}
2026-02-19T16:30:49+00:00 DEBUG Received invalid country code when getting provider links. Ignoring it. CONTEXT: {"gateway":"woocommerce_payments_giropay","country":""}
2026-02-19T16:30:49+00:00 DEBUG Received invalid country code when getting provider links. Ignoring it. CONTEXT: {"gateway":"woocommerce_payments_sofort","country":""}
2026-02-19T16:30:49+00:00 DEBUG Received invalid country code when getting provider links. Ignoring it. CONTEXT: {"gateway":"woocommerce_payments_p24","country":""}
2026-02-19T16:30:49+00:00 DEBUG Received invalid country code when getting provider links. Ignoring it. CONTEXT: {"gateway":"woocommerce_payments_ideal","country":""}
2026-02-19T16:30:49+00:00 DEBUG Received invalid country code when getting provider links. Ignoring it. CONTEXT: {"gateway":"woocommerce_payments_au_becs_debit","country":""}
2026-02-19T16:30:49+00:00 DEBUG Received invalid country code when getting provider links. Ignoring it. CONTEXT: {"gateway":"woocommerce_payments_eps","country":""}
2026-02-19T16:30:49+00:00 DEBUG Received invalid country code when getting provider links. Ignoring it. CONTEXT: {"gateway":"woocommerce_payments_affirm","country":""}
2026-02-19T16:30:49+00:00 DEBUG Received invalid country code when getting provider links. Ignoring it. CONTEXT: {"gateway":"woocommerce_payments_afterpay_clearpay","country":""}
2026-02-19T16:30:49+00:00 DEBUG Received invalid country code when getting provider links. Ignoring it. CONTEXT: {"gateway":"woocommerce_payments_klarna","country":""}
2026-02-19T16:30:49+00:00 DEBUG Received invalid country code when getting provider links. Ignoring it. CONTEXT: {"gateway":"woocommerce_payments_multibanco","country":""}
2026-02-19T16:30:49+00:00 DEBUG Received invalid country code when getting provider links. Ignoring it. CONTEXT: {"gateway":"woocommerce_payments_grabpay","country":""}
2026-02-19T16:30:49+00:00 DEBUG Received invalid country code when getting provider links. Ignoring it. CONTEXT: {"gateway":"woocommerce_payments_alipay","country":""}
2026-02-19T16:30:49+00:00 DEBUG Received invalid country code when getting provider links. Ignoring it. CONTEXT: {"gateway":"woocommerce_payments_wechat_pay","country":""}
2026-02-19T16:30:49+00:00 DEBUG Received invalid country code when getting provider links. Ignoring it. CONTEXT: {"gateway":"bacs","country":""}
2026-02-19T16:30:49+00:00 DEBUG Received invalid country code when getting provider links. Ignoring it. CONTEXT: {"gateway":"cheque","country":""}
2026-02-19T16:30:49+00:00 DEBUG Received invalid country code when getting provider links. Ignoring it. CONTEXT: {"gateway":"cod","country":""}
2026-02-19T16:30:49+00:00 DEBUG Received invalid country code when getting provider links. Ignoring it. CONTEXT: {"gateway":"ppcp-gateway","country":""}
2026-02-19T16:30:49+00:00 DEBUG Received invalid country code when getting provider links. Ignoring it. CONTEXT: {"gateway":"woocommerce_payments_bancontact","country":""}
2026-02-19T16:30:49+00:00 DEBUG Received invalid country code when getting provider links. Ignoring it. CONTEXT: {"gateway":"woocommerce_payments_sepa_debit","country":""}
2026-02-19T16:30:49+00:00 DEBUG Received invalid country code when getting provider links. Ignoring it. CONTEXT: {"gateway":"woocommerce_payments_giropay","country":""}
2026-02-19T16:30:49+00:00 DEBUG Received invalid country code when getting provider links. Ignoring it. CONTEXT: {"gateway":"woocommerce_payments_sofort","country":""}
2026-02-19T16:30:49+00:00 DEBUG Received invalid country code when getting provider links. Ignoring it. CONTEXT: {"gateway":"woocommerce_payments_p24","country":""}
2026-02-19T16:30:49+00:00 DEBUG Received invalid country code when getting provider links. Ignoring it. CONTEXT: {"gateway":"woocommerce_payments_ideal","country":""}
2026-02-19T16:30:49+00:00 DEBUG Received invalid country code when getting provider links. Ignoring it. CONTEXT: {"gateway":"woocommerce_payments_au_becs_debit","country":""}
2026-02-19T16:30:49+00:00 DEBUG Received invalid country code when getting provider links. Ignoring it. CONTEXT: {"gateway":"woocommerce_payments_eps","country":""}
2026-02-19T16:30:49+00:00 DEBUG Received invalid country code when getting provider links. Ignoring it. CONTEXT: {"gateway":"woocommerce_payments_affirm","country":""}
2026-02-19T16:30:49+00:00 DEBUG Received invalid country code when getting provider links. Ignoring it. CONTEXT: {"gateway":"woocommerce_payments_afterpay_clearpay","country":""}
2026-02-19T16:30:49+00:00 DEBUG Received invalid country code when getting provider links. Ignoring it. CONTEXT: {"gateway":"woocommerce_payments_klarna","country":""}
2026-02-19T16:30:49+00:00 DEBUG Received invalid country code when getting provider links. Ignoring it. CONTEXT: {"gateway":"woocommerce_payments_multibanco","country":""}
2026-02-19T16:30:49+00:00 DEBUG Received invalid country code when getting provider links. Ignoring it. CONTEXT: {"gateway":"woocommerce_payments_grabpay","country":""}
2026-02-19T16:30:49+00:00 DEBUG Received invalid country code when getting provider links. Ignoring it. CONTEXT: {"gateway":"woocommerce_payments_alipay","country":""}
2026-02-19T16:30:49+00:00 DEBUG Received invalid country code when getting provider links. Ignoring it. CONTEXT: {"gateway":"woocommerce_payments_wechat_pay","country":""}
2026-02-19T16:30:49+00:00 DEBUG Received invalid country code when getting provider links. Ignoring it. CONTEXT: {"gateway":"woocommerce_payments","country":""}
2026-02-19T16:30:49+00:00 DEBUG Received invalid country code when getting provider links. Ignoring it. CONTEXT: {"gateway":"woocommerce_payments_bancontact","country":""}
2026-02-19T16:30:49+00:00 DEBUG Received invalid country code when getting provider links. Ignoring it. CONTEXT: {"gateway":"woocommerce_payments_sepa_debit","country":""}
2026-02-19T16:30:49+00:00 DEBUG Received invalid country code when getting provider links. Ignoring it. CONTEXT: {"gateway":"woocommerce_payments_giropay","country":""}
2026-02-19T16:30:49+00:00 DEBUG Received invalid country code when getting provider links. Ignoring it. CONTEXT: {"gateway":"woocommerce_payments_sofort","country":""}
2026-02-19T16:30:49+00:00 DEBUG Received invalid country code when getting provider links. Ignoring it. CONTEXT: {"gateway":"woocommerce_payments_p24","country":""}
2026-02-19T16:30:49+00:00 DEBUG Received invalid country code when getting provider links. Ignoring it. CONTEXT: {"gateway":"woocommerce_payments_ideal","country":""}
2026-02-19T16:30:49+00:00 DEBUG Received invalid country code when getting provider links. Ignoring it. CONTEXT: {"gateway":"woocommerce_payments_au_becs_debit","country":""}
2026-02-19T16:30:49+00:00 DEBUG Received invalid country code when getting provider links. Ignoring it. CONTEXT: {"gateway":"woocommerce_payments_eps","country":""}
2026-02-19T16:30:49+00:00 DEBUG Received invalid country code when getting provider links. Ignoring it. CONTEXT: {"gateway":"woocommerce_payments_affirm","country":""}
2026-02-19T16:30:49+00:00 DEBUG Received invalid country code when getting provider links. Ignoring it. CONTEXT: {"gateway":"woocommerce_payments_afterpay_clearpay","country":""}
2026-02-19T16:30:49+00:00 DEBUG Received invalid country code when getting provider links. Ignoring it. CONTEXT: {"gateway":"woocommerce_payments_klarna","country":""}
2026-02-19T16:30:49+00:00 DEBUG Received invalid country code when getting provider links. Ignoring it. CONTEXT: {"gateway":"woocommerce_payments_multibanco","country":""}
2026-02-19T16:30:49+00:00 DEBUG Received invalid country code when getting provider links. Ignoring it. CONTEXT: {"gateway":"woocommerce_payments_grabpay","country":""}
2026-02-19T16:30:49+00:00 DEBUG Received invalid country code when getting provider links. Ignoring it. CONTEXT: {"gateway":"woocommerce_payments_alipay","country":""}
2026-02-19T16:30:49+00:00 DEBUG Received invalid country code when getting provider links. Ignoring it. CONTEXT: {"gateway":"woocommerce_payments_wechat_pay","country":""}
2026-02-19T16:30:49+00:00 DEBUG Received invalid country code when getting provider links. Ignoring it. CONTEXT: {"gateway":"bacs","country":""}
2026-02-19T16:30:49+00:00 DEBUG Received invalid country code when getting provider links. Ignoring it. CONTEXT: {"gateway":"cheque","country":""}
2026-02-19T16:30:49+00:00 DEBUG Received invalid country code when getting provider links. Ignoring it. CONTEXT: {"gateway":"cod","country":""}
2026-02-19T16:30:49+00:00 DEBUG Received invalid country code when getting provider links. Ignoring it. CONTEXT: {"gateway":"ppcp-gateway","country":""}
2026-02-19T16:30:49+00:00 DEBUG Received invalid country code when getting provider links. Ignoring it. CONTEXT: {"gateway":"woocommerce_payments_bancontact","country":""}
2026-02-19T16:30:49+00:00 DEBUG Received invalid country code when getting provider links. Ignoring it. CONTEXT: {"gateway":"woocommerce_payments_sepa_debit","country":""}
2026-02-19T16:30:49+00:00 DEBUG Received invalid country code when getting provider links. Ignoring it. CONTEXT: {"gateway":"woocommerce_payments_giropay","country":""}
2026-02-19T16:30:49+00:00 DEBUG Received invalid country code when getting provider links. Ignoring it. CONTEXT: {"gateway":"woocommerce_payments_sofort","country":""}
2026-02-19T16:30:49+00:00 DEBUG Received invalid country code when getting provider links. Ignoring it. CONTEXT: {"gateway":"woocommerce_payments_p24","country":""}
2026-02-19T16:30:49+00:00 DEBUG Received invalid country code when getting provider links. Ignoring it. CONTEXT: {"gateway":"woocommerce_payments_ideal","country":""}
2026-02-19T16:30:49+00:00 DEBUG Received invalid country code when getting provider links. Ignoring it. CONTEXT: {"gateway":"woocommerce_payments_au_becs_debit","country":""}
2026-02-19T16:30:49+00:00 DEBUG Received invalid country code when getting provider links. Ignoring it. CONTEXT: {"gateway":"woocommerce_payments_eps","country":""}
2026-02-19T16:30:49+00:00 DEBUG Received invalid country code when getting provider links. Ignoring it. CONTEXT: {"gateway":"woocommerce_payments_affirm","country":""}
2026-02-19T16:30:49+00:00 DEBUG Received invalid country code when getting provider links. Ignoring it. CONTEXT: {"gateway":"woocommerce_payments_afterpay_clearpay","country":""}
2026-02-19T16:30:49+00:00 DEBUG Received invalid country code when getting provider links. Ignoring it. CONTEXT: {"gateway":"woocommerce_payments_klarna","country":""}
2026-02-19T16:30:49+00:00 DEBUG Received invalid country code when getting provider links. Ignoring it. CONTEXT: {"gateway":"woocommerce_payments_multibanco","country":""}
2026-02-19T16:30:49+00:00 DEBUG Received invalid country code when getting provider links. Ignoring it. CONTEXT: {"gateway":"woocommerce_payments_grabpay","country":""}
2026-02-19T16:30:49+00:00 DEBUG Received invalid country code when getting provider links. Ignoring it. CONTEXT: {"gateway":"woocommerce_payments_alipay","country":""}
2026-02-19T16:30:49+00:00 DEBUG Received invalid country code when getting provider links. Ignoring it. CONTEXT: {"gateway":"woocommerce_payments_wechat_pay","country":""}
2026-02-19T16:30:49+00:00 DEBUG Received invalid country code when getting provider links. Ignoring it. CONTEXT: {"gateway":"woocommerce_payments","country":""}
2026-02-19T16:30:49+00:00 DEBUG Received invalid country code when getting provider links. Ignoring it. CONTEXT: {"gateway":"woocommerce_payments_bancontact","country":""}
2026-02-19T16:30:49+00:00 DEBUG Received invalid country code when getting provider links. Ignoring it. CONTEXT: {"gateway":"woocommerce_payments_sepa_debit","country":""}
2026-02-19T16:30:49+00:00 DEBUG Received invalid country code when getting provider links. Ignoring it. CONTEXT: {"gateway":"woocommerce_payments_giropay","country":""}
2026-02-19T16:30:49+00:00 DEBUG Received invalid country code when getting provider links. Ignoring it. CONTEXT: {"gateway":"woocommerce_payments_sofort","country":""}
2026-02-19T16:30:49+00:00 DEBUG Received invalid country code when getting provider links. Ignoring it. CONTEXT: {"gateway":"woocommerce_payments_p24","country":""}
2026-02-19T16:30:49+00:00 DEBUG Received invalid country code when getting provider links. Ignoring it. CONTEXT: {"gateway":"woocommerce_payments_ideal","country":""}
2026-02-19T16:30:49+00:00 DEBUG Received invalid country code when getting provider links. Ignoring it. CONTEXT: {"gateway":"woocommerce_payments_au_becs_debit","country":""}
2026-02-19T16:30:49+00:00 DEBUG Received invalid country code when getting provider links. Ignoring it. CONTEXT: {"gateway":"woocommerce_payments_eps","country":""}
2026-02-19T16:30:49+00:00 DEBUG Received invalid country code when getting provider links. Ignoring it. CONTEXT: {"gateway":"woocommerce_payments_affirm","country":""}
2026-02-19T16:30:49+00:00 DEBUG Received invalid country code when getting provider links. Ignoring it. CONTEXT: {"gateway":"woocommerce_payments_afterpay_clearpay","country":""}
2026-02-19T16:30:49+00:00 DEBUG Received invalid country code when getting provider links. Ignoring it. CONTEXT: {"gateway":"woocommerce_payments_klarna","country":""}
2026-02-19T16:30:49+00:00 DEBUG Received invalid country code when getting provider links. Ignoring it. CONTEXT: {"gateway":"woocommerce_payments_multibanco","country":""}
2026-02-19T16:30:49+00:00 DEBUG Received invalid country code when getting provider links. Ignoring it. CONTEXT: {"gateway":"woocommerce_payments_grabpay","country":""}
2026-02-19T16:30:49+00:00 DEBUG Received invalid country code when getting provider links. Ignoring it. CONTEXT: {"gateway":"woocommerce_payments_alipay","country":""}
2026-02-19T16:30:49+00:00 DEBUG Received invalid country code when getting provider links. Ignoring it. CONTEXT: {"gateway":"woocommerce_payments_wechat_pay","country":""}
2026-02-19T16:30:49+00:00 DEBUG Received invalid country code when getting provider links. Ignoring it. CONTEXT: {"gateway":"bacs","country":""}
2026-02-19T16:30:49+00:00 DEBUG Received invalid country code when getting provider links. Ignoring it. CONTEXT: {"gateway":"cheque","country":""}
2026-02-19T16:30:49+00:00 DEBUG Received invalid country code when getting provider links. Ignoring it. CONTEXT: {"gateway":"cod","country":""}
2026-02-19T16:30:49+00:00 DEBUG Received invalid country code when getting provider links. Ignoring it. CONTEXT: {"gateway":"ppcp-gateway","country":""}
2026-02-19T16:30:49+00:00 DEBUG Received invalid country code when getting provider links. Ignoring it. CONTEXT: {"gateway":"woocommerce_payments_bancontact","country":""}
2026-02-19T16:30:49+00:00 DEBUG Received invalid country code when getting provider links. Ignoring it. CONTEXT: {"gateway":"woocommerce_payments_sepa_debit","country":""}
2026-02-19T16:30:49+00:00 DEBUG Received invalid country code when getting provider links. Ignoring it. CONTEXT: {"gateway":"woocommerce_payments_giropay","country":""}
2026-02-19T16:30:49+00:00 DEBUG Received invalid country code when getting provider links. Ignoring it. CONTEXT: {"gateway":"woocommerce_payments_sofort","country":""}
2026-02-19T16:30:49+00:00 DEBUG Received invalid country code when getting provider links. Ignoring it. CONTEXT: {"gateway":"woocommerce_payments_p24","country":""}
2026-02-19T16:30:49+00:00 DEBUG Received invalid country code when getting provider links. Ignoring it. CONTEXT: {"gateway":"woocommerce_payments_ideal","country":""}
2026-02-19T16:30:49+00:00 DEBUG Received invalid country code when getting provider links. Ignoring it. CONTEXT: {"gateway":"woocommerce_payments_au_becs_debit","country":""}
2026-02-19T16:30:49+00:00 DEBUG Received invalid country code when getting provider links. Ignoring it. CONTEXT: {"gateway":"woocommerce_payments_eps","country":""}
2026-02-19T16:30:49+00:00 DEBUG Received invalid country code when getting provider links. Ignoring it. CONTEXT: {"gateway":"woocommerce_payments_affirm","country":""}
2026-02-19T16:30:49+00:00 DEBUG Received invalid country code when getting provider links. Ignoring it. CONTEXT: {"gateway":"woocommerce_payments_afterpay_clearpay","country":""}
2026-02-19T16:30:49+00:00 DEBUG Received invalid country code when getting provider links. Ignoring it. CONTEXT: {"gateway":"woocommerce_payments_klarna","country":""}
2026-02-19T16:30:49+00:00 DEBUG Received invalid country code when getting provider links. Ignoring it. CONTEXT: {"gateway":"woocommerce_payments_multibanco","country":""}
2026-02-19T16:30:49+00:00 DEBUG Received invalid country code when getting provider links. Ignoring it. CONTEXT: {"gateway":"woocommerce_payments_grabpay","country":""}
2026-02-19T16:30:49+00:00 DEBUG Received invalid country code when getting provider links. Ignoring it. CONTEXT: {"gateway":"woocommerce_payments_alipay","country":""}
2026-02-19T16:30:49+00:00 DEBUG Received invalid country code when getting provider links. Ignoring it. CONTEXT: {"gateway":"woocommerce_payments_wechat_pay","country":""}
2026-02-19T16:30:49+00:00 DEBUG Received invalid country code when getting provider links. Ignoring it. CONTEXT: {"gateway":"woocommerce_payments","country":""}
2026-02-19T16:30:49+00:00 DEBUG Received invalid country code when getting provider links. Ignoring it. CONTEXT: {"gateway":"woocommerce_payments_bancontact","country":""}
2026-02-19T16:30:49+00:00 DEBUG Received invalid country code when getting provider links. Ignoring it. CONTEXT: {"gateway":"woocommerce_payments_sepa_debit","country":""}
2026-02-19T16:30:49+00:00 DEBUG Received invalid country code when getting provider links. Ignoring it. CONTEXT: {"gateway":"woocommerce_payments_giropay","country":""}
2026-02-19T16:30:49+00:00 DEBUG Received invalid country code when getting provider links. Ignoring it. CONTEXT: {"gateway":"woocommerce_payments_sofort","country":""}
2026-02-19T16:30:49+00:00 DEBUG Received invalid country code when getting provider links. Ignoring it. CONTEXT: {"gateway":"woocommerce_payments_p24","country":""}
2026-02-19T16:30:49+00:00 DEBUG Received invalid country code when getting provider links. Ignoring it. CONTEXT: {"gateway":"woocommerce_payments_ideal","country":""}
2026-02-19T16:30:49+00:00 DEBUG Received invalid country code when getting provider links. Ignoring it. CONTEXT: {"gateway":"woocommerce_payments_au_becs_debit","country":""}
2026-02-19T16:30:49+00:00 DEBUG Received invalid country code when getting provider links. Ignoring it. CONTEXT: {"gateway":"woocommerce_payments_eps","country":""}
2026-02-19T16:30:49+00:00 DEBUG Received invalid country code when getting provider links. Ignoring it. CONTEXT: {"gateway":"woocommerce_payments_affirm","country":""}
2026-02-19T16:30:49+00:00 DEBUG Received invalid country code when getting provider links. Ignoring it. CONTEXT: {"gateway":"woocommerce_payments_afterpay_clearpay","country":""}
2026-02-19T16:30:49+00:00 DEBUG Received invalid country code when getting provider links. Ignoring it. CONTEXT: {"gateway":"woocommerce_payments_klarna","country":""}
2026-02-19T16:30:49+00:00 DEBUG Received invalid country code when getting provider links. Ignoring it. CONTEXT: {"gateway":"woocommerce_payments_multibanco","country":""}
2026-02-19T16:30:49+00:00 DEBUG Received invalid country code when getting provider links. Ignoring it. CONTEXT: {"gateway":"woocommerce_payments_grabpay","country":""}
2026-02-19T16:30:49+00:00 DEBUG Received invalid country code when getting provider links. Ignoring it. CONTEXT: {"gateway":"woocommerce_payments_alipay","country":""}
2026-02-19T16:30:49+00:00 DEBUG Received invalid country code when getting provider links. Ignoring it. CONTEXT: {"gateway":"woocommerce_payments_wechat_pay","country":""}
2026-02-19T16:30:49+00:00 DEBUG Received invalid country code when getting provider links. Ignoring it. CONTEXT: {"gateway":"bacs","country":""}
2026-02-19T16:30:49+00:00 DEBUG Received invalid country code when getting provider links. Ignoring it. CONTEXT: {"gateway":"cheque","country":""}
2026-02-19T16:30:49+00:00 DEBUG Received invalid country code when getting provider links. Ignoring it. CONTEXT: {"gateway":"cod","country":""}
2026-02-19T16:30:49+00:00 DEBUG Received invalid country code when getting provider links. Ignoring it. CONTEXT: {"gateway":"ppcp-gateway","country":""}
2026-02-19T16:30:49+00:00 DEBUG Received invalid country code when getting provider links. Ignoring it. CONTEXT: {"gateway":"woocommerce_payments_bancontact","country":""}
2026-02-19T16:30:49+00:00 DEBUG Received invalid country code when getting provider links. Ignoring it. CONTEXT: {"gateway":"woocommerce_payments_sepa_debit","country":""}
2026-02-19T16:30:49+00:00 DEBUG Received invalid country code when getting provider links. Ignoring it. CONTEXT: {"gateway":"woocommerce_payments_giropay","country":""}
2026-02-19T16:30:49+00:00 DEBUG Received invalid country code when getting provider links. Ignoring it. CONTEXT: {"gateway":"woocommerce_payments_sofort","country":""}
2026-02-19T16:30:49+00:00 DEBUG Received invalid country code when getting provider links. Ignoring it. CONTEXT: {"gateway":"woocommerce_payments_p24","country":""}
2026-02-19T16:30:49+00:00 DEBUG Received invalid country code when getting provider links. Ignoring it. CONTEXT: {"gateway":"woocommerce_payments_ideal","country":""}
2026-02-19T16:30:49+00:00 DEBUG Received invalid country code when getting provider links. Ignoring it. CONTEXT: {"gateway":"woocommerce_payments_au_becs_debit","country":""}
2026-02-19T16:30:49+00:00 DEBUG Received invalid country code when getting provider links. Ignoring it. CONTEXT: {"gateway":"woocommerce_payments_eps","country":""}
2026-02-19T16:30:49+00:00 DEBUG Received invalid country code when getting provider links. Ignoring it. CONTEXT: {"gateway":"woocommerce_payments_affirm","country":""}
2026-02-19T16:30:49+00:00 DEBUG Received invalid country code when getting provider links. Ignoring it. CONTEXT: {"gateway":"woocommerce_payments_afterpay_clearpay","country":""}
2026-02-19T16:30:49+00:00 DEBUG Received invalid country code when getting provider links. Ignoring it. CONTEXT: {"gateway":"woocommerce_payments_klarna","country":""}
2026-02-19T16:30:49+00:00 DEBUG Received invalid country code when getting provider links. Ignoring it. CONTEXT: {"gateway":"woocommerce_payments_multibanco","country":""}
2026-02-19T16:30:49+00:00 DEBUG Received invalid country code when getting provider links. Ignoring it. CONTEXT: {"gateway":"woocommerce_payments_grabpay","country":""}
2026-02-19T16:30:49+00:00 DEBUG Received invalid country code when getting provider links. Ignoring it. CONTEXT: {"gateway":"woocommerce_payments_alipay","country":""}
2026-02-19T16:30:49+00:00 DEBUG Received invalid country code when getting provider links. Ignoring it. CONTEXT: {"gateway":"woocommerce_payments_wechat_pay","country":""}
2026-02-19T16:30:49+00:00 DEBUG Received invalid country code when getting provider links. Ignoring it. CONTEXT: {"gateway":"woocommerce_payments","country":""}
2026-02-19T16:30:49+00:00 DEBUG Received invalid country code when getting provider links. Ignoring it. CONTEXT: {"gateway":"woocommerce_payments_bancontact","country":""}
2026-02-19T16:30:49+00:00 DEBUG Received invalid country code when getting provider links. Ignoring it. CONTEXT: {"gateway":"woocommerce_payments_sepa_debit","country":""}
2026-02-19T16:30:49+00:00 DEBUG Received invalid country code when getting provider links. Ignoring it. CONTEXT: {"gateway":"woocommerce_payments_giropay","country":""}
2026-02-19T16:30:49+00:00 DEBUG Received invalid country code when getting provider links. Ignoring it. CONTEXT: {"gateway":"woocommerce_payments_sofort","country":""}
2026-02-19T16:30:49+00:00 DEBUG Received invalid country code when getting provider links. Ignoring it. CONTEXT: {"gateway":"woocommerce_payments_p24","country":""}
2026-02-19T16:30:49+00:00 DEBUG Received invalid country code when getting provider links. Ignoring it. CONTEXT: {"gateway":"woocommerce_payments_ideal","country":""}
2026-02-19T16:30:49+00:00 DEBUG Received invalid country code when getting provider links. Ignoring it. CONTEXT: {"gateway":"woocommerce_payments_au_becs_debit","country":""}
2026-02-19T16:30:49+00:00 DEBUG Received invalid country code when getting provider links. Ignoring it. CONTEXT: {"gateway":"woocommerce_payments_eps","country":""}
2026-02-19T16:30:49+00:00 DEBUG Received invalid country code when getting provider links. Ignoring it. CONTEXT: {"gateway":"woocommerce_payments_affirm","country":""}
2026-02-19T16:30:49+00:00 DEBUG Received invalid country code when getting provider links. Ignoring it. CONTEXT: {"gateway":"woocommerce_payments_afterpay_clearpay","country":""}
2026-02-19T16:30:49+00:00 DEBUG Received invalid country code when getting provider links. Ignoring it. CONTEXT: {"gateway":"woocommerce_payments_klarna","country":""}
2026-02-19T16:30:50+00:00 DEBUG Received invalid country code when getting provider links. Ignoring it. CONTEXT: {"gateway":"woocommerce_payments_multibanco","country":""}
2026-02-19T16:30:50+00:00 DEBUG Received invalid country code when getting provider links. Ignoring it. CONTEXT: {"gateway":"woocommerce_payments_grabpay","country":""}
2026-02-19T16:30:50+00:00 DEBUG Received invalid country code when getting provider links. Ignoring it. CONTEXT: {"gateway":"woocommerce_payments_alipay","country":""}
2026-02-19T16:30:50+00:00 DEBUG Received invalid country code when getting provider links. Ignoring it. CONTEXT: {"gateway":"woocommerce_payments_wechat_pay","country":""}
2026-02-19T16:30:50+00:00 DEBUG Received invalid country code when getting provider links. Ignoring it. CONTEXT: {"gateway":"bacs","country":""}
2026-02-19T16:30:50+00:00 DEBUG Received invalid country code when getting provider links. Ignoring it. CONTEXT: {"gateway":"cheque","country":""}
2026-02-19T16:30:50+00:00 DEBUG Received invalid country code when getting provider links. Ignoring it. CONTEXT: {"gateway":"cod","country":""}
2026-02-19T16:30:50+00:00 DEBUG Received invalid country code when getting provider links. Ignoring it. CONTEXT: {"gateway":"ppcp-gateway","country":""}
2026-02-19T16:30:50+00:00 DEBUG Received invalid country code when getting provider links. Ignoring it. CONTEXT: {"gateway":"woocommerce_payments_bancontact","country":""}
2026-02-19T16:30:50+00:00 DEBUG Received invalid country code when getting provider links. Ignoring it. CONTEXT: {"gateway":"woocommerce_payments_sepa_debit","country":""}
2026-02-19T16:30:50+00:00 DEBUG Received invalid country code when getting provider links. Ignoring it. CONTEXT: {"gateway":"woocommerce_payments_giropay","country":""}
2026-02-19T16:30:50+00:00 DEBUG Received invalid country code when getting provider links. Ignoring it. CONTEXT: {"gateway":"woocommerce_payments_sofort","country":""}
2026-02-19T16:30:50+00:00 DEBUG Received invalid country code when getting provider links. Ignoring it. CONTEXT: {"gateway":"woocommerce_payments_p24","country":""}
2026-02-19T16:30:50+00:00 DEBUG Received invalid country code when getting provider links. Ignoring it. CONTEXT: {"gateway":"woocommerce_payments_ideal","country":""}
2026-02-19T16:30:50+00:00 DEBUG Received invalid country code when getting provider links. Ignoring it. CONTEXT: {"gateway":"woocommerce_payments_au_becs_debit","country":""}
2026-02-19T16:30:50+00:00 DEBUG Received invalid country code when getting provider links. Ignoring it. CONTEXT: {"gateway":"woocommerce_payments_eps","country":""}
2026-02-19T16:30:50+00:00 DEBUG Received invalid country code when getting provider links. Ignoring it. CONTEXT: {"gateway":"woocommerce_payments_affirm","country":""}
2026-02-19T16:30:50+00:00 DEBUG Received invalid country code when getting provider links. Ignoring it. CONTEXT: {"gateway":"woocommerce_payments_afterpay_clearpay","country":""}
2026-02-19T16:30:50+00:00 DEBUG Received invalid country code when getting provider links. Ignoring it. CONTEXT: {"gateway":"woocommerce_payments_klarna","country":""}
2026-02-19T16:30:50+00:00 DEBUG Received invalid country code when getting provider links. Ignoring it. CONTEXT: {"gateway":"woocommerce_payments_multibanco","country":""}
2026-02-19T16:30:50+00:00 DEBUG Received invalid country code when getting provider links. Ignoring it. CONTEXT: {"gateway":"woocommerce_payments_grabpay","country":""}
2026-02-19T16:30:50+00:00 DEBUG Received invalid country code when getting provider links. Ignoring it. CONTEXT: {"gateway":"woocommerce_payments_alipay","country":""}
2026-02-19T16:30:50+00:00 DEBUG Received invalid country code when getting provider links. Ignoring it. CONTEXT: {"gateway":"woocommerce_payments_wechat_pay","country":""}
2026-02-19T16:30:50+00:00 DEBUG Received invalid country code when getting provider links. Ignoring it. CONTEXT: {"gateway":"woocommerce_payments","country":""}
2026-02-19T16:30:50+00:00 DEBUG Received invalid country code when getting provider links. Ignoring it. CONTEXT: {"gateway":"woocommerce_payments_bancontact","country":""}
2026-02-19T16:30:50+00:00 DEBUG Received invalid country code when getting provider links. Ignoring it. CONTEXT: {"gateway":"woocommerce_payments_sepa_debit","country":""}
2026-02-19T16:30:50+00:00 DEBUG Received invalid country code when getting provider links. Ignoring it. CONTEXT: {"gateway":"woocommerce_payments_giropay","country":""}
2026-02-19T16:30:50+00:00 DEBUG Received invalid country code when getting provider links. Ignoring it. CONTEXT: {"gateway":"woocommerce_payments_sofort","country":""}
2026-02-19T16:30:50+00:00 DEBUG Received invalid country code when getting provider links. Ignoring it. CONTEXT: {"gateway":"woocommerce_payments_p24","country":""}
2026-02-19T16:30:50+00:00 DEBUG Received invalid country code when getting provider links. Ignoring it. CONTEXT: {"gateway":"woocommerce_payments_ideal","country":""}
2026-02-19T16:30:50+00:00 DEBUG Received invalid country code when getting provider links. Ignoring it. CONTEXT: {"gateway":"woocommerce_payments_au_becs_debit","country":""}
2026-02-19T16:30:50+00:00 DEBUG Received invalid country code when getting provider links. Ignoring it. CONTEXT: {"gateway":"woocommerce_payments_eps","country":""}
2026-02-19T16:30:50+00:00 DEBUG Received invalid country code when getting provider links. Ignoring it. CONTEXT: {"gateway":"woocommerce_payments_affirm","country":""}
2026-02-19T16:30:50+00:00 DEBUG Received invalid country code when getting provider links. Ignoring it. CONTEXT: {"gateway":"woocommerce_payments_afterpay_clearpay","country":""}
2026-02-19T16:30:50+00:00 DEBUG Received invalid country code when getting provider links. Ignoring it. CONTEXT: {"gateway":"woocommerce_payments_klarna","country":""}
2026-02-19T16:30:50+00:00 DEBUG Received invalid country code when getting provider links. Ignoring it. CONTEXT: {"gateway":"woocommerce_payments_multibanco","country":""}
2026-02-19T16:30:50+00:00 DEBUG Received invalid country code when getting provider links. Ignoring it. CONTEXT: {"gateway":"woocommerce_payments_grabpay","country":""}
2026-02-19T16:30:50+00:00 DEBUG Received invalid country code when getting provider links. Ignoring it. CONTEXT: {"gateway":"woocommerce_payments_alipay","country":""}
2026-02-19T16:30:50+00:00 DEBUG Received invalid country code when getting provider links. Ignoring it. CONTEXT: {"gateway":"woocommerce_payments_wechat_pay","country":""}
2026-02-19T16:30:50+00:00 DEBUG Received invalid country code when getting provider links. Ignoring it. CONTEXT: {"gateway":"bacs","country":""}
2026-02-19T16:30:50+00:00 DEBUG Received invalid country code when getting provider links. Ignoring it. CONTEXT: {"gateway":"cheque","country":""}
2026-02-19T16:30:50+00:00 DEBUG Received invalid country code when getting provider links. Ignoring it. CONTEXT: {"gateway":"cod","country":""}
2026-02-19T16:30:50+00:00 DEBUG Received invalid country code when getting provider links. Ignoring it. CONTEXT: {"gateway":"ppcp-gateway","country":""}
2026-02-19T16:30:50+00:00 DEBUG Received invalid country code when getting provider links. Ignoring it. CONTEXT: {"gateway":"woocommerce_payments_bancontact","country":""}
2026-02-19T16:30:50+00:00 DEBUG Received invalid country code when getting provider links. Ignoring it. CONTEXT: {"gateway":"woocommerce_payments_sepa_debit","country":""}
2026-02-19T16:30:50+00:00 DEBUG Received invalid country code when getting provider links. Ignoring it. CONTEXT: {"gateway":"woocommerce_payments_giropay","country":""}
2026-02-19T16:30:50+00:00 DEBUG Received invalid country code when getting provider links. Ignoring it. CONTEXT: {"gateway":"woocommerce_payments_sofort","country":""}
2026-02-19T16:30:50+00:00 DEBUG Received invalid country code when getting provider links. Ignoring it. CONTEXT: {"gateway":"woocommerce_payments_p24","country":""}
2026-02-19T16:30:50+00:00 DEBUG Received invalid country code when getting provider links. Ignoring it. CONTEXT: {"gateway":"woocommerce_payments_ideal","country":""}
2026-02-19T16:30:50+00:00 DEBUG Received invalid country code when getting provider links. Ignoring it. CONTEXT: {"gateway":"woocommerce_payments_au_becs_debit","country":""}
2026-02-19T16:30:50+00:00 DEBUG Received invalid country code when getting provider links. Ignoring it. CONTEXT: {"gateway":"woocommerce_payments_eps","country":""}
2026-02-19T16:30:50+00:00 DEBUG Received invalid country code when getting provider links. Ignoring it. CONTEXT: {"gateway":"woocommerce_payments_affirm","country":""}
2026-02-19T16:30:50+00:00 DEBUG Received invalid country code when getting provider links. Ignoring it. CONTEXT: {"gateway":"woocommerce_payments_afterpay_clearpay","country":""}
2026-02-19T16:30:50+00:00 DEBUG Received invalid country code when getting provider links. Ignoring it. CONTEXT: {"gateway":"woocommerce_payments_klarna","country":""}
2026-02-19T16:30:50+00:00 DEBUG Received invalid country code when getting provider links. Ignoring it. CONTEXT: {"gateway":"woocommerce_payments_multibanco","country":""}
2026-02-19T16:30:50+00:00 DEBUG Received invalid country code when getting provider links. Ignoring it. CONTEXT: {"gateway":"woocommerce_payments_grabpay","country":""}
2026-02-19T16:30:50+00:00 DEBUG Received invalid country code when getting provider links. Ignoring it. CONTEXT: {"gateway":"woocommerce_payments_alipay","country":""}
2026-02-19T16:30:50+00:00 DEBUG Received invalid country code when getting provider links. Ignoring it. CONTEXT: {"gateway":"woocommerce_payments_wechat_pay","country":""}
2026-02-19T16:30:50+00:00 DEBUG Received invalid country code when getting provider links. Ignoring it. CONTEXT: {"gateway":"woocommerce_payments","country":""}
2026-02-19T16:30:50+00:00 DEBUG Received invalid country code when getting provider links. Ignoring it. CONTEXT: {"gateway":"woocommerce_payments_bancontact","country":""}
2026-02-19T16:30:50+00:00 DEBUG Received invalid country code when getting provider links. Ignoring it. CONTEXT: {"gateway":"woocommerce_payments_sepa_debit","country":""}
2026-02-19T16:30:50+00:00 DEBUG Received invalid country code when getting provider links. Ignoring it. CONTEXT: {"gateway":"woocommerce_payments_giropay","country":""}
2026-02-19T16:30:50+00:00 DEBUG Received invalid country code when getting provider links. Ignoring it. CONTEXT: {"gateway":"woocommerce_payments_sofort","country":""}
2026-02-19T16:30:50+00:00 DEBUG Received invalid country code when getting provider links. Ignoring it. CONTEXT: {"gateway":"woocommerce_payments_p24","country":""}
2026-02-19T16:30:50+00:00 DEBUG Received invalid country code when getting provider links. Ignoring it. CONTEXT: {"gateway":"woocommerce_payments_ideal","country":""}
2026-02-19T16:30:50+00:00 DEBUG Received invalid country code when getting provider links. Ignoring it. CONTEXT: {"gateway":"woocommerce_payments_au_becs_debit","country":""}
2026-02-19T16:30:50+00:00 DEBUG Received invalid country code when getting provider links. Ignoring it. CONTEXT: {"gateway":"woocommerce_payments_eps","country":""}
2026-02-19T16:30:50+00:00 DEBUG Received invalid country code when getting provider links. Ignoring it. CONTEXT: {"gateway":"woocommerce_payments_affirm","country":""}
2026-02-19T16:30:50+00:00 DEBUG Received invalid country code when getting provider links. Ignoring it. CONTEXT: {"gateway":"woocommerce_payments_afterpay_clearpay","country":""}
2026-02-19T16:30:50+00:00 DEBUG Received invalid country code when getting provider links. Ignoring it. CONTEXT: {"gateway":"woocommerce_payments_klarna","country":""}
2026-02-19T16:30:50+00:00 DEBUG Received invalid country code when getting provider links. Ignoring it. CONTEXT: {"gateway":"woocommerce_payments_multibanco","country":""}
2026-02-19T16:30:50+00:00 DEBUG Received invalid country code when getting provider links. Ignoring it. CONTEXT: {"gateway":"woocommerce_payments_grabpay","country":""}
2026-02-19T16:30:50+00:00 DEBUG Received invalid country code when getting provider links. Ignoring it. CONTEXT: {"gateway":"woocommerce_payments_alipay","country":""}
2026-02-19T16:30:50+00:00 DEBUG Received invalid country code when getting provider links. Ignoring it. CONTEXT: {"gateway":"woocommerce_payments_wechat_pay","country":""}
2026-02-19T16:30:50+00:00 DEBUG Received invalid country code when getting provider links. Ignoring it. CONTEXT: {"gateway":"bacs","country":""}
2026-02-19T16:30:50+00:00 DEBUG Received invalid country code when getting provider links. Ignoring it. CONTEXT: {"gateway":"cheque","country":""}
2026-02-19T16:30:50+00:00 DEBUG Received invalid country code when getting provider links. Ignoring it. CONTEXT: {"gateway":"cod","country":""}
2026-02-19T16:30:50+00:00 DEBUG Received invalid country code when getting provider links. Ignoring it. CONTEXT: {"gateway":"ppcp-gateway","country":""}
2026-02-19T16:30:50+00:00 DEBUG Received invalid country code when getting provider links. Ignoring it. CONTEXT: {"gateway":"woocommerce_payments_bancontact","country":""}
2026-02-19T16:30:50+00:00 DEBUG Received invalid country code when getting provider links. Ignoring it. CONTEXT: {"gateway":"woocommerce_payments_sepa_debit","country":""}
2026-02-19T16:30:50+00:00 DEBUG Received invalid country code when getting provider links. Ignoring it. CONTEXT: {"gateway":"woocommerce_payments_giropay","country":""}
2026-02-19T16:30:50+00:00 DEBUG Received invalid country code when getting provider links. Ignoring it. CONTEXT: {"gateway":"woocommerce_payments_sofort","country":""}
2026-02-19T16:30:50+00:00 DEBUG Received invalid country code when getting provider links. Ignoring it. CONTEXT: {"gateway":"woocommerce_payments_p24","country":""}
2026-02-19T16:30:50+00:00 DEBUG Received invalid country code when getting provider links. Ignoring it. CONTEXT: {"gateway":"woocommerce_payments_ideal","country":""}
2026-02-19T16:30:50+00:00 DEBUG Received invalid country code when getting provider links. Ignoring it. CONTEXT: {"gateway":"woocommerce_payments_au_becs_debit","country":""}
2026-02-19T16:30:50+00:00 DEBUG Received invalid country code when getting provider links. Ignoring it. CONTEXT: {"gateway":"woocommerce_payments_eps","country":""}
2026-02-19T16:30:50+00:00 DEBUG Received invalid country code when getting provider links. Ignoring it. CONTEXT: {"gateway":"woocommerce_payments_affirm","country":""}
2026-02-19T16:30:50+00:00 DEBUG Received invalid country code when getting provider links. Ignoring it. CONTEXT: {"gateway":"woocommerce_payments_afterpay_clearpay","country":""}
2026-02-19T16:30:50+00:00 DEBUG Received invalid country code when getting provider links. Ignoring it. CONTEXT: {"gateway":"woocommerce_payments_klarna","country":""}
2026-02-19T16:30:50+00:00 DEBUG Received invalid country code when getting provider links. Ignoring it. CONTEXT: {"gateway":"woocommerce_payments_multibanco","country":""}
2026-02-19T16:30:50+00:00 DEBUG Received invalid country code when getting provider links. Ignoring it. CONTEXT: {"gateway":"woocommerce_payments_grabpay","country":""}
2026-02-19T16:30:50+00:00 DEBUG Received invalid country code when getting provider links. Ignoring it. CONTEXT: {"gateway":"woocommerce_payments_alipay","country":""}
2026-02-19T16:30:50+00:00 DEBUG Received invalid country code when getting provider links. Ignoring it. CONTEXT: {"gateway":"woocommerce_payments_wechat_pay","country":""}
2026-02-19T16:30:50+00:00 DEBUG Received invalid country code when getting provider links. Ignoring it. CONTEXT: {"gateway":"woocommerce_payments","country":""}
2026-02-19T16:30:50+00:00 DEBUG Received invalid country code when getting provider links. Ignoring it. CONTEXT: {"gateway":"woocommerce_payments_bancontact","country":""}
2026-02-19T16:30:50+00:00 DEBUG Received invalid country code when getting provider links. Ignoring it. CONTEXT: {"gateway":"woocommerce_payments_sepa_debit","country":""}
2026-02-19T16:30:50+00:00 DEBUG Received invalid country code when getting provider links. Ignoring it. CONTEXT: {"gateway":"woocommerce_payments_giropay","country":""}
2026-02-19T16:30:50+00:00 DEBUG Received invalid country code when getting provider links. Ignoring it. CONTEXT: {"gateway":"woocommerce_payments_sofort","country":""}
2026-02-19T16:30:50+00:00 DEBUG Received invalid country code when getting provider links. Ignoring it. CONTEXT: {"gateway":"woocommerce_payments_p24","country":""}
2026-02-19T16:30:50+00:00 DEBUG Received invalid country code when getting provider links. Ignoring it. CONTEXT: {"gateway":"woocommerce_payments_ideal","country":""}
2026-02-19T16:30:50+00:00 DEBUG Received invalid country code when getting provider links. Ignoring it. CONTEXT: {"gateway":"woocommerce_payments_au_becs_debit","country":""}
2026-02-19T16:30:50+00:00 DEBUG Received invalid country code when getting provider links. Ignoring it. CONTEXT: {"gateway":"woocommerce_payments_eps","country":""}
2026-02-19T16:30:50+00:00 DEBUG Received invalid country code when getting provider links. Ignoring it. CONTEXT: {"gateway":"woocommerce_payments_affirm","country":""}
2026-02-19T16:30:50+00:00 DEBUG Received invalid country code when getting provider links. Ignoring it. CONTEXT: {"gateway":"woocommerce_payments_afterpay_clearpay","country":""}
2026-02-19T16:30:50+00:00 DEBUG Received invalid country code when getting provider links. Ignoring it. CONTEXT: {"gateway":"woocommerce_payments_klarna","country":""}
2026-02-19T16:30:50+00:00 DEBUG Received invalid country code when getting provider links. Ignoring it. CONTEXT: {"gateway":"woocommerce_payments_multibanco","country":""}
2026-02-19T16:30:50+00:00 DEBUG Received invalid country code when getting provider links. Ignoring it. CONTEXT: {"gateway":"woocommerce_payments_grabpay","country":""}
2026-02-19T16:30:50+00:00 DEBUG Received invalid country code when getting provider links. Ignoring it. CONTEXT: {"gateway":"woocommerce_payments_alipay","country":""}
2026-02-19T16:30:50+00:00 DEBUG Received invalid country code when getting provider links. Ignoring it. CONTEXT: {"gateway":"woocommerce_payments_wechat_pay","country":""}
2026-02-19T16:30:50+00:00 DEBUG Received invalid country code when getting provider links. Ignoring it. CONTEXT: {"gateway":"bacs","country":""}
2026-02-19T16:30:50+00:00 DEBUG Received invalid country code when getting provider links. Ignoring it. CONTEXT: {"gateway":"cheque","country":""}
2026-02-19T16:30:50+00:00 DEBUG Received invalid country code when getting provider links. Ignoring it. CONTEXT: {"gateway":"cod","country":""}
2026-02-19T16:30:50+00:00 DEBUG Received invalid country code when getting provider links. Ignoring it. CONTEXT: {"gateway":"ppcp-gateway","country":""}
2026-02-19T16:30:50+00:00 DEBUG Received invalid country code when getting provider links. Ignoring it. CONTEXT: {"gateway":"woocommerce_payments_bancontact","country":""}
2026-02-19T16:30:50+00:00 DEBUG Received invalid country code when getting provider links. Ignoring it. CONTEXT: {"gateway":"woocommerce_payments_sepa_debit","country":""}
2026-02-19T16:30:50+00:00 DEBUG Received invalid country code when getting provider links. Ignoring it. CONTEXT: {"gateway":"woocommerce_payments_giropay","country":""}
2026-02-19T16:30:50+00:00 DEBUG Received invalid country code when getting provider links. Ignoring it. CONTEXT: {"gateway":"woocommerce_payments_sofort","country":""}
2026-02-19T16:30:50+00:00 DEBUG Received invalid country code when getting provider links. Ignoring it. CONTEXT: {"gateway":"woocommerce_payments_p24","country":""}
2026-02-19T16:30:50+00:00 DEBUG Received invalid country code when getting provider links. Ignoring it. CONTEXT: {"gateway":"woocommerce_payments_ideal","country":""}
2026-02-19T16:30:50+00:00 DEBUG Received invalid country code when getting provider links. Ignoring it. CONTEXT: {"gateway":"woocommerce_payments_au_becs_debit","country":""}
2026-02-19T16:30:50+00:00 DEBUG Received invalid country code when getting provider links. Ignoring it. CONTEXT: {"gateway":"woocommerce_payments_eps","country":""}
2026-02-19T16:30:50+00:00 DEBUG Received invalid country code when getting provider links. Ignoring it. CONTEXT: {"gateway":"woocommerce_payments_affirm","country":""}
2026-02-19T16:30:50+00:00 DEBUG Received invalid country code when getting provider links. Ignoring it. CONTEXT: {"gateway":"woocommerce_payments_afterpay_clearpay","country":""}
2026-02-19T16:30:50+00:00 DEBUG Received invalid country code when getting provider links. Ignoring it. CONTEXT: {"gateway":"woocommerce_payments_klarna","country":""}
2026-02-19T16:30:50+00:00 DEBUG Received invalid country code when getting provider links. Ignoring it. CONTEXT: {"gateway":"woocommerce_payments_multibanco","country":""}
2026-02-19T16:30:50+00:00 DEBUG Received invalid country code when getting provider links. Ignoring it. CONTEXT: {"gateway":"woocommerce_payments_grabpay","country":""}
2026-02-19T16:30:50+00:00 DEBUG Received invalid country code when getting provider links. Ignoring it. CONTEXT: {"gateway":"woocommerce_payments_alipay","country":""}
2026-02-19T16:30:50+00:00 DEBUG Received invalid country code when getting provider links. Ignoring it. CONTEXT: {"gateway":"woocommerce_payments_wechat_pay","country":""}
2026-02-19T16:30:50+00:00 DEBUG Received invalid country code when getting provider links. Ignoring it. CONTEXT: {"gateway":"woocommerce_payments","country":""}
2026-02-19T16:30:50+00:00 DEBUG Received invalid country code when getting provider links. Ignoring it. CONTEXT: {"gateway":"woocommerce_payments_bancontact","country":""}
2026-02-19T16:30:50+00:00 DEBUG Received invalid country code when getting provider links. Ignoring it. CONTEXT: {"gateway":"woocommerce_payments_sepa_debit","country":""}
2026-02-19T16:30:50+00:00 DEBUG Received invalid country code when getting provider links. Ignoring it. CONTEXT: {"gateway":"woocommerce_payments_giropay","country":""}
2026-02-19T16:30:50+00:00 DEBUG Received invalid country code when getting provider links. Ignoring it. CONTEXT: {"gateway":"woocommerce_payments_sofort","country":""}
2026-02-19T16:30:50+00:00 DEBUG Received invalid country code when getting provider links. Ignoring it. CONTEXT: {"gateway":"woocommerce_payments_p24","country":""}
2026-02-19T16:30:50+00:00 DEBUG Received invalid country code when getting provider links. Ignoring it. CONTEXT: {"gateway":"woocommerce_payments_ideal","country":""}
2026-02-19T16:30:50+00:00 DEBUG Received invalid country code when getting provider links. Ignoring it. CONTEXT: {"gateway":"woocommerce_payments_au_becs_debit","country":""}
2026-02-19T16:30:50+00:00 DEBUG Received invalid country code when getting provider links. Ignoring it. CONTEXT: {"gateway":"woocommerce_payments_eps","country":""}
2026-02-19T16:30:50+00:00 DEBUG Received invalid country code when getting provider links. Ignoring it. CONTEXT: {"gateway":"woocommerce_payments_affirm","country":""}
2026-02-19T16:30:50+00:00 DEBUG Received invalid country code when getting provider links. Ignoring it. CONTEXT: {"gateway":"woocommerce_payments_afterpay_clearpay","country":""}
2026-02-19T16:30:50+00:00 DEBUG Received invalid country code when getting provider links. Ignoring it. CONTEXT: {"gateway":"woocommerce_payments_klarna","country":""}
2026-02-19T16:30:50+00:00 DEBUG Received invalid country code when getting provider links. Ignoring it. CONTEXT: {"gateway":"woocommerce_payments_multibanco","country":""}
2026-02-19T16:30:50+00:00 DEBUG Received invalid country code when getting provider links. Ignoring it. CONTEXT: {"gateway":"woocommerce_payments_grabpay","country":""}
2026-02-19T16:30:50+00:00 DEBUG Received invalid country code when getting provider links. Ignoring it. CONTEXT: {"gateway":"woocommerce_payments_alipay","country":""}
2026-02-19T16:30:50+00:00 DEBUG Received invalid country code when getting provider links. Ignoring it. CONTEXT: {"gateway":"woocommerce_payments_wechat_pay","country":""}
2026-02-19T16:30:50+00:00 DEBUG Received invalid country code when getting provider links. Ignoring it. CONTEXT: {"gateway":"bacs","country":""}
2026-02-19T16:30:50+00:00 DEBUG Received invalid country code when getting provider links. Ignoring it. CONTEXT: {"gateway":"cheque","country":""}
2026-02-19T16:30:50+00:00 DEBUG Received invalid country code when getting provider links. Ignoring it. CONTEXT: {"gateway":"cod","country":""}
2026-02-19T16:30:50+00:00 DEBUG Received invalid country code when getting provider links. Ignoring it. CONTEXT: {"gateway":"ppcp-gateway","country":""}
2026-02-19T16:30:50+00:00 DEBUG Received invalid country code when getting provider links. Ignoring it. CONTEXT: {"gateway":"woocommerce_payments_bancontact","country":""}
2026-02-19T16:30:50+00:00 DEBUG Received invalid country code when getting provider links. Ignoring it. CONTEXT: {"gateway":"woocommerce_payments_sepa_debit","country":""}
2026-02-19T16:30:50+00:00 DEBUG Received invalid country code when getting provider links. Ignoring it. CONTEXT: {"gateway":"woocommerce_payments_giropay","country":""}
2026-02-19T16:30:50+00:00 DEBUG Received invalid country code when getting provider links. Ignoring it. CONTEXT: {"gateway":"woocommerce_payments_sofort","country":""}
2026-02-19T16:30:50+00:00 DEBUG Received invalid country code when getting provider links. Ignoring it. CONTEXT: {"gateway":"woocommerce_payments_p24","country":""}
2026-02-19T16:30:50+00:00 DEBUG Received invalid country code when getting provider links. Ignoring it. CONTEXT: {"gateway":"woocommerce_payments_ideal","country":""}
2026-02-19T16:30:50+00:00 DEBUG Received invalid country code when getting provider links. Ignoring it. CONTEXT: {"gateway":"woocommerce_payments_au_becs_debit","country":""}
2026-02-19T16:30:50+00:00 DEBUG Received invalid country code when getting provider links. Ignoring it. CONTEXT: {"gateway":"woocommerce_payments_eps","country":""}
2026-02-19T16:30:50+00:00 DEBUG Received invalid country code when getting provider links. Ignoring it. CONTEXT: {"gateway":"woocommerce_payments_affirm","country":""}
2026-02-19T16:30:50+00:00 DEBUG Received invalid country code when getting provider links. Ignoring it. CONTEXT: {"gateway":"woocommerce_payments_afterpay_clearpay","country":""}
2026-02-19T16:30:50+00:00 DEBUG Received invalid country code when getting provider links. Ignoring it. CONTEXT: {"gateway":"woocommerce_payments_klarna","country":""}
2026-02-19T16:30:50+00:00 DEBUG Received invalid country code when getting provider links. Ignoring it. CONTEXT: {"gateway":"woocommerce_payments_multibanco","country":""}
2026-02-19T16:30:50+00:00 DEBUG Received invalid country code when getting provider links. Ignoring it. CONTEXT: {"gateway":"woocommerce_payments_grabpay","country":""}
2026-02-19T16:30:50+00:00 DEBUG Received invalid country code when getting provider links. Ignoring it. CONTEXT: {"gateway":"woocommerce_payments_alipay","country":""}
2026-02-19T16:30:50+00:00 DEBUG Received invalid country code when getting provider links. Ignoring it. CONTEXT: {"gateway":"woocommerce_payments_wechat_pay","country":""}
2026-02-19T16:30:50+00:00 DEBUG Received invalid country code when getting provider links. Ignoring it. CONTEXT: {"gateway":"woocommerce_payments","country":""}
2026-02-19T16:30:50+00:00 DEBUG Received invalid country code when getting provider links. Ignoring it. CONTEXT: {"gateway":"woocommerce_payments_bancontact","country":""}
2026-02-19T16:30:50+00:00 DEBUG Received invalid country code when getting provider links. Ignoring it. CONTEXT: {"gateway":"woocommerce_payments_sepa_debit","country":""}
2026-02-19T16:30:50+00:00 DEBUG Received invalid country code when getting provider links. Ignoring it. CONTEXT: {"gateway":"woocommerce_payments_giropay","country":""}
2026-02-19T16:30:50+00:00 DEBUG Received invalid country code when getting provider links. Ignoring it. CONTEXT: {"gateway":"woocommerce_payments_sofort","country":""}
2026-02-19T16:30:50+00:00 DEBUG Received invalid country code when getting provider links. Ignoring it. CONTEXT: {"gateway":"woocommerce_payments_p24","country":""}
2026-02-19T16:30:50+00:00 DEBUG Received invalid country code when getting provider links. Ignoring it. CONTEXT: {"gateway":"woocommerce_payments_ideal","country":""}
2026-02-19T16:30:50+00:00 DEBUG Received invalid country code when getting provider links. Ignoring it. CONTEXT: {"gateway":"woocommerce_payments_au_becs_debit","country":""}
2026-02-19T16:30:50+00:00 DEBUG Received invalid country code when getting provider links. Ignoring it. CONTEXT: {"gateway":"woocommerce_payments_eps","country":""}
2026-02-19T16:30:50+00:00 DEBUG Received invalid country code when getting provider links. Ignoring it. CONTEXT: {"gateway":"woocommerce_payments_affirm","country":""}
2026-02-19T16:30:50+00:00 DEBUG Received invalid country code when getting provider links. Ignoring it. CONTEXT: {"gateway":"woocommerce_payments_afterpay_clearpay","country":""}
2026-02-19T16:30:50+00:00 DEBUG Received invalid country code when getting provider links. Ignoring it. CONTEXT: {"gateway":"woocommerce_payments_klarna","country":""}
2026-02-19T16:30:50+00:00 DEBUG Received invalid country code when getting provider links. Ignoring it. CONTEXT: {"gateway":"woocommerce_payments_multibanco","country":""}
2026-02-19T16:30:50+00:00 DEBUG Received invalid country code when getting provider links. Ignoring it. CONTEXT: {"gateway":"woocommerce_payments_grabpay","country":""}
2026-02-19T16:30:50+00:00 DEBUG Received invalid country code when getting provider links. Ignoring it. CONTEXT: {"gateway":"woocommerce_payments_alipay","country":""}
2026-02-19T16:30:50+00:00 DEBUG Received invalid country code when getting provider links. Ignoring it. CONTEXT: {"gateway":"woocommerce_payments_wechat_pay","country":""}
2026-02-19T16:30:50+00:00 DEBUG Received invalid country code when getting provider links. Ignoring it. CONTEXT: {"gateway":"bacs","country":""}
2026-02-19T16:30:50+00:00 DEBUG Received invalid country code when getting provider links. Ignoring it. CONTEXT: {"gateway":"cheque","country":""}
2026-02-19T16:30:50+00:00 DEBUG Received invalid country code when getting provider links. Ignoring it. CONTEXT: {"gateway":"cod","country":""}
2026-02-19T16:30:50+00:00 DEBUG Received invalid country code when getting provider links. Ignoring it. CONTEXT: {"gateway":"ppcp-gateway","country":""}
2026-02-19T16:30:50+00:00 DEBUG Received invalid country code when getting provider links. Ignoring it. CONTEXT: {"gateway":"woocommerce_payments_bancontact","country":""}
2026-02-19T16:30:50+00:00 DEBUG Received invalid country code when getting provider links. Ignoring it. CONTEXT: {"gateway":"woocommerce_payments_sepa_debit","country":""}
2026-02-19T16:30:50+00:00 DEBUG Received invalid country code when getting provider links. Ignoring it. CONTEXT: {"gateway":"woocommerce_payments_giropay","country":""}
2026-02-19T16:30:50+00:00 DEBUG Received invalid country code when getting provider links. Ignoring it. CONTEXT: {"gateway":"woocommerce_payments_sofort","country":""}
2026-02-19T16:30:50+00:00 DEBUG Received invalid country code when getting provider links. Ignoring it. CONTEXT: {"gateway":"woocommerce_payments_p24","country":""}
2026-02-19T16:30:50+00:00 DEBUG Received invalid country code when getting provider links. Ignoring it. CONTEXT: {"gateway":"woocommerce_payments_ideal","country":""}
2026-02-19T16:30:50+00:00 DEBUG Received invalid country code when getting provider links. Ignoring it. CONTEXT: {"gateway":"woocommerce_payments_au_becs_debit","country":""}
2026-02-19T16:30:50+00:00 DEBUG Received invalid country code when getting provider links. Ignoring it. CONTEXT: {"gateway":"woocommerce_payments_eps","country":""}
2026-02-19T16:30:50+00:00 DEBUG Received invalid country code when getting provider links. Ignoring it. CONTEXT: {"gateway":"woocommerce_payments_affirm","country":""}
2026-02-19T16:30:50+00:00 DEBUG Received invalid country code when getting provider links. Ignoring it. CONTEXT: {"gateway":"woocommerce_payments_afterpay_clearpay","country":""}
2026-02-19T16:30:50+00:00 DEBUG Received invalid country code when getting provider links. Ignoring it. CONTEXT: {"gateway":"woocommerce_payments_klarna","country":""}
2026-02-19T16:30:50+00:00 DEBUG Received invalid country code when getting provider links. Ignoring it. CONTEXT: {"gateway":"woocommerce_payments_multibanco","country":""}
2026-02-19T16:30:50+00:00 DEBUG Received invalid country code when getting provider links. Ignoring it. CONTEXT: {"gateway":"woocommerce_payments_grabpay","country":""}
2026-02-19T16:30:50+00:00 DEBUG Received invalid country code when getting provider links. Ignoring it. CONTEXT: {"gateway":"woocommerce_payments_alipay","country":""}
2026-02-19T16:30:50+00:00 DEBUG Received invalid country code when getting provider links. Ignoring it. CONTEXT: {"gateway":"woocommerce_payments_wechat_pay","country":""}
2026-02-19T16:30:50+00:00 DEBUG Received invalid country code when getting provider links. Ignoring it. CONTEXT: {"gateway":"woocommerce_payments","country":""}
2026-02-19T16:30:50+00:00 DEBUG Received invalid country code when getting provider links. Ignoring it. CONTEXT: {"gateway":"woocommerce_payments_bancontact","country":""}
2026-02-19T16:30:50+00:00 DEBUG Received invalid country code when getting provider links. Ignoring it. CONTEXT: {"gateway":"woocommerce_payments_sepa_debit","country":""}
2026-02-19T16:30:50+00:00 DEBUG Received invalid country code when getting provider links. Ignoring it. CONTEXT: {"gateway":"woocommerce_payments_giropay","country":""}
2026-02-19T16:30:50+00:00 DEBUG Received invalid country code when getting provider links. Ignoring it. CONTEXT: {"gateway":"woocommerce_payments_sofort","country":""}
2026-02-19T16:30:50+00:00 DEBUG Received invalid country code when getting provider links. Ignoring it. CONTEXT: {"gateway":"woocommerce_payments_p24","country":""}
2026-02-19T16:30:50+00:00 DEBUG Received invalid country code when getting provider links. Ignoring it. CONTEXT: {"gateway":"woocommerce_payments_ideal","country":""}
2026-02-19T16:30:50+00:00 DEBUG Received invalid country code when getting provider links. Ignoring it. CONTEXT: {"gateway":"woocommerce_payments_au_becs_debit","country":""}
2026-02-19T16:30:50+00:00 DEBUG Received invalid country code when getting provider links. Ignoring it. CONTEXT: {"gateway":"woocommerce_payments_eps","country":""}
2026-02-19T16:30:50+00:00 DEBUG Received invalid country code when getting provider links. Ignoring it. CONTEXT: {"gateway":"woocommerce_payments_affirm","country":""}
2026-02-19T16:30:50+00:00 DEBUG Received invalid country code when getting provider links. Ignoring it. CONTEXT: {"gateway":"woocommerce_payments_afterpay_clearpay","country":""}
2026-02-19T16:30:50+00:00 DEBUG Received invalid country code when getting provider links. Ignoring it. CONTEXT: {"gateway":"woocommerce_payments_klarna","country":""}
2026-02-19T16:30:50+00:00 DEBUG Received invalid country code when getting provider links. Ignoring it. CONTEXT: {"gateway":"woocommerce_payments_multibanco","country":""}
2026-02-19T16:30:50+00:00 DEBUG Received invalid country code when getting provider links. Ignoring it. CONTEXT: {"gateway":"woocommerce_payments_grabpay","country":""}
2026-02-19T16:30:50+00:00 DEBUG Received invalid country code when getting provider links. Ignoring it. CONTEXT: {"gateway":"woocommerce_payments_alipay","country":""}
2026-02-19T16:30:50+00:00 DEBUG Received invalid country code when getting provider links. Ignoring it. CONTEXT: {"gateway":"woocommerce_payments_wechat_pay","country":""}
2026-02-19T16:30:50+00:00 DEBUG Received invalid country code when getting provider links. Ignoring it. CONTEXT: {"gateway":"bacs","country":""}
2026-02-19T16:30:50+00:00 DEBUG Received invalid country code when getting provider links. Ignoring it. CONTEXT: {"gateway":"cheque","country":""}
2026-02-19T16:30:50+00:00 DEBUG Received invalid country code when getting provider links. Ignoring it. CONTEXT: {"gateway":"cod","country":""}
2026-02-19T16:30:50+00:00 DEBUG Received invalid country code when getting provider links. Ignoring it. CONTEXT: {"gateway":"ppcp-gateway","country":""}
2026-02-19T16:30:50+00:00 DEBUG Received invalid country code when getting provider links. Ignoring it. CONTEXT: {"gateway":"woocommerce_payments_bancontact","country":""}
2026-02-19T16:30:50+00:00 DEBUG Received invalid country code when getting provider links. Ignoring it. CONTEXT: {"gateway":"woocommerce_payments_sepa_debit","country":""}
2026-02-19T16:30:50+00:00 DEBUG Received invalid country code when getting provider links. Ignoring it. CONTEXT: {"gateway":"woocommerce_payments_giropay","country":""}
2026-02-19T16:30:50+00:00 DEBUG Received invalid country code when getting provider links. Ignoring it. CONTEXT: {"gateway":"woocommerce_payments_sofort","country":""}
2026-02-19T16:30:50+00:00 DEBUG Received invalid country code when getting provider links. Ignoring it. CONTEXT: {"gateway":"woocommerce_payments_p24","country":""}
2026-02-19T16:30:50+00:00 DEBUG Received invalid country code when getting provider links. Ignoring it. CONTEXT: {"gateway":"woocommerce_payments_ideal","country":""}
2026-02-19T16:30:50+00:00 DEBUG Received invalid country code when getting provider links. Ignoring it. CONTEXT: {"gateway":"woocommerce_payments_au_becs_debit","country":""}
2026-02-19T16:30:50+00:00 DEBUG Received invalid country code when getting provider links. Ignoring it. CONTEXT: {"gateway":"woocommerce_payments_eps","country":""}
2026-02-19T16:30:50+00:00 DEBUG Received invalid country code when getting provider links. Ignoring it. CONTEXT: {"gateway":"woocommerce_payments_affirm","country":""}
2026-02-19T16:30:50+00:00 DEBUG Received invalid country code when getting provider links. Ignoring it. CONTEXT: {"gateway":"woocommerce_payments_afterpay_clearpay","country":""}
2026-02-19T16:30:50+00:00 DEBUG Received invalid country code when getting provider links. Ignoring it. CONTEXT: {"gateway":"woocommerce_payments_klarna","country":""}
2026-02-19T16:30:50+00:00 DEBUG Received invalid country code when getting provider links. Ignoring it. CONTEXT: {"gateway":"woocommerce_payments_multibanco","country":""}
2026-02-19T16:30:50+00:00 DEBUG Received invalid country code when getting provider links. Ignoring it. CONTEXT: {"gateway":"woocommerce_payments_grabpay","country":""}
2026-02-19T16:30:50+00:00 DEBUG Received invalid country code when getting provider links. Ignoring it. CONTEXT: {"gateway":"woocommerce_payments_alipay","country":""}
2026-02-19T16:30:50+00:00 DEBUG Received invalid country code when getting provider links. Ignoring it. CONTEXT: {"gateway":"woocommerce_payments_wechat_pay","country":""}
2026-02-19T16:30:50+00:00 DEBUG Received invalid country code when getting provider links. Ignoring it. CONTEXT: {"gateway":"woocommerce_payments","country":""}
2026-02-19T16:30:50+00:00 DEBUG Received invalid country code when getting provider links. Ignoring it. CONTEXT: {"gateway":"woocommerce_payments_bancontact","country":""}
2026-02-19T16:30:50+00:00 DEBUG Received invalid country code when getting provider links. Ignoring it. CONTEXT: {"gateway":"woocommerce_payments_sepa_debit","country":""}
2026-02-19T16:30:50+00:00 DEBUG Received invalid country code when getting provider links. Ignoring it. CONTEXT: {"gateway":"woocommerce_payments_giropay","country":""}
2026-02-19T16:30:50+00:00 DEBUG Received invalid country code when getting provider links. Ignoring it. CONTEXT: {"gateway":"woocommerce_payments_sofort","country":""}
2026-02-19T16:30:50+00:00 DEBUG Received invalid country code when getting provider links. Ignoring it. CONTEXT: {"gateway":"woocommerce_payments_p24","country":""}
2026-02-19T16:30:50+00:00 DEBUG Received invalid country code when getting provider links. Ignoring it. CONTEXT: {"gateway":"woocommerce_payments_ideal","country":""}
2026-02-19T16:30:50+00:00 DEBUG Received invalid country code when getting provider links. Ignoring it. CONTEXT: {"gateway":"woocommerce_payments_au_becs_debit","country":""}
2026-02-19T16:30:50+00:00 DEBUG Received invalid country code when getting provider links. Ignoring it. CONTEXT: {"gateway":"woocommerce_payments_eps","country":""}
2026-02-19T16:30:50+00:00 DEBUG Received invalid country code when getting provider links. Ignoring it. CONTEXT: {"gateway":"woocommerce_payments_affirm","country":""}
2026-02-19T16:30:50+00:00 DEBUG Received invalid country code when getting provider links. Ignoring it. CONTEXT: {"gateway":"woocommerce_payments_afterpay_clearpay","country":""}
2026-02-19T16:30:50+00:00 DEBUG Received invalid country code when getting provider links. Ignoring it. CONTEXT: {"gateway":"woocommerce_payments_klarna","country":""}
2026-02-19T16:30:50+00:00 DEBUG Received invalid country code when getting provider links. Ignoring it. CONTEXT: {"gateway":"woocommerce_payments_multibanco","country":""}
2026-02-19T16:30:50+00:00 DEBUG Received invalid country code when getting provider links. Ignoring it. CONTEXT: {"gateway":"woocommerce_payments_grabpay","country":""}
2026-02-19T16:30:50+00:00 DEBUG Received invalid country code when getting provider links. Ignoring it. CONTEXT: {"gateway":"woocommerce_payments_alipay","country":""}
2026-02-19T16:30:50+00:00 DEBUG Received invalid country code when getting provider links. Ignoring it. CONTEXT: {"gateway":"woocommerce_payments_wechat_pay","country":""}
2026-02-19T16:30:50+00:00 DEBUG Received invalid country code when getting provider links. Ignoring it. CONTEXT: {"gateway":"bacs","country":""}
2026-02-19T16:30:50+00:00 DEBUG Received invalid country code when getting provider links. Ignoring it. CONTEXT: {"gateway":"cheque","country":""}
2026-02-19T16:30:50+00:00 DEBUG Received invalid country code when getting provider links. Ignoring it. CONTEXT: {"gateway":"cod","country":""}
2026-02-19T16:30:50+00:00 DEBUG Received invalid country code when getting provider links. Ignoring it. CONTEXT: {"gateway":"ppcp-gateway","country":""}
2026-02-19T16:30:50+00:00 DEBUG Received invalid country code when getting provider links. Ignoring it. CONTEXT: {"gateway":"woocommerce_payments_bancontact","country":""}
2026-02-19T16:30:50+00:00 DEBUG Received invalid country code when getting provider links. Ignoring it. CONTEXT: {"gateway":"woocommerce_payments_sepa_debit","country":""}
2026-02-19T16:30:50+00:00 DEBUG Received invalid country code when getting provider links. Ignoring it. CONTEXT: {"gateway":"woocommerce_payments_giropay","country":""}
2026-02-19T16:30:50+00:00 DEBUG Received invalid country code when getting provider links. Ignoring it. CONTEXT: {"gateway":"woocommerce_payments_sofort","country":""}
2026-02-19T16:30:50+00:00 DEBUG Received invalid country code when getting provider links. Ignoring it. CONTEXT: {"gateway":"woocommerce_payments_p24","country":""}
2026-02-19T16:30:50+00:00 DEBUG Received invalid country code when getting provider links. Ignoring it. CONTEXT: {"gateway":"woocommerce_payments_ideal","country":""}
2026-02-19T16:30:50+00:00 DEBUG Received invalid country code when getting provider links. Ignoring it. CONTEXT: {"gateway":"woocommerce_payments_au_becs_debit","country":""}
2026-02-19T16:30:50+00:00 DEBUG Received invalid country code when getting provider links. Ignoring it. CONTEXT: {"gateway":"woocommerce_payments_eps","country":""}
2026-02-19T16:30:50+00:00 DEBUG Received invalid country code when getting provider links. Ignoring it. CONTEXT: {"gateway":"woocommerce_payments_affirm","country":""}
2026-02-19T16:30:50+00:00 DEBUG Received invalid country code when getting provider links. Ignoring it. CONTEXT: {"gateway":"woocommerce_payments_afterpay_clearpay","country":""}
2026-02-19T16:30:50+00:00 DEBUG Received invalid country code when getting provider links. Ignoring it. CONTEXT: {"gateway":"woocommerce_payments_klarna","country":""}
2026-02-19T16:30:50+00:00 DEBUG Received invalid country code when getting provider links. Ignoring it. CONTEXT: {"gateway":"woocommerce_payments_multibanco","country":""}
2026-02-19T16:30:50+00:00 DEBUG Received invalid country code when getting provider links. Ignoring it. CONTEXT: {"gateway":"woocommerce_payments_grabpay","country":""}
2026-02-19T16:30:50+00:00 DEBUG Received invalid country code when getting provider links. Ignoring it. CONTEXT: {"gateway":"woocommerce_payments_alipay","country":""}
2026-02-19T16:30:50+00:00 DEBUG Received invalid country code when getting provider links. Ignoring it. CONTEXT: {"gateway":"woocommerce_payments_wechat_pay","country":""}
2026-02-19T16:30:50+00:00 DEBUG Received invalid country code when getting provider links. Ignoring it. CONTEXT: {"gateway":"woocommerce_payments","country":""}
2026-02-19T16:30:50+00:00 DEBUG Received invalid country code when getting provider links. Ignoring it. CONTEXT: {"gateway":"woocommerce_payments_bancontact","country":""}
2026-02-19T16:30:50+00:00 DEBUG Received invalid country code when getting provider links. Ignoring it. CONTEXT: {"gateway":"woocommerce_payments_sepa_debit","country":""}
2026-02-19T16:30:50+00:00 DEBUG Received invalid country code when getting provider links. Ignoring it. CONTEXT: {"gateway":"woocommerce_payments_giropay","country":""}
2026-02-19T16:30:50+00:00 DEBUG Received invalid country code when getting provider links. Ignoring it. CONTEXT: {"gateway":"woocommerce_payments_sofort","country":""}
2026-02-19T16:30:50+00:00 DEBUG Received invalid country code when getting provider links. Ignoring it. CONTEXT: {"gateway":"woocommerce_payments_p24","country":""}
2026-02-19T16:30:50+00:00 DEBUG Received invalid country code when getting provider links. Ignoring it. CONTEXT: {"gateway":"woocommerce_payments_ideal","country":""}
2026-02-19T16:30:50+00:00 DEBUG Received invalid country code when getting provider links. Ignoring it. CONTEXT: {"gateway":"woocommerce_payments_au_becs_debit","country":""}
2026-02-19T16:30:50+00:00 DEBUG Received invalid country code when getting provider links. Ignoring it. CONTEXT: {"gateway":"woocommerce_payments_eps","country":""}
2026-02-19T16:30:50+00:00 DEBUG Received invalid country code when getting provider links. Ignoring it. CONTEXT: {"gateway":"woocommerce_payments_affirm","country":""}
2026-02-19T16:30:50+00:00 DEBUG Received invalid country code when getting provider links. Ignoring it. CONTEXT: {"gateway":"woocommerce_payments_afterpay_clearpay","country":""}
2026-02-19T16:30:50+00:00 DEBUG Received invalid country code when getting provider links. Ignoring it. CONTEXT: {"gateway":"woocommerce_payments_klarna","country":""}
2026-02-19T16:30:50+00:00 DEBUG Received invalid country code when getting provider links. Ignoring it. CONTEXT: {"gateway":"woocommerce_payments_multibanco","country":""}
2026-02-19T16:30:50+00:00 DEBUG Received invalid country code when getting provider links. Ignoring it. CONTEXT: {"gateway":"woocommerce_payments_grabpay","country":""}
2026-02-19T16:30:50+00:00 DEBUG Received invalid country code when getting provider links. Ignoring it. CONTEXT: {"gateway":"woocommerce_payments_alipay","country":""}
2026-02-19T16:30:50+00:00 DEBUG Received invalid country code when getting provider links. Ignoring it. CONTEXT: {"gateway":"woocommerce_payments_wechat_pay","country":""}
2026-02-19T16:30:50+00:00 DEBUG Received invalid country code when getting provider links. Ignoring it. CONTEXT: {"gateway":"bacs","country":""}
2026-02-19T16:30:50+00:00 DEBUG Received invalid country code when getting provider links. Ignoring it. CONTEXT: {"gateway":"cheque","country":""}
2026-02-19T16:30:50+00:00 DEBUG Received invalid country code when getting provider links. Ignoring it. CONTEXT: {"gateway":"cod","country":""}
2026-02-19T16:30:50+00:00 DEBUG Received invalid country code when getting provider links. Ignoring it. CONTEXT: {"gateway":"ppcp-gateway","country":""}
2026-02-19T16:30:50+00:00 DEBUG Received invalid country code when getting provider links. Ignoring it. CONTEXT: {"gateway":"woocommerce_payments_bancontact","country":""}
2026-02-19T16:30:50+00:00 DEBUG Received invalid country code when getting provider links. Ignoring it. CONTEXT: {"gateway":"woocommerce_payments_sepa_debit","country":""}
2026-02-19T16:30:50+00:00 DEBUG Received invalid country code when getting provider links. Ignoring it. CONTEXT: {"gateway":"woocommerce_payments_giropay","country":""}
2026-02-19T16:30:50+00:00 DEBUG Received invalid country code when getting provider links. Ignoring it. CONTEXT: {"gateway":"woocommerce_payments_sofort","country":""}
2026-02-19T16:30:50+00:00 DEBUG Received invalid country code when getting provider links. Ignoring it. CONTEXT: {"gateway":"woocommerce_payments_p24","country":""}
2026-02-19T16:30:50+00:00 DEBUG Received invalid country code when getting provider links. Ignoring it. CONTEXT: {"gateway":"woocommerce_payments_ideal","country":""}
2026-02-19T16:30:50+00:00 DEBUG Received invalid country code when getting provider links. Ignoring it. CONTEXT: {"gateway":"woocommerce_payments_au_becs_debit","country":""}
2026-02-19T16:30:50+00:00 DEBUG Received invalid country code when getting provider links. Ignoring it. CONTEXT: {"gateway":"woocommerce_payments_eps","country":""}
2026-02-19T16:30:50+00:00 DEBUG Received invalid country code when getting provider links. Ignoring it. CONTEXT: {"gateway":"woocommerce_payments_affirm","country":""}
2026-02-19T16:30:50+00:00 DEBUG Received invalid country code when getting provider links. Ignoring it. CONTEXT: {"gateway":"woocommerce_payments_afterpay_clearpay","country":""}
2026-02-19T16:30:50+00:00 DEBUG Received invalid country code when getting provider links. Ignoring it. CONTEXT: {"gateway":"woocommerce_payments_klarna","country":""}
2026-02-19T16:30:50+00:00 DEBUG Received invalid country code when getting provider links. Ignoring it. CONTEXT: {"gateway":"woocommerce_payments_multibanco","country":""}
2026-02-19T16:30:50+00:00 DEBUG Received invalid country code when getting provider links. Ignoring it. CONTEXT: {"gateway":"woocommerce_payments_grabpay","country":""}
2026-02-19T16:30:50+00:00 DEBUG Received invalid country code when getting provider links. Ignoring it. CONTEXT: {"gateway":"woocommerce_payments_alipay","country":""}
2026-02-19T16:30:50+00:00 DEBUG Received invalid country code when getting provider links. Ignoring it. CONTEXT: {"gateway":"woocommerce_payments_wechat_pay","country":""}
2026-02-19T16:30:50+00:00 DEBUG Received invalid country code when getting provider links. Ignoring it. CONTEXT: {"gateway":"woocommerce_payments","country":""}
2026-02-19T16:30:50+00:00 DEBUG Received invalid country code when getting provider links. Ignoring it. CONTEXT: {"gateway":"woocommerce_payments_bancontact","country":""}
2026-02-19T16:30:50+00:00 DEBUG Received invalid country code when getting provider links. Ignoring it. CONTEXT: {"gateway":"woocommerce_payments_sepa_debit","country":""}
2026-02-19T16:30:50+00:00 DEBUG Received invalid country code when getting provider links. Ignoring it. CONTEXT: {"gateway":"woocommerce_payments_giropay","country":""}
2026-02-19T16:30:50+00:00 DEBUG Received invalid country code when getting provider links. Ignoring it. CONTEXT: {"gateway":"woocommerce_payments_sofort","country":""}
2026-02-19T16:30:50+00:00 DEBUG Received invalid country code when getting provider links. Ignoring it. CONTEXT: {"gateway":"woocommerce_payments_p24","country":""}
2026-02-19T16:30:50+00:00 DEBUG Received invalid country code when getting provider links. Ignoring it. CONTEXT: {"gateway":"woocommerce_payments_ideal","country":""}
2026-02-19T16:30:50+00:00 DEBUG Received invalid country code when getting provider links. Ignoring it. CONTEXT: {"gateway":"woocommerce_payments_au_becs_debit","country":""}
2026-02-19T16:30:50+00:00 DEBUG Received invalid country code when getting provider links. Ignoring it. CONTEXT: {"gateway":"woocommerce_payments_eps","country":""}
2026-02-19T16:30:50+00:00 DEBUG Received invalid country code when getting provider links. Ignoring it. CONTEXT: {"gateway":"woocommerce_payments_affirm","country":""}
2026-02-19T16:30:50+00:00 DEBUG Received invalid country code when getting provider links. Ignoring it. CONTEXT: {"gateway":"woocommerce_payments_afterpay_clearpay","country":""}
2026-02-19T16:30:50+00:00 DEBUG Received invalid country code when getting provider links. Ignoring it. CONTEXT: {"gateway":"woocommerce_payments_klarna","country":""}
2026-02-19T16:30:50+00:00 DEBUG Received invalid country code when getting provider links. Ignoring it. CONTEXT: {"gateway":"woocommerce_payments_multibanco","country":""}
2026-02-19T16:30:50+00:00 DEBUG Received invalid country code when getting provider links. Ignoring it. CONTEXT: {"gateway":"woocommerce_payments_grabpay","country":""}
2026-02-19T16:30:50+00:00 DEBUG Received invalid country code when getting provider links. Ignoring it. CONTEXT: {"gateway":"woocommerce_payments_alipay","country":""}
2026-02-19T16:30:50+00:00 DEBUG Received invalid country code when getting provider links. Ignoring it. CONTEXT: {"gateway":"woocommerce_payments_wechat_pay","country":""}
2026-02-19T16:30:50+00:00 DEBUG Received invalid country code when getting provider links. Ignoring it. CONTEXT: {"gateway":"bacs","country":""}
2026-02-19T16:30:50+00:00 DEBUG Received invalid country code when getting provider links. Ignoring it. CONTEXT: {"gateway":"cheque","country":""}
2026-02-19T16:30:50+00:00 DEBUG Received invalid country code when getting provider links. Ignoring it. CONTEXT: {"gateway":"cod","country":""}
2026-02-19T16:30:50+00:00 DEBUG Received invalid country code when getting provider links. Ignoring it. CONTEXT: {"gateway":"ppcp-gateway","country":""}
2026-02-19T16:30:50+00:00 DEBUG Received invalid country code when getting provider links. Ignoring it. CONTEXT: {"gateway":"woocommerce_payments_bancontact","country":""}
2026-02-19T16:30:50+00:00 DEBUG Received invalid country code when getting provider links. Ignoring it. CONTEXT: {"gateway":"woocommerce_payments_sepa_debit","country":""}
2026-02-19T16:30:50+00:00 DEBUG Received invalid country code when getting provider links. Ignoring it. CONTEXT: {"gateway":"woocommerce_payments_giropay","country":""}
2026-02-19T16:30:50+00:00 DEBUG Received invalid country code when getting provider links. Ignoring it. CONTEXT: {"gateway":"woocommerce_payments_sofort","country":""}
2026-02-19T16:30:50+00:00 DEBUG Received invalid country code when getting provider links. Ignoring it. CONTEXT: {"gateway":"woocommerce_payments_p24","country":""}
2026-02-19T16:30:50+00:00 DEBUG Received invalid country code when getting provider links. Ignoring it. CONTEXT: {"gateway":"woocommerce_payments_ideal","country":""}
2026-02-19T16:30:50+00:00 DEBUG Received invalid country code when getting provider links. Ignoring it. CONTEXT: {"gateway":"woocommerce_payments_au_becs_debit","country":""}
2026-02-19T16:30:50+00:00 DEBUG Received invalid country code when getting provider links. Ignoring it. CONTEXT: {"gateway":"woocommerce_payments_eps","country":""}
2026-02-19T16:30:50+00:00 DEBUG Received invalid country code when getting provider links. Ignoring it. CONTEXT: {"gateway":"woocommerce_payments_affirm","country":""}
2026-02-19T16:30:50+00:00 DEBUG Received invalid country code when getting provider links. Ignoring it. CONTEXT: {"gateway":"woocommerce_payments_afterpay_clearpay","country":""}
2026-02-19T16:30:50+00:00 DEBUG Received invalid country code when getting provider links. Ignoring it. CONTEXT: {"gateway":"woocommerce_payments_klarna","country":""}
2026-02-19T16:30:50+00:00 DEBUG Received invalid country code when getting provider links. Ignoring it. CONTEXT: {"gateway":"woocommerce_payments_multibanco","country":""}
2026-02-19T16:30:50+00:00 DEBUG Received invalid country code when getting provider links. Ignoring it. CONTEXT: {"gateway":"woocommerce_payments_grabpay","country":""}
2026-02-19T16:30:50+00:00 DEBUG Received invalid country code when getting provider links. Ignoring it. CONTEXT: {"gateway":"woocommerce_payments_alipay","country":""}
2026-02-19T16:30:50+00:00 DEBUG Received invalid country code when getting provider links. Ignoring it. CONTEXT: {"gateway":"woocommerce_payments_wechat_pay","country":""}
2026-02-19T16:30:50+00:00 DEBUG Received invalid country code when getting provider links. Ignoring it. CONTEXT: {"gateway":"woocommerce_payments","country":""}
2026-02-19T16:30:50+00:00 DEBUG Received invalid country code when getting provider links. Ignoring it. CONTEXT: {"gateway":"woocommerce_payments_bancontact","country":""}
2026-02-19T16:30:50+00:00 DEBUG Received invalid country code when getting provider links. Ignoring it. CONTEXT: {"gateway":"woocommerce_payments_sepa_debit","country":""}
2026-02-19T16:30:50+00:00 DEBUG Received invalid country code when getting provider links. Ignoring it. CONTEXT: {"gateway":"woocommerce_payments_giropay","country":""}
2026-02-19T16:30:50+00:00 DEBUG Received invalid country code when getting provider links. Ignoring it. CONTEXT: {"gateway":"woocommerce_payments_sofort","country":""}
2026-02-19T16:30:50+00:00 DEBUG Received invalid country code when getting provider links. Ignoring it. CONTEXT: {"gateway":"woocommerce_payments_p24","country":""}
2026-02-19T16:30:50+00:00 DEBUG Received invalid country code when getting provider links. Ignoring it. CONTEXT: {"gateway":"woocommerce_payments_ideal","country":""}
2026-02-19T16:30:50+00:00 DEBUG Received invalid country code when getting provider links. Ignoring it. CONTEXT: {"gateway":"woocommerce_payments_au_becs_debit","country":""}
2026-02-19T16:30:50+00:00 DEBUG Received invalid country code when getting provider links. Ignoring it. CONTEXT: {"gateway":"woocommerce_payments_eps","country":""}
2026-02-19T16:30:50+00:00 DEBUG Received invalid country code when getting provider links. Ignoring it. CONTEXT: {"gateway":"woocommerce_payments_affirm","country":""}
2026-02-19T16:30:50+00:00 DEBUG Received invalid country code when getting provider links. Ignoring it. CONTEXT: {"gateway":"woocommerce_payments_afterpay_clearpay","country":""}
2026-02-19T16:30:50+00:00 DEBUG Received invalid country code when getting provider links. Ignoring it. CONTEXT: {"gateway":"woocommerce_payments_klarna","country":""}
2026-02-19T16:30:50+00:00 DEBUG Received invalid country code when getting provider links. Ignoring it. CONTEXT: {"gateway":"woocommerce_payments_multibanco","country":""}
2026-02-19T16:30:50+00:00 DEBUG Received invalid country code when getting provider links. Ignoring it. CONTEXT: {"gateway":"woocommerce_payments_grabpay","country":""}
2026-02-19T16:30:50+00:00 DEBUG Received invalid country code when getting provider links. Ignoring it. CONTEXT: {"gateway":"woocommerce_payments_alipay","country":""}
2026-02-19T16:30:50+00:00 DEBUG Received invalid country code when getting provider links. Ignoring it. CONTEXT: {"gateway":"woocommerce_payments_wechat_pay","country":""}
2026-02-19T16:30:50+00:00 DEBUG Received invalid country code when getting provider links. Ignoring it. CONTEXT: {"gateway":"bacs","country":""}
2026-02-19T16:30:50+00:00 DEBUG Received invalid country code when getting provider links. Ignoring it. CONTEXT: {"gateway":"cheque","country":""}
2026-02-19T16:30:50+00:00 DEBUG Received invalid country code when getting provider links. Ignoring it. CONTEXT: {"gateway":"cod","country":""}
2026-02-19T16:30:50+00:00 DEBUG Received invalid country code when getting provider links. Ignoring it. CONTEXT: {"gateway":"ppcp-gateway","country":""}
2026-02-19T16:30:50+00:00 DEBUG Received invalid country code when getting provider links. Ignoring it. CONTEXT: {"gateway":"woocommerce_payments_bancontact","country":""}
2026-02-19T16:30:50+00:00 DEBUG Received invalid country code when getting provider links. Ignoring it. CONTEXT: {"gateway":"woocommerce_payments_sepa_debit","country":""}
2026-02-19T16:30:50+00:00 DEBUG Received invalid country code when getting provider links. Ignoring it. CONTEXT: {"gateway":"woocommerce_payments_giropay","country":""}
2026-02-19T16:30:50+00:00 DEBUG Received invalid country code when getting provider links. Ignoring it. CONTEXT: {"gateway":"woocommerce_payments_sofort","country":""}
2026-02-19T16:30:50+00:00 DEBUG Received invalid country code when getting provider links. Ignoring it. CONTEXT: {"gateway":"woocommerce_payments_p24","country":""}
2026-02-19T16:30:50+00:00 DEBUG Received invalid country code when getting provider links. Ignoring it. CONTEXT: {"gateway":"woocommerce_payments_ideal","country":""}
2026-02-19T16:30:50+00:00 DEBUG Received invalid country code when getting provider links. Ignoring it. CONTEXT: {"gateway":"woocommerce_payments_au_becs_debit","country":""}
2026-02-19T16:30:50+00:00 DEBUG Received invalid country code when getting provider links. Ignoring it. CONTEXT: {"gateway":"woocommerce_payments_eps","country":""}
2026-02-19T16:30:50+00:00 DEBUG Received invalid country code when getting provider links. Ignoring it. CONTEXT: {"gateway":"woocommerce_payments_affirm","country":""}
2026-02-19T16:30:50+00:00 DEBUG Received invalid country code when getting provider links. Ignoring it. CONTEXT: {"gateway":"woocommerce_payments_afterpay_clearpay","country":""}
2026-02-19T16:30:50+00:00 DEBUG Received invalid country code when getting provider links. Ignoring it. CONTEXT: {"gateway":"woocommerce_payments_klarna","country":""}
2026-02-19T16:30:50+00:00 DEBUG Received invalid country code when getting provider links. Ignoring it. CONTEXT: {"gateway":"woocommerce_payments_multibanco","country":""}
2026-02-19T16:30:50+00:00 DEBUG Received invalid country code when getting provider links. Ignoring it. CONTEXT: {"gateway":"woocommerce_payments_grabpay","country":""}
2026-02-19T16:30:50+00:00 DEBUG Received invalid country code when getting provider links. Ignoring it. CONTEXT: {"gateway":"woocommerce_payments_alipay","country":""}
2026-02-19T16:30:50+00:00 DEBUG Received invalid country code when getting provider links. Ignoring it. CONTEXT: {"gateway":"woocommerce_payments_wechat_pay","country":""}
2026-02-19T16:30:50+00:00 DEBUG Received invalid country code when getting provider links. Ignoring it. CONTEXT: {"gateway":"woocommerce_payments","country":""}
2026-02-19T16:30:50+00:00 DEBUG Received invalid country code when getting provider links. Ignoring it. CONTEXT: {"gateway":"woocommerce_payments_bancontact","country":""}
2026-02-19T16:30:50+00:00 DEBUG Received invalid country code when getting provider links. Ignoring it. CONTEXT: {"gateway":"woocommerce_payments_sepa_debit","country":""}
2026-02-19T16:30:50+00:00 DEBUG Received invalid country code when getting provider links. Ignoring it. CONTEXT: {"gateway":"woocommerce_payments_giropay","country":""}
2026-02-19T16:30:50+00:00 DEBUG Received invalid country code when getting provider links. Ignoring it. CONTEXT: {"gateway":"woocommerce_payments_sofort","country":""}
2026-02-19T16:30:50+00:00 DEBUG Received invalid country code when getting provider links. Ignoring it. CONTEXT: {"gateway":"woocommerce_payments_p24","country":""}
2026-02-19T16:30:50+00:00 DEBUG Received invalid country code when getting provider links. Ignoring it. CONTEXT: {"gateway":"woocommerce_payments_ideal","country":""}
2026-02-19T16:30:50+00:00 DEBUG Received invalid country code when getting provider links. Ignoring it. CONTEXT: {"gateway":"woocommerce_payments_au_becs_debit","country":""}
2026-02-19T16:30:50+00:00 DEBUG Received invalid country code when getting provider links. Ignoring it. CONTEXT: {"gateway":"woocommerce_payments_eps","country":""}
2026-02-19T16:30:50+00:00 DEBUG Received invalid country code when getting provider links. Ignoring it. CONTEXT: {"gateway":"woocommerce_payments_affirm","country":""}
2026-02-19T16:30:50+00:00 DEBUG Received invalid country code when getting provider links. Ignoring it. CONTEXT: {"gateway":"woocommerce_payments_afterpay_clearpay","country":""}
2026-02-19T16:30:50+00:00 DEBUG Received invalid country code when getting provider links. Ignoring it. CONTEXT: {"gateway":"woocommerce_payments_klarna","country":""}
2026-02-19T16:30:50+00:00 DEBUG Received invalid country code when getting provider links. Ignoring it. CONTEXT: {"gateway":"woocommerce_payments_multibanco","country":""}
2026-02-19T16:30:50+00:00 DEBUG Received invalid country code when getting provider links. Ignoring it. CONTEXT: {"gateway":"woocommerce_payments_grabpay","country":""}
2026-02-19T16:30:50+00:00 DEBUG Received invalid country code when getting provider links. Ignoring it. CONTEXT: {"gateway":"woocommerce_payments_alipay","country":""}
2026-02-19T16:30:50+00:00 DEBUG Received invalid country code when getting provider links. Ignoring it. CONTEXT: {"gateway":"woocommerce_payments_wechat_pay","country":""}
2026-02-19T16:30:50+00:00 DEBUG Received invalid country code when getting provider links. Ignoring it. CONTEXT: {"gateway":"bacs","country":""}
2026-02-19T16:30:50+00:00 DEBUG Received invalid country code when getting provider links. Ignoring it. CONTEXT: {"gateway":"cheque","country":""}
2026-02-19T16:30:50+00:00 DEBUG Received invalid country code when getting provider links. Ignoring it. CONTEXT: {"gateway":"cod","country":""}
2026-02-19T16:30:50+00:00 DEBUG Received invalid country code when getting provider links. Ignoring it. CONTEXT: {"gateway":"ppcp-gateway","country":""}
2026-02-19T16:30:50+00:00 DEBUG Received invalid country code when getting provider links. Ignoring it. CONTEXT: {"gateway":"woocommerce_payments_bancontact","country":""}
2026-02-19T16:30:50+00:00 DEBUG Received invalid country code when getting provider links. Ignoring it. CONTEXT: {"gateway":"woocommerce_payments_sepa_debit","country":""}
2026-02-19T16:30:50+00:00 DEBUG Received invalid country code when getting provider links. Ignoring it. CONTEXT: {"gateway":"woocommerce_payments_giropay","country":""}
2026-02-19T16:30:50+00:00 DEBUG Received invalid country code when getting provider links. Ignoring it. CONTEXT: {"gateway":"woocommerce_payments_sofort","country":""}
2026-02-19T16:30:50+00:00 DEBUG Received invalid country code when getting provider links. Ignoring it. CONTEXT: {"gateway":"woocommerce_payments_p24","country":""}
2026-02-19T16:30:50+00:00 DEBUG Received invalid country code when getting provider links. Ignoring it. CONTEXT: {"gateway":"woocommerce_payments_ideal","country":""}
2026-02-19T16:30:50+00:00 DEBUG Received invalid country code when getting provider links. Ignoring it. CONTEXT: {"gateway":"woocommerce_payments_au_becs_debit","country":""}
2026-02-19T16:30:50+00:00 DEBUG Received invalid country code when getting provider links. Ignoring it. CONTEXT: {"gateway":"woocommerce_payments_eps","country":""}
2026-02-19T16:30:50+00:00 DEBUG Received invalid country code when getting provider links. Ignoring it. CONTEXT: {"gateway":"woocommerce_payments_affirm","country":""}
2026-02-19T16:30:50+00:00 DEBUG Received invalid country code when getting provider links. Ignoring it. CONTEXT: {"gateway":"woocommerce_payments_afterpay_clearpay","country":""}
2026-02-19T16:30:50+00:00 DEBUG Received invalid country code when getting provider links. Ignoring it. CONTEXT: {"gateway":"woocommerce_payments_klarna","country":""}
2026-02-19T16:30:50+00:00 DEBUG Received invalid country code when getting provider links. Ignoring it. CONTEXT: {"gateway":"woocommerce_payments_multibanco","country":""}
2026-02-19T16:30:50+00:00 DEBUG Received invalid country code when getting provider links. Ignoring it. CONTEXT: {"gateway":"woocommerce_payments_grabpay","country":""}
2026-02-19T16:30:50+00:00 DEBUG Received invalid country code when getting provider links. Ignoring it. CONTEXT: {"gateway":"woocommerce_payments_alipay","country":""}
2026-02-19T16:30:50+00:00 DEBUG Received invalid country code when getting provider links. Ignoring it. CONTEXT: {"gateway":"woocommerce_payments_wechat_pay","country":""}
2026-02-19T16:30:50+00:00 DEBUG Received invalid country code when getting provider links. Ignoring it. CONTEXT: {"gateway":"woocommerce_payments","country":""}
2026-02-19T16:30:50+00:00 DEBUG Received invalid country code when getting provider links. Ignoring it. CONTEXT: {"gateway":"woocommerce_payments_bancontact","country":""}
2026-02-19T16:30:50+00:00 DEBUG Received invalid country code when getting provider links. Ignoring it. CONTEXT: {"gateway":"woocommerce_payments_sepa_debit","country":""}
2026-02-19T16:30:50+00:00 DEBUG Received invalid country code when getting provider links. Ignoring it. CONTEXT: {"gateway":"woocommerce_payments_giropay","country":""}
2026-02-19T16:30:50+00:00 DEBUG Received invalid country code when getting provider links. Ignoring it. CONTEXT: {"gateway":"woocommerce_payments_sofort","country":""}
2026-02-19T16:30:50+00:00 DEBUG Received invalid country code when getting provider links. Ignoring it. CONTEXT: {"gateway":"woocommerce_payments_p24","country":""}
2026-02-19T16:30:50+00:00 DEBUG Received invalid country code when getting provider links. Ignoring it. CONTEXT: {"gateway":"woocommerce_payments_ideal","country":""}
2026-02-19T16:30:50+00:00 DEBUG Received invalid country code when getting provider links. Ignoring it. CONTEXT: {"gateway":"woocommerce_payments_au_becs_debit","country":""}
2026-02-19T16:30:50+00:00 DEBUG Received invalid country code when getting provider links. Ignoring it. CONTEXT: {"gateway":"woocommerce_payments_eps","country":""}
2026-02-19T16:30:50+00:00 DEBUG Received invalid country code when getting provider links. Ignoring it. CONTEXT: {"gateway":"woocommerce_payments_affirm","country":""}
2026-02-19T16:30:50+00:00 DEBUG Received invalid country code when getting provider links. Ignoring it. CONTEXT: {"gateway":"woocommerce_payments_afterpay_clearpay","country":""}
2026-02-19T16:30:50+00:00 DEBUG Received invalid country code when getting provider links. Ignoring it. CONTEXT: {"gateway":"woocommerce_payments_klarna","country":""}
2026-02-19T16:30:50+00:00 DEBUG Received invalid country code when getting provider links. Ignoring it. CONTEXT: {"gateway":"woocommerce_payments_multibanco","country":""}
2026-02-19T16:30:50+00:00 DEBUG Received invalid country code when getting provider links. Ignoring it. CONTEXT: {"gateway":"woocommerce_payments_grabpay","country":""}
2026-02-19T16:30:50+00:00 DEBUG Received invalid country code when getting provider links. Ignoring it. CONTEXT: {"gateway":"woocommerce_payments_alipay","country":""}
2026-02-19T16:30:50+00:00 DEBUG Received invalid country code when getting provider links. Ignoring it. CONTEXT: {"gateway":"woocommerce_payments_wechat_pay","country":""}
2026-02-19T16:30:50+00:00 DEBUG Received invalid country code when getting provider links. Ignoring it. CONTEXT: {"gateway":"bacs","country":""}
2026-02-19T16:30:50+00:00 DEBUG Received invalid country code when getting provider links. Ignoring it. CONTEXT: {"gateway":"cheque","country":""}
2026-02-19T16:30:50+00:00 DEBUG Received invalid country code when getting provider links. Ignoring it. CONTEXT: {"gateway":"cod","country":""}
2026-02-19T16:30:50+00:00 DEBUG Received invalid country code when getting provider links. Ignoring it. CONTEXT: {"gateway":"ppcp-gateway","country":""}
2026-02-19T16:30:50+00:00 DEBUG Received invalid country code when getting provider links. Ignoring it. CONTEXT: {"gateway":"woocommerce_payments_bancontact","country":""}
2026-02-19T16:30:50+00:00 DEBUG Received invalid country code when getting provider links. Ignoring it. CONTEXT: {"gateway":"woocommerce_payments_sepa_debit","country":""}
2026-02-19T16:30:50+00:00 DEBUG Received invalid country code when getting provider links. Ignoring it. CONTEXT: {"gateway":"woocommerce_payments_giropay","country":""}
2026-02-19T16:30:50+00:00 DEBUG Received invalid country code when getting provider links. Ignoring it. CONTEXT: {"gateway":"woocommerce_payments_sofort","country":""}
2026-02-19T16:30:50+00:00 DEBUG Received invalid country code when getting provider links. Ignoring it. CONTEXT: {"gateway":"woocommerce_payments_p24","country":""}
2026-02-19T16:30:50+00:00 DEBUG Received invalid country code when getting provider links. Ignoring it. CONTEXT: {"gateway":"woocommerce_payments_ideal","country":""}
2026-02-19T16:30:50+00:00 DEBUG Received invalid country code when getting provider links. Ignoring it. CONTEXT: {"gateway":"woocommerce_payments_au_becs_debit","country":""}
2026-02-19T16:30:50+00:00 DEBUG Received invalid country code when getting provider links. Ignoring it. CONTEXT: {"gateway":"woocommerce_payments_eps","country":""}
2026-02-19T16:30:50+00:00 DEBUG Received invalid country code when getting provider links. Ignoring it. CONTEXT: {"gateway":"woocommerce_payments_affirm","country":""}
2026-02-19T16:30:50+00:00 DEBUG Received invalid country code when getting provider links. Ignoring it. CONTEXT: {"gateway":"woocommerce_payments_afterpay_clearpay","country":""}
2026-02-19T16:30:50+00:00 DEBUG Received invalid country code when getting provider links. Ignoring it. CONTEXT: {"gateway":"woocommerce_payments_klarna","country":""}
2026-02-19T16:30:50+00:00 DEBUG Received invalid country code when getting provider links. Ignoring it. CONTEXT: {"gateway":"woocommerce_payments_multibanco","country":""}
2026-02-19T16:30:50+00:00 DEBUG Received invalid country code when getting provider links. Ignoring it. CONTEXT: {"gateway":"woocommerce_payments_grabpay","country":""}
2026-02-19T16:30:50+00:00 DEBUG Received invalid country code when getting provider links. Ignoring it. CONTEXT: {"gateway":"woocommerce_payments_alipay","country":""}
2026-02-19T16:30:50+00:00 DEBUG Received invalid country code when getting provider links. Ignoring it. CONTEXT: {"gateway":"woocommerce_payments_wechat_pay","country":""}
2026-02-19T16:31:29+00:00 DEBUG Received invalid country code when getting provider links. Ignoring it. CONTEXT: {"gateway":"woocommerce_payments","country":""}
2026-02-19T16:31:29+00:00 DEBUG Received invalid country code when getting provider links. Ignoring it. CONTEXT: {"gateway":"woocommerce_payments_bancontact","country":""}
2026-02-19T16:31:29+00:00 DEBUG Received invalid country code when getting provider links. Ignoring it. CONTEXT: {"gateway":"woocommerce_payments_sepa_debit","country":""}
2026-02-19T16:31:29+00:00 DEBUG Received invalid country code when getting provider links. Ignoring it. CONTEXT: {"gateway":"woocommerce_payments_giropay","country":""}
2026-02-19T16:31:29+00:00 DEBUG Received invalid country code when getting provider links. Ignoring it. CONTEXT: {"gateway":"woocommerce_payments_sofort","country":""}
2026-02-19T16:31:29+00:00 DEBUG Received invalid country code when getting provider links. Ignoring it. CONTEXT: {"gateway":"woocommerce_payments_p24","country":""}
2026-02-19T16:31:29+00:00 DEBUG Received invalid country code when getting provider links. Ignoring it. CONTEXT: {"gateway":"woocommerce_payments_ideal","country":""}
2026-02-19T16:31:29+00:00 DEBUG Received invalid country code when getting provider links. Ignoring it. CONTEXT: {"gateway":"woocommerce_payments_au_becs_debit","country":""}
2026-02-19T16:31:29+00:00 DEBUG Received invalid country code when getting provider links. Ignoring it. CONTEXT: {"gateway":"woocommerce_payments_eps","country":""}
2026-02-19T16:31:29+00:00 DEBUG Received invalid country code when getting provider links. Ignoring it. CONTEXT: {"gateway":"woocommerce_payments_affirm","country":""}
2026-02-19T16:31:29+00:00 DEBUG Received invalid country code when getting provider links. Ignoring it. CONTEXT: {"gateway":"woocommerce_payments_afterpay_clearpay","country":""}
2026-02-19T16:31:29+00:00 DEBUG Received invalid country code when getting provider links. Ignoring it. CONTEXT: {"gateway":"woocommerce_payments_klarna","country":""}
2026-02-19T16:31:29+00:00 DEBUG Received invalid country code when getting provider links. Ignoring it. CONTEXT: {"gateway":"woocommerce_payments_multibanco","country":""}
2026-02-19T16:31:29+00:00 DEBUG Received invalid country code when getting provider links. Ignoring it. CONTEXT: {"gateway":"woocommerce_payments_grabpay","country":""}
2026-02-19T16:31:29+00:00 DEBUG Received invalid country code when getting provider links. Ignoring it. CONTEXT: {"gateway":"woocommerce_payments_alipay","country":""}
2026-02-19T16:31:29+00:00 DEBUG Received invalid country code when getting provider links. Ignoring it. CONTEXT: {"gateway":"woocommerce_payments_wechat_pay","country":""}
2026-02-19T16:31:29+00:00 DEBUG Received invalid country code when getting provider links. Ignoring it. CONTEXT: {"gateway":"bacs","country":""}
2026-02-19T16:31:29+00:00 DEBUG Received invalid country code when getting provider links. Ignoring it. CONTEXT: {"gateway":"cheque","country":""}
2026-02-19T16:31:29+00:00 DEBUG Received invalid country code when getting provider links. Ignoring it. CONTEXT: {"gateway":"cod","country":""}
2026-02-19T16:31:29+00:00 DEBUG Received invalid country code when getting provider links. Ignoring it. CONTEXT: {"gateway":"ppcp-gateway","country":""}
2026-02-19T16:31:29+00:00 DEBUG Received invalid country code when getting provider links. Ignoring it. CONTEXT: {"gateway":"woocommerce_payments_bancontact","country":""}
2026-02-19T16:31:29+00:00 DEBUG Received invalid country code when getting provider links. Ignoring it. CONTEXT: {"gateway":"woocommerce_payments_sepa_debit","country":""}
2026-02-19T16:31:29+00:00 DEBUG Received invalid country code when getting provider links. Ignoring it. CONTEXT: {"gateway":"woocommerce_payments_giropay","country":""}
2026-02-19T16:31:29+00:00 DEBUG Received invalid country code when getting provider links. Ignoring it. CONTEXT: {"gateway":"woocommerce_payments_sofort","country":""}
2026-02-19T16:31:29+00:00 DEBUG Received invalid country code when getting provider links. Ignoring it. CONTEXT: {"gateway":"woocommerce_payments_p24","country":""}
2026-02-19T16:31:29+00:00 DEBUG Received invalid country code when getting provider links. Ignoring it. CONTEXT: {"gateway":"woocommerce_payments_ideal","country":""}
2026-02-19T16:31:29+00:00 DEBUG Received invalid country code when getting provider links. Ignoring it. CONTEXT: {"gateway":"woocommerce_payments_au_becs_debit","country":""}
2026-02-19T16:31:29+00:00 DEBUG Received invalid country code when getting provider links. Ignoring it. CONTEXT: {"gateway":"woocommerce_payments_eps","country":""}
2026-02-19T16:31:29+00:00 DEBUG Received invalid country code when getting provider links. Ignoring it. CONTEXT: {"gateway":"woocommerce_payments_affirm","country":""}
2026-02-19T16:31:29+00:00 DEBUG Received invalid country code when getting provider links. Ignoring it. CONTEXT: {"gateway":"woocommerce_payments_afterpay_clearpay","country":""}
2026-02-19T16:31:29+00:00 DEBUG Received invalid country code when getting provider links. Ignoring it. CONTEXT: {"gateway":"woocommerce_payments_klarna","country":""}
2026-02-19T16:31:29+00:00 DEBUG Received invalid country code when getting provider links. Ignoring it. CONTEXT: {"gateway":"woocommerce_payments_multibanco","country":""}
2026-02-19T16:31:29+00:00 DEBUG Received invalid country code when getting provider links. Ignoring it. CONTEXT: {"gateway":"woocommerce_payments_grabpay","country":""}
2026-02-19T16:31:29+00:00 DEBUG Received invalid country code when getting provider links. Ignoring it. CONTEXT: {"gateway":"woocommerce_payments_alipay","country":""}
2026-02-19T16:31:29+00:00 DEBUG Received invalid country code when getting provider links. Ignoring it. CONTEXT: {"gateway":"woocommerce_payments_wechat_pay","country":""}
2026-02-19T16:31:29+00:00 DEBUG Received invalid country code when getting provider links. Ignoring it. CONTEXT: {"gateway":"woocommerce_payments","country":""}
2026-02-19T16:31:29+00:00 DEBUG Received invalid country code when getting provider links. Ignoring it. CONTEXT: {"gateway":"woocommerce_payments_bancontact","country":""}
2026-02-19T16:31:29+00:00 DEBUG Received invalid country code when getting provider links. Ignoring it. CONTEXT: {"gateway":"woocommerce_payments_sepa_debit","country":""}
2026-02-19T16:31:29+00:00 DEBUG Received invalid country code when getting provider links. Ignoring it. CONTEXT: {"gateway":"woocommerce_payments_giropay","country":""}
2026-02-19T16:31:29+00:00 DEBUG Received invalid country code when getting provider links. Ignoring it. CONTEXT: {"gateway":"woocommerce_payments_sofort","country":""}
2026-02-19T16:31:29+00:00 DEBUG Received invalid country code when getting provider links. Ignoring it. CONTEXT: {"gateway":"woocommerce_payments_p24","country":""}
2026-02-19T16:31:29+00:00 DEBUG Received invalid country code when getting provider links. Ignoring it. CONTEXT: {"gateway":"woocommerce_payments_ideal","country":""}
2026-02-19T16:31:29+00:00 DEBUG Received invalid country code when getting provider links. Ignoring it. CONTEXT: {"gateway":"woocommerce_payments_au_becs_debit","country":""}
2026-02-19T16:31:29+00:00 DEBUG Received invalid country code when getting provider links. Ignoring it. CONTEXT: {"gateway":"woocommerce_payments_eps","country":""}
2026-02-19T16:31:29+00:00 DEBUG Received invalid country code when getting provider links. Ignoring it. CONTEXT: {"gateway":"woocommerce_payments_affirm","country":""}
2026-02-19T16:31:29+00:00 DEBUG Received invalid country code when getting provider links. Ignoring it. CONTEXT: {"gateway":"woocommerce_payments_afterpay_clearpay","country":""}
2026-02-19T16:31:29+00:00 DEBUG Received invalid country code when getting provider links. Ignoring it. CONTEXT: {"gateway":"woocommerce_payments_klarna","country":""}
2026-02-19T16:31:30+00:00 DEBUG Received invalid country code when getting provider links. Ignoring it. CONTEXT: {"gateway":"woocommerce_payments_multibanco","country":""}
2026-02-19T16:31:30+00:00 DEBUG Received invalid country code when getting provider links. Ignoring it. CONTEXT: {"gateway":"woocommerce_payments_grabpay","country":""}
2026-02-19T16:31:30+00:00 DEBUG Received invalid country code when getting provider links. Ignoring it. CONTEXT: {"gateway":"woocommerce_payments_alipay","country":""}
2026-02-19T16:31:30+00:00 DEBUG Received invalid country code when getting provider links. Ignoring it. CONTEXT: {"gateway":"woocommerce_payments_wechat_pay","country":""}
2026-02-19T16:31:30+00:00 DEBUG Received invalid country code when getting provider links. Ignoring it. CONTEXT: {"gateway":"bacs","country":""}
2026-02-19T16:31:30+00:00 DEBUG Received invalid country code when getting provider links. Ignoring it. CONTEXT: {"gateway":"cheque","country":""}
2026-02-19T16:31:30+00:00 DEBUG Received invalid country code when getting provider links. Ignoring it. CONTEXT: {"gateway":"cod","country":""}
2026-02-19T16:31:30+00:00 DEBUG Received invalid country code when getting provider links. Ignoring it. CONTEXT: {"gateway":"ppcp-gateway","country":""}
2026-02-19T16:31:30+00:00 DEBUG Received invalid country code when getting provider links. Ignoring it. CONTEXT: {"gateway":"woocommerce_payments_bancontact","country":""}
2026-02-19T16:31:30+00:00 DEBUG Received invalid country code when getting provider links. Ignoring it. CONTEXT: {"gateway":"woocommerce_payments_sepa_debit","country":""}
2026-02-19T16:31:30+00:00 DEBUG Received invalid country code when getting provider links. Ignoring it. CONTEXT: {"gateway":"woocommerce_payments_giropay","country":""}
2026-02-19T16:31:30+00:00 DEBUG Received invalid country code when getting provider links. Ignoring it. CONTEXT: {"gateway":"woocommerce_payments_sofort","country":""}
2026-02-19T16:31:30+00:00 DEBUG Received invalid country code when getting provider links. Ignoring it. CONTEXT: {"gateway":"woocommerce_payments_p24","country":""}
2026-02-19T16:31:30+00:00 DEBUG Received invalid country code when getting provider links. Ignoring it. CONTEXT: {"gateway":"woocommerce_payments_ideal","country":""}
2026-02-19T16:31:30+00:00 DEBUG Received invalid country code when getting provider links. Ignoring it. CONTEXT: {"gateway":"woocommerce_payments_au_becs_debit","country":""}
2026-02-19T16:31:30+00:00 DEBUG Received invalid country code when getting provider links. Ignoring it. CONTEXT: {"gateway":"woocommerce_payments_eps","country":""}
2026-02-19T16:31:30+00:00 DEBUG Received invalid country code when getting provider links. Ignoring it. CONTEXT: {"gateway":"woocommerce_payments_affirm","country":""}
2026-02-19T16:31:30+00:00 DEBUG Received invalid country code when getting provider links. Ignoring it. CONTEXT: {"gateway":"woocommerce_payments_afterpay_clearpay","country":""}
2026-02-19T16:31:30+00:00 DEBUG Received invalid country code when getting provider links. Ignoring it. CONTEXT: {"gateway":"woocommerce_payments_klarna","country":""}
2026-02-19T16:31:30+00:00 DEBUG Received invalid country code when getting provider links. Ignoring it. CONTEXT: {"gateway":"woocommerce_payments_multibanco","country":""}
2026-02-19T16:31:30+00:00 DEBUG Received invalid country code when getting provider links. Ignoring it. CONTEXT: {"gateway":"woocommerce_payments_grabpay","country":""}
2026-02-19T16:31:30+00:00 DEBUG Received invalid country code when getting provider links. Ignoring it. CONTEXT: {"gateway":"woocommerce_payments_alipay","country":""}
2026-02-19T16:31:30+00:00 DEBUG Received invalid country code when getting provider links. Ignoring it. CONTEXT: {"gateway":"woocommerce_payments_wechat_pay","country":""}
2026-02-19T16:31:30+00:00 DEBUG Received invalid country code when getting provider links. Ignoring it. CONTEXT: {"gateway":"woocommerce_payments","country":""}
2026-02-19T16:31:30+00:00 DEBUG Received invalid country code when getting provider links. Ignoring it. CONTEXT: {"gateway":"woocommerce_payments_bancontact","country":""}
2026-02-19T16:31:30+00:00 DEBUG Received invalid country code when getting provider links. Ignoring it. CONTEXT: {"gateway":"woocommerce_payments_sepa_debit","country":""}
2026-02-19T16:31:30+00:00 DEBUG Received invalid country code when getting provider links. Ignoring it. CONTEXT: {"gateway":"woocommerce_payments_giropay","country":""}
2026-02-19T16:31:30+00:00 DEBUG Received invalid country code when getting provider links. Ignoring it. CONTEXT: {"gateway":"woocommerce_payments_sofort","country":""}
2026-02-19T16:31:30+00:00 DEBUG Received invalid country code when getting provider links. Ignoring it. CONTEXT: {"gateway":"woocommerce_payments_p24","country":""}
2026-02-19T16:31:30+00:00 DEBUG Received invalid country code when getting provider links. Ignoring it. CONTEXT: {"gateway":"woocommerce_payments_ideal","country":""}
2026-02-19T16:31:30+00:00 DEBUG Received invalid country code when getting provider links. Ignoring it. CONTEXT: {"gateway":"woocommerce_payments_au_becs_debit","country":""}
2026-02-19T16:31:30+00:00 DEBUG Received invalid country code when getting provider links. Ignoring it. CONTEXT: {"gateway":"woocommerce_payments_eps","country":""}
2026-02-19T16:31:30+00:00 DEBUG Received invalid country code when getting provider links. Ignoring it. CONTEXT: {"gateway":"woocommerce_payments_affirm","country":""}
2026-02-19T16:31:30+00:00 DEBUG Received invalid country code when getting provider links. Ignoring it. CONTEXT: {"gateway":"woocommerce_payments_afterpay_clearpay","country":""}
2026-02-19T16:31:30+00:00 DEBUG Received invalid country code when getting provider links. Ignoring it. CONTEXT: {"gateway":"woocommerce_payments_klarna","country":""}
2026-02-19T16:31:30+00:00 DEBUG Received invalid country code when getting provider links. Ignoring it. CONTEXT: {"gateway":"woocommerce_payments_multibanco","country":""}
2026-02-19T16:31:30+00:00 DEBUG Received invalid country code when getting provider links. Ignoring it. CONTEXT: {"gateway":"woocommerce_payments_grabpay","country":""}
2026-02-19T16:31:30+00:00 DEBUG Received invalid country code when getting provider links. Ignoring it. CONTEXT: {"gateway":"woocommerce_payments_alipay","country":""}
2026-02-19T16:31:30+00:00 DEBUG Received invalid country code when getting provider links. Ignoring it. CONTEXT: {"gateway":"woocommerce_payments_wechat_pay","country":""}
2026-02-19T16:31:30+00:00 DEBUG Received invalid country code when getting provider links. Ignoring it. CONTEXT: {"gateway":"bacs","country":""}
2026-02-19T16:31:30+00:00 DEBUG Received invalid country code when getting provider links. Ignoring it. CONTEXT: {"gateway":"cheque","country":""}
2026-02-19T16:31:30+00:00 DEBUG Received invalid country code when getting provider links. Ignoring it. CONTEXT: {"gateway":"cod","country":""}
2026-02-19T16:31:30+00:00 DEBUG Received invalid country code when getting provider links. Ignoring it. CONTEXT: {"gateway":"ppcp-gateway","country":""}
2026-02-19T16:31:30+00:00 DEBUG Received invalid country code when getting provider links. Ignoring it. CONTEXT: {"gateway":"woocommerce_payments_bancontact","country":""}
2026-02-19T16:31:30+00:00 DEBUG Received invalid country code when getting provider links. Ignoring it. CONTEXT: {"gateway":"woocommerce_payments_sepa_debit","country":""}
2026-02-19T16:31:30+00:00 DEBUG Received invalid country code when getting provider links. Ignoring it. CONTEXT: {"gateway":"woocommerce_payments_giropay","country":""}
2026-02-19T16:31:30+00:00 DEBUG Received invalid country code when getting provider links. Ignoring it. CONTEXT: {"gateway":"woocommerce_payments_sofort","country":""}
2026-02-19T16:31:30+00:00 DEBUG Received invalid country code when getting provider links. Ignoring it. CONTEXT: {"gateway":"woocommerce_payments_p24","country":""}
2026-02-19T16:31:30+00:00 DEBUG Received invalid country code when getting provider links. Ignoring it. CONTEXT: {"gateway":"woocommerce_payments_ideal","country":""}
2026-02-19T16:31:30+00:00 DEBUG Received invalid country code when getting provider links. Ignoring it. CONTEXT: {"gateway":"woocommerce_payments_au_becs_debit","country":""}
2026-02-19T16:31:30+00:00 DEBUG Received invalid country code when getting provider links. Ignoring it. CONTEXT: {"gateway":"woocommerce_payments_eps","country":""}
2026-02-19T16:31:30+00:00 DEBUG Received invalid country code when getting provider links. Ignoring it. CONTEXT: {"gateway":"woocommerce_payments_affirm","country":""}
2026-02-19T16:31:30+00:00 DEBUG Received invalid country code when getting provider links. Ignoring it. CONTEXT: {"gateway":"woocommerce_payments_afterpay_clearpay","country":""}
2026-02-19T16:31:30+00:00 DEBUG Received invalid country code when getting provider links. Ignoring it. CONTEXT: {"gateway":"woocommerce_payments_klarna","country":""}
2026-02-19T16:31:30+00:00 DEBUG Received invalid country code when getting provider links. Ignoring it. CONTEXT: {"gateway":"woocommerce_payments_multibanco","country":""}
2026-02-19T16:31:30+00:00 DEBUG Received invalid country code when getting provider links. Ignoring it. CONTEXT: {"gateway":"woocommerce_payments_grabpay","country":""}
2026-02-19T16:31:30+00:00 DEBUG Received invalid country code when getting provider links. Ignoring it. CONTEXT: {"gateway":"woocommerce_payments_alipay","country":""}
2026-02-19T16:31:30+00:00 DEBUG Received invalid country code when getting provider links. Ignoring it. CONTEXT: {"gateway":"woocommerce_payments_wechat_pay","country":""}
2026-02-19T16:31:30+00:00 DEBUG Received invalid country code when getting provider links. Ignoring it. CONTEXT: {"gateway":"woocommerce_payments","country":""}
2026-02-19T16:31:30+00:00 DEBUG Received invalid country code when getting provider links. Ignoring it. CONTEXT: {"gateway":"woocommerce_payments_bancontact","country":""}
2026-02-19T16:31:30+00:00 DEBUG Received invalid country code when getting provider links. Ignoring it. CONTEXT: {"gateway":"woocommerce_payments_sepa_debit","country":""}
2026-02-19T16:31:30+00:00 DEBUG Received invalid country code when getting provider links. Ignoring it. CONTEXT: {"gateway":"woocommerce_payments_giropay","country":""}
2026-02-19T16:31:30+00:00 DEBUG Received invalid country code when getting provider links. Ignoring it. CONTEXT: {"gateway":"woocommerce_payments_sofort","country":""}
2026-02-19T16:31:30+00:00 DEBUG Received invalid country code when getting provider links. Ignoring it. CONTEXT: {"gateway":"woocommerce_payments_p24","country":""}
2026-02-19T16:31:30+00:00 DEBUG Received invalid country code when getting provider links. Ignoring it. CONTEXT: {"gateway":"woocommerce_payments_ideal","country":""}
2026-02-19T16:31:30+00:00 DEBUG Received invalid country code when getting provider links. Ignoring it. CONTEXT: {"gateway":"woocommerce_payments_au_becs_debit","country":""}
2026-02-19T16:31:30+00:00 DEBUG Received invalid country code when getting provider links. Ignoring it. CONTEXT: {"gateway":"woocommerce_payments_eps","country":""}
2026-02-19T16:31:30+00:00 DEBUG Received invalid country code when getting provider links. Ignoring it. CONTEXT: {"gateway":"woocommerce_payments_affirm","country":""}
2026-02-19T16:31:30+00:00 DEBUG Received invalid country code when getting provider links. Ignoring it. CONTEXT: {"gateway":"woocommerce_payments_afterpay_clearpay","country":""}
2026-02-19T16:31:30+00:00 DEBUG Received invalid country code when getting provider links. Ignoring it. CONTEXT: {"gateway":"woocommerce_payments_klarna","country":""}
2026-02-19T16:31:30+00:00 DEBUG Received invalid country code when getting provider links. Ignoring it. CONTEXT: {"gateway":"woocommerce_payments_multibanco","country":""}
2026-02-19T16:31:30+00:00 DEBUG Received invalid country code when getting provider links. Ignoring it. CONTEXT: {"gateway":"woocommerce_payments_grabpay","country":""}
2026-02-19T16:31:30+00:00 DEBUG Received invalid country code when getting provider links. Ignoring it. CONTEXT: {"gateway":"woocommerce_payments_alipay","country":""}
2026-02-19T16:31:30+00:00 DEBUG Received invalid country code when getting provider links. Ignoring it. CONTEXT: {"gateway":"woocommerce_payments_wechat_pay","country":""}
2026-02-19T16:31:30+00:00 DEBUG Received invalid country code when getting provider links. Ignoring it. CONTEXT: {"gateway":"bacs","country":""}
2026-02-19T16:31:30+00:00 DEBUG Received invalid country code when getting provider links. Ignoring it. CONTEXT: {"gateway":"cheque","country":""}
2026-02-19T16:31:30+00:00 DEBUG Received invalid country code when getting provider links. Ignoring it. CONTEXT: {"gateway":"cod","country":""}
2026-02-19T16:31:30+00:00 DEBUG Received invalid country code when getting provider links. Ignoring it. CONTEXT: {"gateway":"ppcp-gateway","country":""}
2026-02-19T16:31:30+00:00 DEBUG Received invalid country code when getting provider links. Ignoring it. CONTEXT: {"gateway":"woocommerce_payments_bancontact","country":""}
2026-02-19T16:31:30+00:00 DEBUG Received invalid country code when getting provider links. Ignoring it. CONTEXT: {"gateway":"woocommerce_payments_sepa_debit","country":""}
2026-02-19T16:31:30+00:00 DEBUG Received invalid country code when getting provider links. Ignoring it. CONTEXT: {"gateway":"woocommerce_payments_giropay","country":""}
2026-02-19T16:31:30+00:00 DEBUG Received invalid country code when getting provider links. Ignoring it. CONTEXT: {"gateway":"woocommerce_payments_sofort","country":""}
2026-02-19T16:31:30+00:00 DEBUG Received invalid country code when getting provider links. Ignoring it. CONTEXT: {"gateway":"woocommerce_payments_p24","country":""}
2026-02-19T16:31:30+00:00 DEBUG Received invalid country code when getting provider links. Ignoring it. CONTEXT: {"gateway":"woocommerce_payments_ideal","country":""}
2026-02-19T16:31:30+00:00 DEBUG Received invalid country code when getting provider links. Ignoring it. CONTEXT: {"gateway":"woocommerce_payments_au_becs_debit","country":""}
2026-02-19T16:31:30+00:00 DEBUG Received invalid country code when getting provider links. Ignoring it. CONTEXT: {"gateway":"woocommerce_payments_eps","country":""}
2026-02-19T16:31:30+00:00 DEBUG Received invalid country code when getting provider links. Ignoring it. CONTEXT: {"gateway":"woocommerce_payments_affirm","country":""}
2026-02-19T16:31:30+00:00 DEBUG Received invalid country code when getting provider links. Ignoring it. CONTEXT: {"gateway":"woocommerce_payments_afterpay_clearpay","country":""}
2026-02-19T16:31:30+00:00 DEBUG Received invalid country code when getting provider links. Ignoring it. CONTEXT: {"gateway":"woocommerce_payments_klarna","country":""}
2026-02-19T16:31:30+00:00 DEBUG Received invalid country code when getting provider links. Ignoring it. CONTEXT: {"gateway":"woocommerce_payments_multibanco","country":""}
2026-02-19T16:31:30+00:00 DEBUG Received invalid country code when getting provider links. Ignoring it. CONTEXT: {"gateway":"woocommerce_payments_grabpay","country":""}
2026-02-19T16:31:30+00:00 DEBUG Received invalid country code when getting provider links. Ignoring it. CONTEXT: {"gateway":"woocommerce_payments_alipay","country":""}
2026-02-19T16:31:30+00:00 DEBUG Received invalid country code when getting provider links. Ignoring it. CONTEXT: {"gateway":"woocommerce_payments_wechat_pay","country":""}
2026-02-19T16:31:30+00:00 DEBUG Received invalid country code when getting provider links. Ignoring it. CONTEXT: {"gateway":"woocommerce_payments","country":""}
2026-02-19T16:31:30+00:00 DEBUG Received invalid country code when getting provider links. Ignoring it. CONTEXT: {"gateway":"woocommerce_payments_bancontact","country":""}
2026-02-19T16:31:30+00:00 DEBUG Received invalid country code when getting provider links. Ignoring it. CONTEXT: {"gateway":"woocommerce_payments_sepa_debit","country":""}
2026-02-19T16:31:30+00:00 DEBUG Received invalid country code when getting provider links. Ignoring it. CONTEXT: {"gateway":"woocommerce_payments_giropay","country":""}
2026-02-19T16:31:30+00:00 DEBUG Received invalid country code when getting provider links. Ignoring it. CONTEXT: {"gateway":"woocommerce_payments_sofort","country":""}
2026-02-19T16:31:30+00:00 DEBUG Received invalid country code when getting provider links. Ignoring it. CONTEXT: {"gateway":"woocommerce_payments_p24","country":""}
2026-02-19T16:31:30+00:00 DEBUG Received invalid country code when getting provider links. Ignoring it. CONTEXT: {"gateway":"woocommerce_payments_ideal","country":""}
2026-02-19T16:31:30+00:00 DEBUG Received invalid country code when getting provider links. Ignoring it. CONTEXT: {"gateway":"woocommerce_payments_au_becs_debit","country":""}
2026-02-19T16:31:30+00:00 DEBUG Received invalid country code when getting provider links. Ignoring it. CONTEXT: {"gateway":"woocommerce_payments_eps","country":""}
2026-02-19T16:31:30+00:00 DEBUG Received invalid country code when getting provider links. Ignoring it. CONTEXT: {"gateway":"woocommerce_payments_affirm","country":""}
2026-02-19T16:31:30+00:00 DEBUG Received invalid country code when getting provider links. Ignoring it. CONTEXT: {"gateway":"woocommerce_payments_afterpay_clearpay","country":""}
2026-02-19T16:31:30+00:00 DEBUG Received invalid country code when getting provider links. Ignoring it. CONTEXT: {"gateway":"woocommerce_payments_klarna","country":""}
2026-02-19T16:31:30+00:00 DEBUG Received invalid country code when getting provider links. Ignoring it. CONTEXT: {"gateway":"woocommerce_payments_multibanco","country":""}
2026-02-19T16:31:30+00:00 DEBUG Received invalid country code when getting provider links. Ignoring it. CONTEXT: {"gateway":"woocommerce_payments_grabpay","country":""}
2026-02-19T16:31:30+00:00 DEBUG Received invalid country code when getting provider links. Ignoring it. CONTEXT: {"gateway":"woocommerce_payments_alipay","country":""}
2026-02-19T16:31:30+00:00 DEBUG Received invalid country code when getting provider links. Ignoring it. CONTEXT: {"gateway":"woocommerce_payments_wechat_pay","country":""}
2026-02-19T16:31:30+00:00 DEBUG Received invalid country code when getting provider links. Ignoring it. CONTEXT: {"gateway":"bacs","country":""}
2026-02-19T16:31:30+00:00 DEBUG Received invalid country code when getting provider links. Ignoring it. CONTEXT: {"gateway":"cheque","country":""}
2026-02-19T16:31:30+00:00 DEBUG Received invalid country code when getting provider links. Ignoring it. CONTEXT: {"gateway":"cod","country":""}
2026-02-19T16:31:30+00:00 DEBUG Received invalid country code when getting provider links. Ignoring it. CONTEXT: {"gateway":"ppcp-gateway","country":""}
2026-02-19T16:31:30+00:00 DEBUG Received invalid country code when getting provider links. Ignoring it. CONTEXT: {"gateway":"woocommerce_payments_bancontact","country":""}
2026-02-19T16:31:30+00:00 DEBUG Received invalid country code when getting provider links. Ignoring it. CONTEXT: {"gateway":"woocommerce_payments_sepa_debit","country":""}
2026-02-19T16:31:30+00:00 DEBUG Received invalid country code when getting provider links. Ignoring it. CONTEXT: {"gateway":"woocommerce_payments_giropay","country":""}
2026-02-19T16:31:30+00:00 DEBUG Received invalid country code when getting provider links. Ignoring it. CONTEXT: {"gateway":"woocommerce_payments_sofort","country":""}
2026-02-19T16:31:30+00:00 DEBUG Received invalid country code when getting provider links. Ignoring it. CONTEXT: {"gateway":"woocommerce_payments_p24","country":""}
2026-02-19T16:31:30+00:00 DEBUG Received invalid country code when getting provider links. Ignoring it. CONTEXT: {"gateway":"woocommerce_payments_ideal","country":""}
2026-02-19T16:31:30+00:00 DEBUG Received invalid country code when getting provider links. Ignoring it. CONTEXT: {"gateway":"woocommerce_payments_au_becs_debit","country":""}
2026-02-19T16:31:30+00:00 DEBUG Received invalid country code when getting provider links. Ignoring it. CONTEXT: {"gateway":"woocommerce_payments_eps","country":""}
2026-02-19T16:31:30+00:00 DEBUG Received invalid country code when getting provider links. Ignoring it. CONTEXT: {"gateway":"woocommerce_payments_affirm","country":""}
2026-02-19T16:31:30+00:00 DEBUG Received invalid country code when getting provider links. Ignoring it. CONTEXT: {"gateway":"woocommerce_payments_afterpay_clearpay","country":""}
2026-02-19T16:31:30+00:00 DEBUG Received invalid country code when getting provider links. Ignoring it. CONTEXT: {"gateway":"woocommerce_payments_klarna","country":""}
2026-02-19T16:31:30+00:00 DEBUG Received invalid country code when getting provider links. Ignoring it. CONTEXT: {"gateway":"woocommerce_payments_multibanco","country":""}
2026-02-19T16:31:30+00:00 DEBUG Received invalid country code when getting provider links. Ignoring it. CONTEXT: {"gateway":"woocommerce_payments_grabpay","country":""}
2026-02-19T16:31:30+00:00 DEBUG Received invalid country code when getting provider links. Ignoring it. CONTEXT: {"gateway":"woocommerce_payments_alipay","country":""}
2026-02-19T16:31:30+00:00 DEBUG Received invalid country code when getting provider links. Ignoring it. CONTEXT: {"gateway":"woocommerce_payments_wechat_pay","country":""}
2026-02-19T16:31:30+00:00 DEBUG Received invalid country code when getting provider links. Ignoring it. CONTEXT: {"gateway":"woocommerce_payments","country":""}
2026-02-19T16:31:30+00:00 DEBUG Received invalid country code when getting provider links. Ignoring it. CONTEXT: {"gateway":"woocommerce_payments_bancontact","country":""}
2026-02-19T16:31:30+00:00 DEBUG Received invalid country code when getting provider links. Ignoring it. CONTEXT: {"gateway":"woocommerce_payments_sepa_debit","country":""}
2026-02-19T16:31:30+00:00 DEBUG Received invalid country code when getting provider links. Ignoring it. CONTEXT: {"gateway":"woocommerce_payments_giropay","country":""}
2026-02-19T16:31:30+00:00 DEBUG Received invalid country code when getting provider links. Ignoring it. CONTEXT: {"gateway":"woocommerce_payments_sofort","country":""}
2026-02-19T16:31:30+00:00 DEBUG Received invalid country code when getting provider links. Ignoring it. CONTEXT: {"gateway":"woocommerce_payments_p24","country":""}
2026-02-19T16:31:30+00:00 DEBUG Received invalid country code when getting provider links. Ignoring it. CONTEXT: {"gateway":"woocommerce_payments_ideal","country":""}
2026-02-19T16:31:30+00:00 DEBUG Received invalid country code when getting provider links. Ignoring it. CONTEXT: {"gateway":"woocommerce_payments_au_becs_debit","country":""}
2026-02-19T16:31:30+00:00 DEBUG Received invalid country code when getting provider links. Ignoring it. CONTEXT: {"gateway":"woocommerce_payments_eps","country":""}
2026-02-19T16:31:30+00:00 DEBUG Received invalid country code when getting provider links. Ignoring it. CONTEXT: {"gateway":"woocommerce_payments_affirm","country":""}
2026-02-19T16:31:30+00:00 DEBUG Received invalid country code when getting provider links. Ignoring it. CONTEXT: {"gateway":"woocommerce_payments_afterpay_clearpay","country":""}
2026-02-19T16:31:30+00:00 DEBUG Received invalid country code when getting provider links. Ignoring it. CONTEXT: {"gateway":"woocommerce_payments_klarna","country":""}
2026-02-19T16:31:30+00:00 DEBUG Received invalid country code when getting provider links. Ignoring it. CONTEXT: {"gateway":"woocommerce_payments_multibanco","country":""}
2026-02-19T16:31:30+00:00 DEBUG Received invalid country code when getting provider links. Ignoring it. CONTEXT: {"gateway":"woocommerce_payments_grabpay","country":""}
2026-02-19T16:31:30+00:00 DEBUG Received invalid country code when getting provider links. Ignoring it. CONTEXT: {"gateway":"woocommerce_payments_alipay","country":""}
2026-02-19T16:31:30+00:00 DEBUG Received invalid country code when getting provider links. Ignoring it. CONTEXT: {"gateway":"woocommerce_payments_wechat_pay","country":""}
2026-02-19T16:31:30+00:00 DEBUG Received invalid country code when getting provider links. Ignoring it. CONTEXT: {"gateway":"bacs","country":""}
2026-02-19T16:31:30+00:00 DEBUG Received invalid country code when getting provider links. Ignoring it. CONTEXT: {"gateway":"cheque","country":""}
2026-02-19T16:31:30+00:00 DEBUG Received invalid country code when getting provider links. Ignoring it. CONTEXT: {"gateway":"cod","country":""}
2026-02-19T16:31:30+00:00 DEBUG Received invalid country code when getting provider links. Ignoring it. CONTEXT: {"gateway":"ppcp-gateway","country":""}
2026-02-19T16:31:30+00:00 DEBUG Received invalid country code when getting provider links. Ignoring it. CONTEXT: {"gateway":"woocommerce_payments_bancontact","country":""}
2026-02-19T16:31:30+00:00 DEBUG Received invalid country code when getting provider links. Ignoring it. CONTEXT: {"gateway":"woocommerce_payments_sepa_debit","country":""}
2026-02-19T16:31:30+00:00 DEBUG Received invalid country code when getting provider links. Ignoring it. CONTEXT: {"gateway":"woocommerce_payments_giropay","country":""}
2026-02-19T16:31:30+00:00 DEBUG Received invalid country code when getting provider links. Ignoring it. CONTEXT: {"gateway":"woocommerce_payments_sofort","country":""}
2026-02-19T16:31:30+00:00 DEBUG Received invalid country code when getting provider links. Ignoring it. CONTEXT: {"gateway":"woocommerce_payments_p24","country":""}
2026-02-19T16:31:30+00:00 DEBUG Received invalid country code when getting provider links. Ignoring it. CONTEXT: {"gateway":"woocommerce_payments_ideal","country":""}
2026-02-19T16:31:30+00:00 DEBUG Received invalid country code when getting provider links. Ignoring it. CONTEXT: {"gateway":"woocommerce_payments_au_becs_debit","country":""}
2026-02-19T16:31:30+00:00 DEBUG Received invalid country code when getting provider links. Ignoring it. CONTEXT: {"gateway":"woocommerce_payments_eps","country":""}
2026-02-19T16:31:30+00:00 DEBUG Received invalid country code when getting provider links. Ignoring it. CONTEXT: {"gateway":"woocommerce_payments_affirm","country":""}
2026-02-19T16:31:30+00:00 DEBUG Received invalid country code when getting provider links. Ignoring it. CONTEXT: {"gateway":"woocommerce_payments_afterpay_clearpay","country":""}
2026-02-19T16:31:30+00:00 DEBUG Received invalid country code when getting provider links. Ignoring it. CONTEXT: {"gateway":"woocommerce_payments_klarna","country":""}
2026-02-19T16:31:30+00:00 DEBUG Received invalid country code when getting provider links. Ignoring it. CONTEXT: {"gateway":"woocommerce_payments_multibanco","country":""}
2026-02-19T16:31:30+00:00 DEBUG Received invalid country code when getting provider links. Ignoring it. CONTEXT: {"gateway":"woocommerce_payments_grabpay","country":""}
2026-02-19T16:31:30+00:00 DEBUG Received invalid country code when getting provider links. Ignoring it. CONTEXT: {"gateway":"woocommerce_payments_alipay","country":""}
2026-02-19T16:31:30+00:00 DEBUG Received invalid country code when getting provider links. Ignoring it. CONTEXT: {"gateway":"woocommerce_payments_wechat_pay","country":""}
2026-02-19T16:31:30+00:00 DEBUG Received invalid country code when getting provider links. Ignoring it. CONTEXT: {"gateway":"woocommerce_payments","country":""}
2026-02-19T16:31:30+00:00 DEBUG Received invalid country code when getting provider links. Ignoring it. CONTEXT: {"gateway":"woocommerce_payments_bancontact","country":""}
2026-02-19T16:31:30+00:00 DEBUG Received invalid country code when getting provider links. Ignoring it. CONTEXT: {"gateway":"woocommerce_payments_sepa_debit","country":""}
2026-02-19T16:31:30+00:00 DEBUG Received invalid country code when getting provider links. Ignoring it. CONTEXT: {"gateway":"woocommerce_payments_giropay","country":""}
2026-02-19T16:31:30+00:00 DEBUG Received invalid country code when getting provider links. Ignoring it. CONTEXT: {"gateway":"woocommerce_payments_sofort","country":""}
2026-02-19T16:31:30+00:00 DEBUG Received invalid country code when getting provider links. Ignoring it. CONTEXT: {"gateway":"woocommerce_payments_p24","country":""}
2026-02-19T16:31:30+00:00 DEBUG Received invalid country code when getting provider links. Ignoring it. CONTEXT: {"gateway":"woocommerce_payments_ideal","country":""}
2026-02-19T16:31:30+00:00 DEBUG Received invalid country code when getting provider links. Ignoring it. CONTEXT: {"gateway":"woocommerce_payments_au_becs_debit","country":""}
2026-02-19T16:31:30+00:00 DEBUG Received invalid country code when getting provider links. Ignoring it. CONTEXT: {"gateway":"woocommerce_payments_eps","country":""}
2026-02-19T16:31:30+00:00 DEBUG Received invalid country code when getting provider links. Ignoring it. CONTEXT: {"gateway":"woocommerce_payments_affirm","country":""}
2026-02-19T16:31:30+00:00 DEBUG Received invalid country code when getting provider links. Ignoring it. CONTEXT: {"gateway":"woocommerce_payments_afterpay_clearpay","country":""}
2026-02-19T16:31:30+00:00 DEBUG Received invalid country code when getting provider links. Ignoring it. CONTEXT: {"gateway":"woocommerce_payments_klarna","country":""}
2026-02-19T16:31:30+00:00 DEBUG Received invalid country code when getting provider links. Ignoring it. CONTEXT: {"gateway":"woocommerce_payments_multibanco","country":""}
2026-02-19T16:31:30+00:00 DEBUG Received invalid country code when getting provider links. Ignoring it. CONTEXT: {"gateway":"woocommerce_payments_grabpay","country":""}
2026-02-19T16:31:30+00:00 DEBUG Received invalid country code when getting provider links. Ignoring it. CONTEXT: {"gateway":"woocommerce_payments_alipay","country":""}
2026-02-19T16:31:30+00:00 DEBUG Received invalid country code when getting provider links. Ignoring it. CONTEXT: {"gateway":"woocommerce_payments_wechat_pay","country":""}
2026-02-19T16:31:30+00:00 DEBUG Received invalid country code when getting provider links. Ignoring it. CONTEXT: {"gateway":"bacs","country":""}
2026-02-19T16:31:30+00:00 DEBUG Received invalid country code when getting provider links. Ignoring it. CONTEXT: {"gateway":"cheque","country":""}
2026-02-19T16:31:30+00:00 DEBUG Received invalid country code when getting provider links. Ignoring it. CONTEXT: {"gateway":"cod","country":""}
2026-02-19T16:31:30+00:00 DEBUG Received invalid country code when getting provider links. Ignoring it. CONTEXT: {"gateway":"ppcp-gateway","country":""}
2026-02-19T16:31:30+00:00 DEBUG Received invalid country code when getting provider links. Ignoring it. CONTEXT: {"gateway":"woocommerce_payments_bancontact","country":""}
2026-02-19T16:31:30+00:00 DEBUG Received invalid country code when getting provider links. Ignoring it. CONTEXT: {"gateway":"woocommerce_payments_sepa_debit","country":""}
2026-02-19T16:31:30+00:00 DEBUG Received invalid country code when getting provider links. Ignoring it. CONTEXT: {"gateway":"woocommerce_payments_giropay","country":""}
2026-02-19T16:31:30+00:00 DEBUG Received invalid country code when getting provider links. Ignoring it. CONTEXT: {"gateway":"woocommerce_payments_sofort","country":""}
2026-02-19T16:31:30+00:00 DEBUG Received invalid country code when getting provider links. Ignoring it. CONTEXT: {"gateway":"woocommerce_payments_p24","country":""}
2026-02-19T16:31:30+00:00 DEBUG Received invalid country code when getting provider links. Ignoring it. CONTEXT: {"gateway":"woocommerce_payments_ideal","country":""}
2026-02-19T16:31:30+00:00 DEBUG Received invalid country code when getting provider links. Ignoring it. CONTEXT: {"gateway":"woocommerce_payments_au_becs_debit","country":""}
2026-02-19T16:31:30+00:00 DEBUG Received invalid country code when getting provider links. Ignoring it. CONTEXT: {"gateway":"woocommerce_payments_eps","country":""}
2026-02-19T16:31:30+00:00 DEBUG Received invalid country code when getting provider links. Ignoring it. CONTEXT: {"gateway":"woocommerce_payments_affirm","country":""}
2026-02-19T16:31:30+00:00 DEBUG Received invalid country code when getting provider links. Ignoring it. CONTEXT: {"gateway":"woocommerce_payments_afterpay_clearpay","country":""}
2026-02-19T16:31:30+00:00 DEBUG Received invalid country code when getting provider links. Ignoring it. CONTEXT: {"gateway":"woocommerce_payments_klarna","country":""}
2026-02-19T16:31:30+00:00 DEBUG Received invalid country code when getting provider links. Ignoring it. CONTEXT: {"gateway":"woocommerce_payments_multibanco","country":""}
2026-02-19T16:31:30+00:00 DEBUG Received invalid country code when getting provider links. Ignoring it. CONTEXT: {"gateway":"woocommerce_payments_grabpay","country":""}
2026-02-19T16:31:30+00:00 DEBUG Received invalid country code when getting provider links. Ignoring it. CONTEXT: {"gateway":"woocommerce_payments_alipay","country":""}
2026-02-19T16:31:30+00:00 DEBUG Received invalid country code when getting provider links. Ignoring it. CONTEXT: {"gateway":"woocommerce_payments_wechat_pay","country":""}
2026-02-19T16:31:30+00:00 DEBUG Received invalid country code when getting provider links. Ignoring it. CONTEXT: {"gateway":"woocommerce_payments","country":""}
2026-02-19T16:31:30+00:00 DEBUG Received invalid country code when getting provider links. Ignoring it. CONTEXT: {"gateway":"woocommerce_payments_bancontact","country":""}
2026-02-19T16:31:30+00:00 DEBUG Received invalid country code when getting provider links. Ignoring it. CONTEXT: {"gateway":"woocommerce_payments_sepa_debit","country":""}
2026-02-19T16:31:30+00:00 DEBUG Received invalid country code when getting provider links. Ignoring it. CONTEXT: {"gateway":"woocommerce_payments_giropay","country":""}
2026-02-19T16:31:30+00:00 DEBUG Received invalid country code when getting provider links. Ignoring it. CONTEXT: {"gateway":"woocommerce_payments_sofort","country":""}
2026-02-19T16:31:30+00:00 DEBUG Received invalid country code when getting provider links. Ignoring it. CONTEXT: {"gateway":"woocommerce_payments_p24","country":""}
2026-02-19T16:31:30+00:00 DEBUG Received invalid country code when getting provider links. Ignoring it. CONTEXT: {"gateway":"woocommerce_payments_ideal","country":""}
2026-02-19T16:31:30+00:00 DEBUG Received invalid country code when getting provider links. Ignoring it. CONTEXT: {"gateway":"woocommerce_payments_au_becs_debit","country":""}
2026-02-19T16:31:30+00:00 DEBUG Received invalid country code when getting provider links. Ignoring it. CONTEXT: {"gateway":"woocommerce_payments_eps","country":""}
2026-02-19T16:31:30+00:00 DEBUG Received invalid country code when getting provider links. Ignoring it. CONTEXT: {"gateway":"woocommerce_payments_affirm","country":""}
2026-02-19T16:31:30+00:00 DEBUG Received invalid country code when getting provider links. Ignoring it. CONTEXT: {"gateway":"woocommerce_payments_afterpay_clearpay","country":""}
2026-02-19T16:31:30+00:00 DEBUG Received invalid country code when getting provider links. Ignoring it. CONTEXT: {"gateway":"woocommerce_payments_klarna","country":""}
2026-02-19T16:31:30+00:00 DEBUG Received invalid country code when getting provider links. Ignoring it. CONTEXT: {"gateway":"woocommerce_payments_multibanco","country":""}
2026-02-19T16:31:30+00:00 DEBUG Received invalid country code when getting provider links. Ignoring it. CONTEXT: {"gateway":"woocommerce_payments_grabpay","country":""}
2026-02-19T16:31:30+00:00 DEBUG Received invalid country code when getting provider links. Ignoring it. CONTEXT: {"gateway":"woocommerce_payments_alipay","country":""}
2026-02-19T16:31:30+00:00 DEBUG Received invalid country code when getting provider links. Ignoring it. CONTEXT: {"gateway":"woocommerce_payments_wechat_pay","country":""}
2026-02-19T16:31:30+00:00 DEBUG Received invalid country code when getting provider links. Ignoring it. CONTEXT: {"gateway":"bacs","country":""}
2026-02-19T16:31:30+00:00 DEBUG Received invalid country code when getting provider links. Ignoring it. CONTEXT: {"gateway":"cheque","country":""}
2026-02-19T16:31:30+00:00 DEBUG Received invalid country code when getting provider links. Ignoring it. CONTEXT: {"gateway":"cod","country":""}
2026-02-19T16:31:30+00:00 DEBUG Received invalid country code when getting provider links. Ignoring it. CONTEXT: {"gateway":"ppcp-gateway","country":""}
2026-02-19T16:31:30+00:00 DEBUG Received invalid country code when getting provider links. Ignoring it. CONTEXT: {"gateway":"woocommerce_payments_bancontact","country":""}
2026-02-19T16:31:30+00:00 DEBUG Received invalid country code when getting provider links. Ignoring it. CONTEXT: {"gateway":"woocommerce_payments_sepa_debit","country":""}
2026-02-19T16:31:30+00:00 DEBUG Received invalid country code when getting provider links. Ignoring it. CONTEXT: {"gateway":"woocommerce_payments_giropay","country":""}
2026-02-19T16:31:30+00:00 DEBUG Received invalid country code when getting provider links. Ignoring it. CONTEXT: {"gateway":"woocommerce_payments_sofort","country":""}
2026-02-19T16:31:30+00:00 DEBUG Received invalid country code when getting provider links. Ignoring it. CONTEXT: {"gateway":"woocommerce_payments_p24","country":""}
2026-02-19T16:31:30+00:00 DEBUG Received invalid country code when getting provider links. Ignoring it. CONTEXT: {"gateway":"woocommerce_payments_ideal","country":""}
2026-02-19T16:31:30+00:00 DEBUG Received invalid country code when getting provider links. Ignoring it. CONTEXT: {"gateway":"woocommerce_payments_au_becs_debit","country":""}
2026-02-19T16:31:30+00:00 DEBUG Received invalid country code when getting provider links. Ignoring it. CONTEXT: {"gateway":"woocommerce_payments_eps","country":""}
2026-02-19T16:31:30+00:00 DEBUG Received invalid country code when getting provider links. Ignoring it. CONTEXT: {"gateway":"woocommerce_payments_affirm","country":""}
2026-02-19T16:31:30+00:00 DEBUG Received invalid country code when getting provider links. Ignoring it. CONTEXT: {"gateway":"woocommerce_payments_afterpay_clearpay","country":""}
2026-02-19T16:31:30+00:00 DEBUG Received invalid country code when getting provider links. Ignoring it. CONTEXT: {"gateway":"woocommerce_payments_klarna","country":""}
2026-02-19T16:31:30+00:00 DEBUG Received invalid country code when getting provider links. Ignoring it. CONTEXT: {"gateway":"woocommerce_payments_multibanco","country":""}
2026-02-19T16:31:30+00:00 DEBUG Received invalid country code when getting provider links. Ignoring it. CONTEXT: {"gateway":"woocommerce_payments_grabpay","country":""}
2026-02-19T16:31:30+00:00 DEBUG Received invalid country code when getting provider links. Ignoring it. CONTEXT: {"gateway":"woocommerce_payments_alipay","country":""}
2026-02-19T16:31:30+00:00 DEBUG Received invalid country code when getting provider links. Ignoring it. CONTEXT: {"gateway":"woocommerce_payments_wechat_pay","country":""}
2026-02-19T16:31:30+00:00 DEBUG Received invalid country code when getting provider links. Ignoring it. CONTEXT: {"gateway":"woocommerce_payments","country":""}
2026-02-19T16:31:30+00:00 DEBUG Received invalid country code when getting provider links. Ignoring it. CONTEXT: {"gateway":"woocommerce_payments_bancontact","country":""}
2026-02-19T16:31:30+00:00 DEBUG Received invalid country code when getting provider links. Ignoring it. CONTEXT: {"gateway":"woocommerce_payments_sepa_debit","country":""}
2026-02-19T16:31:30+00:00 DEBUG Received invalid country code when getting provider links. Ignoring it. CONTEXT: {"gateway":"woocommerce_payments_giropay","country":""}
2026-02-19T16:31:30+00:00 DEBUG Received invalid country code when getting provider links. Ignoring it. CONTEXT: {"gateway":"woocommerce_payments_sofort","country":""}
2026-02-19T16:31:30+00:00 DEBUG Received invalid country code when getting provider links. Ignoring it. CONTEXT: {"gateway":"woocommerce_payments_p24","country":""}
2026-02-19T16:31:30+00:00 DEBUG Received invalid country code when getting provider links. Ignoring it. CONTEXT: {"gateway":"woocommerce_payments_ideal","country":""}
2026-02-19T16:31:30+00:00 DEBUG Received invalid country code when getting provider links. Ignoring it. CONTEXT: {"gateway":"woocommerce_payments_au_becs_debit","country":""}
2026-02-19T16:31:30+00:00 DEBUG Received invalid country code when getting provider links. Ignoring it. CONTEXT: {"gateway":"woocommerce_payments_eps","country":""}
2026-02-19T16:31:30+00:00 DEBUG Received invalid country code when getting provider links. Ignoring it. CONTEXT: {"gateway":"woocommerce_payments_affirm","country":""}
2026-02-19T16:31:30+00:00 DEBUG Received invalid country code when getting provider links. Ignoring it. CONTEXT: {"gateway":"woocommerce_payments_afterpay_clearpay","country":""}
2026-02-19T16:31:30+00:00 DEBUG Received invalid country code when getting provider links. Ignoring it. CONTEXT: {"gateway":"woocommerce_payments_klarna","country":""}
2026-02-19T16:31:30+00:00 DEBUG Received invalid country code when getting provider links. Ignoring it. CONTEXT: {"gateway":"woocommerce_payments_multibanco","country":""}
2026-02-19T16:31:30+00:00 DEBUG Received invalid country code when getting provider links. Ignoring it. CONTEXT: {"gateway":"woocommerce_payments_grabpay","country":""}
2026-02-19T16:31:30+00:00 DEBUG Received invalid country code when getting provider links. Ignoring it. CONTEXT: {"gateway":"woocommerce_payments_alipay","country":""}
2026-02-19T16:31:30+00:00 DEBUG Received invalid country code when getting provider links. Ignoring it. CONTEXT: {"gateway":"woocommerce_payments_wechat_pay","country":""}
2026-02-19T16:31:30+00:00 DEBUG Received invalid country code when getting provider links. Ignoring it. CONTEXT: {"gateway":"bacs","country":""}
2026-02-19T16:31:30+00:00 DEBUG Received invalid country code when getting provider links. Ignoring it. CONTEXT: {"gateway":"cheque","country":""}
2026-02-19T16:31:30+00:00 DEBUG Received invalid country code when getting provider links. Ignoring it. CONTEXT: {"gateway":"cod","country":""}
2026-02-19T16:31:30+00:00 DEBUG Received invalid country code when getting provider links. Ignoring it. CONTEXT: {"gateway":"ppcp-gateway","country":""}
2026-02-19T16:31:30+00:00 DEBUG Received invalid country code when getting provider links. Ignoring it. CONTEXT: {"gateway":"woocommerce_payments_bancontact","country":""}
2026-02-19T16:31:30+00:00 DEBUG Received invalid country code when getting provider links. Ignoring it. CONTEXT: {"gateway":"woocommerce_payments_sepa_debit","country":""}
2026-02-19T16:31:30+00:00 DEBUG Received invalid country code when getting provider links. Ignoring it. CONTEXT: {"gateway":"woocommerce_payments_giropay","country":""}
2026-02-19T16:31:30+00:00 DEBUG Received invalid country code when getting provider links. Ignoring it. CONTEXT: {"gateway":"woocommerce_payments_sofort","country":""}
2026-02-19T16:31:30+00:00 DEBUG Received invalid country code when getting provider links. Ignoring it. CONTEXT: {"gateway":"woocommerce_payments_p24","country":""}
2026-02-19T16:31:30+00:00 DEBUG Received invalid country code when getting provider links. Ignoring it. CONTEXT: {"gateway":"woocommerce_payments_ideal","country":""}
2026-02-19T16:31:30+00:00 DEBUG Received invalid country code when getting provider links. Ignoring it. CONTEXT: {"gateway":"woocommerce_payments_au_becs_debit","country":""}
2026-02-19T16:31:30+00:00 DEBUG Received invalid country code when getting provider links. Ignoring it. CONTEXT: {"gateway":"woocommerce_payments_eps","country":""}
2026-02-19T16:31:30+00:00 DEBUG Received invalid country code when getting provider links. Ignoring it. CONTEXT: {"gateway":"woocommerce_payments_affirm","country":""}
2026-02-19T16:31:30+00:00 DEBUG Received invalid country code when getting provider links. Ignoring it. CONTEXT: {"gateway":"woocommerce_payments_afterpay_clearpay","country":""}
2026-02-19T16:31:30+00:00 DEBUG Received invalid country code when getting provider links. Ignoring it. CONTEXT: {"gateway":"woocommerce_payments_klarna","country":""}
2026-02-19T16:31:30+00:00 DEBUG Received invalid country code when getting provider links. Ignoring it. CONTEXT: {"gateway":"woocommerce_payments_multibanco","country":""}
2026-02-19T16:31:30+00:00 DEBUG Received invalid country code when getting provider links. Ignoring it. CONTEXT: {"gateway":"woocommerce_payments_grabpay","country":""}
2026-02-19T16:31:30+00:00 DEBUG Received invalid country code when getting provider links. Ignoring it. CONTEXT: {"gateway":"woocommerce_payments_alipay","country":""}
2026-02-19T16:31:30+00:00 DEBUG Received invalid country code when getting provider links. Ignoring it. CONTEXT: {"gateway":"woocommerce_payments_wechat_pay","country":""}
2026-02-19T16:31:30+00:00 DEBUG Received invalid country code when getting provider links. Ignoring it. CONTEXT: {"gateway":"woocommerce_payments","country":""}
2026-02-19T16:31:30+00:00 DEBUG Received invalid country code when getting provider links. Ignoring it. CONTEXT: {"gateway":"woocommerce_payments_bancontact","country":""}
2026-02-19T16:31:30+00:00 DEBUG Received invalid country code when getting provider links. Ignoring it. CONTEXT: {"gateway":"woocommerce_payments_sepa_debit","country":""}
2026-02-19T16:31:30+00:00 DEBUG Received invalid country code when getting provider links. Ignoring it. CONTEXT: {"gateway":"woocommerce_payments_giropay","country":""}
2026-02-19T16:31:30+00:00 DEBUG Received invalid country code when getting provider links. Ignoring it. CONTEXT: {"gateway":"woocommerce_payments_sofort","country":""}
2026-02-19T16:31:30+00:00 DEBUG Received invalid country code when getting provider links. Ignoring it. CONTEXT: {"gateway":"woocommerce_payments_p24","country":""}
2026-02-19T16:31:30+00:00 DEBUG Received invalid country code when getting provider links. Ignoring it. CONTEXT: {"gateway":"woocommerce_payments_ideal","country":""}
2026-02-19T16:31:30+00:00 DEBUG Received invalid country code when getting provider links. Ignoring it. CONTEXT: {"gateway":"woocommerce_payments_au_becs_debit","country":""}
2026-02-19T16:31:30+00:00 DEBUG Received invalid country code when getting provider links. Ignoring it. CONTEXT: {"gateway":"woocommerce_payments_eps","country":""}
2026-02-19T16:31:30+00:00 DEBUG Received invalid country code when getting provider links. Ignoring it. CONTEXT: {"gateway":"woocommerce_payments_affirm","country":""}
2026-02-19T16:31:30+00:00 DEBUG Received invalid country code when getting provider links. Ignoring it. CONTEXT: {"gateway":"woocommerce_payments_afterpay_clearpay","country":""}
2026-02-19T16:31:30+00:00 DEBUG Received invalid country code when getting provider links. Ignoring it. CONTEXT: {"gateway":"woocommerce_payments_klarna","country":""}
2026-02-19T16:31:30+00:00 DEBUG Received invalid country code when getting provider links. Ignoring it. CONTEXT: {"gateway":"woocommerce_payments_multibanco","country":""}
2026-02-19T16:31:30+00:00 DEBUG Received invalid country code when getting provider links. Ignoring it. CONTEXT: {"gateway":"woocommerce_payments_grabpay","country":""}
2026-02-19T16:31:30+00:00 DEBUG Received invalid country code when getting provider links. Ignoring it. CONTEXT: {"gateway":"woocommerce_payments_alipay","country":""}
2026-02-19T16:31:30+00:00 DEBUG Received invalid country code when getting provider links. Ignoring it. CONTEXT: {"gateway":"woocommerce_payments_wechat_pay","country":""}
2026-02-19T16:31:30+00:00 DEBUG Received invalid country code when getting provider links. Ignoring it. CONTEXT: {"gateway":"bacs","country":""}
2026-02-19T16:31:30+00:00 DEBUG Received invalid country code when getting provider links. Ignoring it. CONTEXT: {"gateway":"cheque","country":""}
2026-02-19T16:31:30+00:00 DEBUG Received invalid country code when getting provider links. Ignoring it. CONTEXT: {"gateway":"cod","country":""}
2026-02-19T16:31:30+00:00 DEBUG Received invalid country code when getting provider links. Ignoring it. CONTEXT: {"gateway":"ppcp-gateway","country":""}
2026-02-19T16:31:30+00:00 DEBUG Received invalid country code when getting provider links. Ignoring it. CONTEXT: {"gateway":"woocommerce_payments_bancontact","country":""}
2026-02-19T16:31:30+00:00 DEBUG Received invalid country code when getting provider links. Ignoring it. CONTEXT: {"gateway":"woocommerce_payments_sepa_debit","country":""}
2026-02-19T16:31:30+00:00 DEBUG Received invalid country code when getting provider links. Ignoring it. CONTEXT: {"gateway":"woocommerce_payments_giropay","country":""}
2026-02-19T16:31:30+00:00 DEBUG Received invalid country code when getting provider links. Ignoring it. CONTEXT: {"gateway":"woocommerce_payments_sofort","country":""}
2026-02-19T16:31:30+00:00 DEBUG Received invalid country code when getting provider links. Ignoring it. CONTEXT: {"gateway":"woocommerce_payments_p24","country":""}
2026-02-19T16:31:30+00:00 DEBUG Received invalid country code when getting provider links. Ignoring it. CONTEXT: {"gateway":"woocommerce_payments_ideal","country":""}
2026-02-19T16:31:30+00:00 DEBUG Received invalid country code when getting provider links. Ignoring it. CONTEXT: {"gateway":"woocommerce_payments_au_becs_debit","country":""}
2026-02-19T16:31:30+00:00 DEBUG Received invalid country code when getting provider links. Ignoring it. CONTEXT: {"gateway":"woocommerce_payments_eps","country":""}
2026-02-19T16:31:30+00:00 DEBUG Received invalid country code when getting provider links. Ignoring it. CONTEXT: {"gateway":"woocommerce_payments_affirm","country":""}
2026-02-19T16:31:30+00:00 DEBUG Received invalid country code when getting provider links. Ignoring it. CONTEXT: {"gateway":"woocommerce_payments_afterpay_clearpay","country":""}
2026-02-19T16:31:30+00:00 DEBUG Received invalid country code when getting provider links. Ignoring it. CONTEXT: {"gateway":"woocommerce_payments_klarna","country":""}
2026-02-19T16:31:30+00:00 DEBUG Received invalid country code when getting provider links. Ignoring it. CONTEXT: {"gateway":"woocommerce_payments_multibanco","country":""}
2026-02-19T16:31:30+00:00 DEBUG Received invalid country code when getting provider links. Ignoring it. CONTEXT: {"gateway":"woocommerce_payments_grabpay","country":""}
2026-02-19T16:31:30+00:00 DEBUG Received invalid country code when getting provider links. Ignoring it. CONTEXT: {"gateway":"woocommerce_payments_alipay","country":""}
2026-02-19T16:31:30+00:00 DEBUG Received invalid country code when getting provider links. Ignoring it. CONTEXT: {"gateway":"woocommerce_payments_wechat_pay","country":""}
2026-02-19T16:31:30+00:00 DEBUG Received invalid country code when getting provider links. Ignoring it. CONTEXT: {"gateway":"woocommerce_payments","country":""}
2026-02-19T16:31:30+00:00 DEBUG Received invalid country code when getting provider links. Ignoring it. CONTEXT: {"gateway":"woocommerce_payments_bancontact","country":""}
2026-02-19T16:31:30+00:00 DEBUG Received invalid country code when getting provider links. Ignoring it. CONTEXT: {"gateway":"woocommerce_payments_sepa_debit","country":""}
2026-02-19T16:31:30+00:00 DEBUG Received invalid country code when getting provider links. Ignoring it. CONTEXT: {"gateway":"woocommerce_payments_giropay","country":""}
2026-02-19T16:31:30+00:00 DEBUG Received invalid country code when getting provider links. Ignoring it. CONTEXT: {"gateway":"woocommerce_payments_sofort","country":""}
2026-02-19T16:31:30+00:00 DEBUG Received invalid country code when getting provider links. Ignoring it. CONTEXT: {"gateway":"woocommerce_payments_p24","country":""}
2026-02-19T16:31:30+00:00 DEBUG Received invalid country code when getting provider links. Ignoring it. CONTEXT: {"gateway":"woocommerce_payments_ideal","country":""}
2026-02-19T16:31:30+00:00 DEBUG Received invalid country code when getting provider links. Ignoring it. CONTEXT: {"gateway":"woocommerce_payments_au_becs_debit","country":""}
2026-02-19T16:31:30+00:00 DEBUG Received invalid country code when getting provider links. Ignoring it. CONTEXT: {"gateway":"woocommerce_payments_eps","country":""}
2026-02-19T16:31:30+00:00 DEBUG Received invalid country code when getting provider links. Ignoring it. CONTEXT: {"gateway":"woocommerce_payments_affirm","country":""}
2026-02-19T16:31:30+00:00 DEBUG Received invalid country code when getting provider links. Ignoring it. CONTEXT: {"gateway":"woocommerce_payments_afterpay_clearpay","country":""}
2026-02-19T16:31:30+00:00 DEBUG Received invalid country code when getting provider links. Ignoring it. CONTEXT: {"gateway":"woocommerce_payments_klarna","country":""}
2026-02-19T16:31:30+00:00 DEBUG Received invalid country code when getting provider links. Ignoring it. CONTEXT: {"gateway":"woocommerce_payments_multibanco","country":""}
2026-02-19T16:31:30+00:00 DEBUG Received invalid country code when getting provider links. Ignoring it. CONTEXT: {"gateway":"woocommerce_payments_grabpay","country":""}
2026-02-19T16:31:30+00:00 DEBUG Received invalid country code when getting provider links. Ignoring it. CONTEXT: {"gateway":"woocommerce_payments_alipay","country":""}
2026-02-19T16:31:30+00:00 DEBUG Received invalid country code when getting provider links. Ignoring it. CONTEXT: {"gateway":"woocommerce_payments_wechat_pay","country":""}
2026-02-19T16:31:30+00:00 DEBUG Received invalid country code when getting provider links. Ignoring it. CONTEXT: {"gateway":"bacs","country":""}
2026-02-19T16:31:30+00:00 DEBUG Received invalid country code when getting provider links. Ignoring it. CONTEXT: {"gateway":"cheque","country":""}
2026-02-19T16:31:30+00:00 DEBUG Received invalid country code when getting provider links. Ignoring it. CONTEXT: {"gateway":"cod","country":""}
2026-02-19T16:31:30+00:00 DEBUG Received invalid country code when getting provider links. Ignoring it. CONTEXT: {"gateway":"ppcp-gateway","country":""}
2026-02-19T16:31:30+00:00 DEBUG Received invalid country code when getting provider links. Ignoring it. CONTEXT: {"gateway":"woocommerce_payments_bancontact","country":""}
2026-02-19T16:31:30+00:00 DEBUG Received invalid country code when getting provider links. Ignoring it. CONTEXT: {"gateway":"woocommerce_payments_sepa_debit","country":""}
2026-02-19T16:31:30+00:00 DEBUG Received invalid country code when getting provider links. Ignoring it. CONTEXT: {"gateway":"woocommerce_payments_giropay","country":""}
2026-02-19T16:31:30+00:00 DEBUG Received invalid country code when getting provider links. Ignoring it. CONTEXT: {"gateway":"woocommerce_payments_sofort","country":""}
2026-02-19T16:31:30+00:00 DEBUG Received invalid country code when getting provider links. Ignoring it. CONTEXT: {"gateway":"woocommerce_payments_p24","country":""}
2026-02-19T16:31:30+00:00 DEBUG Received invalid country code when getting provider links. Ignoring it. CONTEXT: {"gateway":"woocommerce_payments_ideal","country":""}
2026-02-19T16:31:30+00:00 DEBUG Received invalid country code when getting provider links. Ignoring it. CONTEXT: {"gateway":"woocommerce_payments_au_becs_debit","country":""}
2026-02-19T16:31:30+00:00 DEBUG Received invalid country code when getting provider links. Ignoring it. CONTEXT: {"gateway":"woocommerce_payments_eps","country":""}
2026-02-19T16:31:30+00:00 DEBUG Received invalid country code when getting provider links. Ignoring it. CONTEXT: {"gateway":"woocommerce_payments_affirm","country":""}
2026-02-19T16:31:30+00:00 DEBUG Received invalid country code when getting provider links. Ignoring it. CONTEXT: {"gateway":"woocommerce_payments_afterpay_clearpay","country":""}
2026-02-19T16:31:30+00:00 DEBUG Received invalid country code when getting provider links. Ignoring it. CONTEXT: {"gateway":"woocommerce_payments_klarna","country":""}
2026-02-19T16:31:30+00:00 DEBUG Received invalid country code when getting provider links. Ignoring it. CONTEXT: {"gateway":"woocommerce_payments_multibanco","country":""}
2026-02-19T16:31:30+00:00 DEBUG Received invalid country code when getting provider links. Ignoring it. CONTEXT: {"gateway":"woocommerce_payments_grabpay","country":""}
2026-02-19T16:31:30+00:00 DEBUG Received invalid country code when getting provider links. Ignoring it. CONTEXT: {"gateway":"woocommerce_payments_alipay","country":""}
2026-02-19T16:31:30+00:00 DEBUG Received invalid country code when getting provider links. Ignoring it. CONTEXT: {"gateway":"woocommerce_payments_wechat_pay","country":""}
2026-02-19T16:31:30+00:00 DEBUG Received invalid country code when getting provider links. Ignoring it. CONTEXT: {"gateway":"woocommerce_payments","country":""}
2026-02-19T16:31:30+00:00 DEBUG Received invalid country code when getting provider links. Ignoring it. CONTEXT: {"gateway":"woocommerce_payments_bancontact","country":""}
2026-02-19T16:31:30+00:00 DEBUG Received invalid country code when getting provider links. Ignoring it. CONTEXT: {"gateway":"woocommerce_payments_sepa_debit","country":""}
2026-02-19T16:31:30+00:00 DEBUG Received invalid country code when getting provider links. Ignoring it. CONTEXT: {"gateway":"woocommerce_payments_giropay","country":""}
2026-02-19T16:31:30+00:00 DEBUG Received invalid country code when getting provider links. Ignoring it. CONTEXT: {"gateway":"woocommerce_payments_sofort","country":""}
2026-02-19T16:31:30+00:00 DEBUG Received invalid country code when getting provider links. Ignoring it. CONTEXT: {"gateway":"woocommerce_payments_p24","country":""}
2026-02-19T16:31:30+00:00 DEBUG Received invalid country code when getting provider links. Ignoring it. CONTEXT: {"gateway":"woocommerce_payments_ideal","country":""}
2026-02-19T16:31:30+00:00 DEBUG Received invalid country code when getting provider links. Ignoring it. CONTEXT: {"gateway":"woocommerce_payments_au_becs_debit","country":""}
2026-02-19T16:31:30+00:00 DEBUG Received invalid country code when getting provider links. Ignoring it. CONTEXT: {"gateway":"woocommerce_payments_eps","country":""}
2026-02-19T16:31:30+00:00 DEBUG Received invalid country code when getting provider links. Ignoring it. CONTEXT: {"gateway":"woocommerce_payments_affirm","country":""}
2026-02-19T16:31:30+00:00 DEBUG Received invalid country code when getting provider links. Ignoring it. CONTEXT: {"gateway":"woocommerce_payments_afterpay_clearpay","country":""}
2026-02-19T16:31:30+00:00 DEBUG Received invalid country code when getting provider links. Ignoring it. CONTEXT: {"gateway":"woocommerce_payments_klarna","country":""}
2026-02-19T16:31:30+00:00 DEBUG Received invalid country code when getting provider links. Ignoring it. CONTEXT: {"gateway":"woocommerce_payments_multibanco","country":""}
2026-02-19T16:31:30+00:00 DEBUG Received invalid country code when getting provider links. Ignoring it. CONTEXT: {"gateway":"woocommerce_payments_grabpay","country":""}
2026-02-19T16:31:30+00:00 DEBUG Received invalid country code when getting provider links. Ignoring it. CONTEXT: {"gateway":"woocommerce_payments_alipay","country":""}
2026-02-19T16:31:30+00:00 DEBUG Received invalid country code when getting provider links. Ignoring it. CONTEXT: {"gateway":"woocommerce_payments_wechat_pay","country":""}
2026-02-19T16:31:30+00:00 DEBUG Received invalid country code when getting provider links. Ignoring it. CONTEXT: {"gateway":"bacs","country":""}
2026-02-19T16:31:30+00:00 DEBUG Received invalid country code when getting provider links. Ignoring it. CONTEXT: {"gateway":"cheque","country":""}
2026-02-19T16:31:30+00:00 DEBUG Received invalid country code when getting provider links. Ignoring it. CONTEXT: {"gateway":"cod","country":""}
2026-02-19T16:31:30+00:00 DEBUG Received invalid country code when getting provider links. Ignoring it. CONTEXT: {"gateway":"ppcp-gateway","country":""}
2026-02-19T16:31:30+00:00 DEBUG Received invalid country code when getting provider links. Ignoring it. CONTEXT: {"gateway":"woocommerce_payments_bancontact","country":""}
2026-02-19T16:31:30+00:00 DEBUG Received invalid country code when getting provider links. Ignoring it. CONTEXT: {"gateway":"woocommerce_payments_sepa_debit","country":""}
2026-02-19T16:31:30+00:00 DEBUG Received invalid country code when getting provider links. Ignoring it. CONTEXT: {"gateway":"woocommerce_payments_giropay","country":""}
2026-02-19T16:31:30+00:00 DEBUG Received invalid country code when getting provider links. Ignoring it. CONTEXT: {"gateway":"woocommerce_payments_sofort","country":""}
2026-02-19T16:31:30+00:00 DEBUG Received invalid country code when getting provider links. Ignoring it. CONTEXT: {"gateway":"woocommerce_payments_p24","country":""}
2026-02-19T16:31:30+00:00 DEBUG Received invalid country code when getting provider links. Ignoring it. CONTEXT: {"gateway":"woocommerce_payments_ideal","country":""}
2026-02-19T16:31:30+00:00 DEBUG Received invalid country code when getting provider links. Ignoring it. CONTEXT: {"gateway":"woocommerce_payments_au_becs_debit","country":""}
2026-02-19T16:31:30+00:00 DEBUG Received invalid country code when getting provider links. Ignoring it. CONTEXT: {"gateway":"woocommerce_payments_eps","country":""}
2026-02-19T16:31:30+00:00 DEBUG Received invalid country code when getting provider links. Ignoring it. CONTEXT: {"gateway":"woocommerce_payments_affirm","country":""}
2026-02-19T16:31:30+00:00 DEBUG Received invalid country code when getting provider links. Ignoring it. CONTEXT: {"gateway":"woocommerce_payments_afterpay_clearpay","country":""}
2026-02-19T16:31:30+00:00 DEBUG Received invalid country code when getting provider links. Ignoring it. CONTEXT: {"gateway":"woocommerce_payments_klarna","country":""}
2026-02-19T16:31:30+00:00 DEBUG Received invalid country code when getting provider links. Ignoring it. CONTEXT: {"gateway":"woocommerce_payments_multibanco","country":""}
2026-02-19T16:31:30+00:00 DEBUG Received invalid country code when getting provider links. Ignoring it. CONTEXT: {"gateway":"woocommerce_payments_grabpay","country":""}
2026-02-19T16:31:30+00:00 DEBUG Received invalid country code when getting provider links. Ignoring it. CONTEXT: {"gateway":"woocommerce_payments_alipay","country":""}
2026-02-19T16:31:30+00:00 DEBUG Received invalid country code when getting provider links. Ignoring it. CONTEXT: {"gateway":"woocommerce_payments_wechat_pay","country":""}
2026-02-19T16:31:30+00:00 DEBUG Received invalid country code when getting provider links. Ignoring it. CONTEXT: {"gateway":"woocommerce_payments","country":""}
2026-02-19T16:31:30+00:00 DEBUG Received invalid country code when getting provider links. Ignoring it. CONTEXT: {"gateway":"woocommerce_payments_bancontact","country":""}
2026-02-19T16:31:30+00:00 DEBUG Received invalid country code when getting provider links. Ignoring it. CONTEXT: {"gateway":"woocommerce_payments_sepa_debit","country":""}
2026-02-19T16:31:30+00:00 DEBUG Received invalid country code when getting provider links. Ignoring it. CONTEXT: {"gateway":"woocommerce_payments_giropay","country":""}
2026-02-19T16:31:30+00:00 DEBUG Received invalid country code when getting provider links. Ignoring it. CONTEXT: {"gateway":"woocommerce_payments_sofort","country":""}
2026-02-19T16:31:30+00:00 DEBUG Received invalid country code when getting provider links. Ignoring it. CONTEXT: {"gateway":"woocommerce_payments_p24","country":""}
2026-02-19T16:31:30+00:00 DEBUG Received invalid country code when getting provider links. Ignoring it. CONTEXT: {"gateway":"woocommerce_payments_ideal","country":""}
2026-02-19T16:31:30+00:00 DEBUG Received invalid country code when getting provider links. Ignoring it. CONTEXT: {"gateway":"woocommerce_payments_au_becs_debit","country":""}
2026-02-19T16:31:30+00:00 DEBUG Received invalid country code when getting provider links. Ignoring it. CONTEXT: {"gateway":"woocommerce_payments_eps","country":""}
2026-02-19T16:31:30+00:00 DEBUG Received invalid country code when getting provider links. Ignoring it. CONTEXT: {"gateway":"woocommerce_payments_affirm","country":""}
2026-02-19T16:31:30+00:00 DEBUG Received invalid country code when getting provider links. Ignoring it. CONTEXT: {"gateway":"woocommerce_payments_afterpay_clearpay","country":""}
2026-02-19T16:31:30+00:00 DEBUG Received invalid country code when getting provider links. Ignoring it. CONTEXT: {"gateway":"woocommerce_payments_klarna","country":""}
2026-02-19T16:31:30+00:00 DEBUG Received invalid country code when getting provider links. Ignoring it. CONTEXT: {"gateway":"woocommerce_payments_multibanco","country":""}
2026-02-19T16:31:30+00:00 DEBUG Received invalid country code when getting provider links. Ignoring it. CONTEXT: {"gateway":"woocommerce_payments_grabpay","country":""}
2026-02-19T16:31:30+00:00 DEBUG Received invalid country code when getting provider links. Ignoring it. CONTEXT: {"gateway":"woocommerce_payments_alipay","country":""}
2026-02-19T16:31:30+00:00 DEBUG Received invalid country code when getting provider links. Ignoring it. CONTEXT: {"gateway":"woocommerce_payments_wechat_pay","country":""}
2026-02-19T16:31:30+00:00 DEBUG Received invalid country code when getting provider links. Ignoring it. CONTEXT: {"gateway":"bacs","country":""}
2026-02-19T16:31:30+00:00 DEBUG Received invalid country code when getting provider links. Ignoring it. CONTEXT: {"gateway":"cheque","country":""}
2026-02-19T16:31:30+00:00 DEBUG Received invalid country code when getting provider links. Ignoring it. CONTEXT: {"gateway":"cod","country":""}
2026-02-19T16:31:30+00:00 DEBUG Received invalid country code when getting provider links. Ignoring it. CONTEXT: {"gateway":"ppcp-gateway","country":""}
2026-02-19T16:31:30+00:00 DEBUG Received invalid country code when getting provider links. Ignoring it. CONTEXT: {"gateway":"woocommerce_payments_bancontact","country":""}
2026-02-19T16:31:30+00:00 DEBUG Received invalid country code when getting provider links. Ignoring it. CONTEXT: {"gateway":"woocommerce_payments_sepa_debit","country":""}
2026-02-19T16:31:30+00:00 DEBUG Received invalid country code when getting provider links. Ignoring it. CONTEXT: {"gateway":"woocommerce_payments_giropay","country":""}
2026-02-19T16:31:30+00:00 DEBUG Received invalid country code when getting provider links. Ignoring it. CONTEXT: {"gateway":"woocommerce_payments_sofort","country":""}
2026-02-19T16:31:30+00:00 DEBUG Received invalid country code when getting provider links. Ignoring it. CONTEXT: {"gateway":"woocommerce_payments_p24","country":""}
2026-02-19T16:31:30+00:00 DEBUG Received invalid country code when getting provider links. Ignoring it. CONTEXT: {"gateway":"woocommerce_payments_ideal","country":""}
2026-02-19T16:31:30+00:00 DEBUG Received invalid country code when getting provider links. Ignoring it. CONTEXT: {"gateway":"woocommerce_payments_au_becs_debit","country":""}
2026-02-19T16:31:30+00:00 DEBUG Received invalid country code when getting provider links. Ignoring it. CONTEXT: {"gateway":"woocommerce_payments_eps","country":""}
2026-02-19T16:31:30+00:00 DEBUG Received invalid country code when getting provider links. Ignoring it. CONTEXT: {"gateway":"woocommerce_payments_affirm","country":""}
2026-02-19T16:31:30+00:00 DEBUG Received invalid country code when getting provider links. Ignoring it. CONTEXT: {"gateway":"woocommerce_payments_afterpay_clearpay","country":""}
2026-02-19T16:31:30+00:00 DEBUG Received invalid country code when getting provider links. Ignoring it. CONTEXT: {"gateway":"woocommerce_payments_klarna","country":""}
2026-02-19T16:31:30+00:00 DEBUG Received invalid country code when getting provider links. Ignoring it. CONTEXT: {"gateway":"woocommerce_payments_multibanco","country":""}
2026-02-19T16:31:30+00:00 DEBUG Received invalid country code when getting provider links. Ignoring it. CONTEXT: {"gateway":"woocommerce_payments_grabpay","country":""}
2026-02-19T16:31:30+00:00 DEBUG Received invalid country code when getting provider links. Ignoring it. CONTEXT: {"gateway":"woocommerce_payments_alipay","country":""}
2026-02-19T16:31:30+00:00 DEBUG Received invalid country code when getting provider links. Ignoring it. CONTEXT: {"gateway":"woocommerce_payments_wechat_pay","country":""}
2026-02-19T16:31:30+00:00 DEBUG Received invalid country code when getting provider links. Ignoring it. CONTEXT: {"gateway":"woocommerce_payments","country":""}
2026-02-19T16:31:30+00:00 DEBUG Received invalid country code when getting provider links. Ignoring it. CONTEXT: {"gateway":"woocommerce_payments_bancontact","country":""}
2026-02-19T16:31:30+00:00 DEBUG Received invalid country code when getting provider links. Ignoring it. CONTEXT: {"gateway":"woocommerce_payments_sepa_debit","country":""}
2026-02-19T16:31:30+00:00 DEBUG Received invalid country code when getting provider links. Ignoring it. CONTEXT: {"gateway":"woocommerce_payments_giropay","country":""}
2026-02-19T16:31:30+00:00 DEBUG Received invalid country code when getting provider links. Ignoring it. CONTEXT: {"gateway":"woocommerce_payments_sofort","country":""}
2026-02-19T16:31:30+00:00 DEBUG Received invalid country code when getting provider links. Ignoring it. CONTEXT: {"gateway":"woocommerce_payments_p24","country":""}
2026-02-19T16:31:30+00:00 DEBUG Received invalid country code when getting provider links. Ignoring it. CONTEXT: {"gateway":"woocommerce_payments_ideal","country":""}
2026-02-19T16:31:30+00:00 DEBUG Received invalid country code when getting provider links. Ignoring it. CONTEXT: {"gateway":"woocommerce_payments_au_becs_debit","country":""}
2026-02-19T16:31:30+00:00 DEBUG Received invalid country code when getting provider links. Ignoring it. CONTEXT: {"gateway":"woocommerce_payments_eps","country":""}
2026-02-19T16:31:30+00:00 DEBUG Received invalid country code when getting provider links. Ignoring it. CONTEXT: {"gateway":"woocommerce_payments_affirm","country":""}
2026-02-19T16:31:30+00:00 DEBUG Received invalid country code when getting provider links. Ignoring it. CONTEXT: {"gateway":"woocommerce_payments_afterpay_clearpay","country":""}
2026-02-19T16:31:30+00:00 DEBUG Received invalid country code when getting provider links. Ignoring it. CONTEXT: {"gateway":"woocommerce_payments_klarna","country":""}
2026-02-19T16:31:30+00:00 DEBUG Received invalid country code when getting provider links. Ignoring it. CONTEXT: {"gateway":"woocommerce_payments_multibanco","country":""}
2026-02-19T16:31:30+00:00 DEBUG Received invalid country code when getting provider links. Ignoring it. CONTEXT: {"gateway":"woocommerce_payments_grabpay","country":""}
2026-02-19T16:31:30+00:00 DEBUG Received invalid country code when getting provider links. Ignoring it. CONTEXT: {"gateway":"woocommerce_payments_alipay","country":""}
2026-02-19T16:31:30+00:00 DEBUG Received invalid country code when getting provider links. Ignoring it. CONTEXT: {"gateway":"woocommerce_payments_wechat_pay","country":""}
2026-02-19T16:31:30+00:00 DEBUG Received invalid country code when getting provider links. Ignoring it. CONTEXT: {"gateway":"bacs","country":""}
2026-02-19T16:31:30+00:00 DEBUG Received invalid country code when getting provider links. Ignoring it. CONTEXT: {"gateway":"cheque","country":""}
2026-02-19T16:31:30+00:00 DEBUG Received invalid country code when getting provider links. Ignoring it. CONTEXT: {"gateway":"cod","country":""}
2026-02-19T16:31:30+00:00 DEBUG Received invalid country code when getting provider links. Ignoring it. CONTEXT: {"gateway":"ppcp-gateway","country":""}
2026-02-19T16:31:30+00:00 DEBUG Received invalid country code when getting provider links. Ignoring it. CONTEXT: {"gateway":"woocommerce_payments_bancontact","country":""}
2026-02-19T16:31:30+00:00 DEBUG Received invalid country code when getting provider links. Ignoring it. CONTEXT: {"gateway":"woocommerce_payments_sepa_debit","country":""}
2026-02-19T16:31:30+00:00 DEBUG Received invalid country code when getting provider links. Ignoring it. CONTEXT: {"gateway":"woocommerce_payments_giropay","country":""}
2026-02-19T16:31:30+00:00 DEBUG Received invalid country code when getting provider links. Ignoring it. CONTEXT: {"gateway":"woocommerce_payments_sofort","country":""}
2026-02-19T16:31:30+00:00 DEBUG Received invalid country code when getting provider links. Ignoring it. CONTEXT: {"gateway":"woocommerce_payments_p24","country":""}
2026-02-19T16:31:30+00:00 DEBUG Received invalid country code when getting provider links. Ignoring it. CONTEXT: {"gateway":"woocommerce_payments_ideal","country":""}
2026-02-19T16:31:30+00:00 DEBUG Received invalid country code when getting provider links. Ignoring it. CONTEXT: {"gateway":"woocommerce_payments_au_becs_debit","country":""}
2026-02-19T16:31:30+00:00 DEBUG Received invalid country code when getting provider links. Ignoring it. CONTEXT: {"gateway":"woocommerce_payments_eps","country":""}
2026-02-19T16:31:30+00:00 DEBUG Received invalid country code when getting provider links. Ignoring it. CONTEXT: {"gateway":"woocommerce_payments_affirm","country":""}
2026-02-19T16:31:30+00:00 DEBUG Received invalid country code when getting provider links. Ignoring it. CONTEXT: {"gateway":"woocommerce_payments_afterpay_clearpay","country":""}
2026-02-19T16:31:30+00:00 DEBUG Received invalid country code when getting provider links. Ignoring it. CONTEXT: {"gateway":"woocommerce_payments_klarna","country":""}
2026-02-19T16:31:30+00:00 DEBUG Received invalid country code when getting provider links. Ignoring it. CONTEXT: {"gateway":"woocommerce_payments_multibanco","country":""}
2026-02-19T16:31:30+00:00 DEBUG Received invalid country code when getting provider links. Ignoring it. CONTEXT: {"gateway":"woocommerce_payments_grabpay","country":""}
2026-02-19T16:31:30+00:00 DEBUG Received invalid country code when getting provider links. Ignoring it. CONTEXT: {"gateway":"woocommerce_payments_alipay","country":""}
2026-02-19T16:31:30+00:00 DEBUG Received invalid country code when getting provider links. Ignoring it. CONTEXT: {"gateway":"woocommerce_payments_wechat_pay","country":""}
2026-02-19T16:31:30+00:00 DEBUG Received invalid country code when getting provider links. Ignoring it. CONTEXT: {"gateway":"woocommerce_payments","country":""}
2026-02-19T16:31:30+00:00 DEBUG Received invalid country code when getting provider links. Ignoring it. CONTEXT: {"gateway":"woocommerce_payments_bancontact","country":""}
2026-02-19T16:31:30+00:00 DEBUG Received invalid country code when getting provider links. Ignoring it. CONTEXT: {"gateway":"woocommerce_payments_sepa_debit","country":""}
2026-02-19T16:31:31+00:00 DEBUG Received invalid country code when getting provider links. Ignoring it. CONTEXT: {"gateway":"woocommerce_payments_giropay","country":""}
2026-02-19T16:31:31+00:00 DEBUG Received invalid country code when getting provider links. Ignoring it. CONTEXT: {"gateway":"woocommerce_payments_sofort","country":""}
2026-02-19T16:31:31+00:00 DEBUG Received invalid country code when getting provider links. Ignoring it. CONTEXT: {"gateway":"woocommerce_payments_p24","country":""}
2026-02-19T16:31:31+00:00 DEBUG Received invalid country code when getting provider links. Ignoring it. CONTEXT: {"gateway":"woocommerce_payments_ideal","country":""}
2026-02-19T16:31:31+00:00 DEBUG Received invalid country code when getting provider links. Ignoring it. CONTEXT: {"gateway":"woocommerce_payments_au_becs_debit","country":""}
2026-02-19T16:31:31+00:00 DEBUG Received invalid country code when getting provider links. Ignoring it. CONTEXT: {"gateway":"woocommerce_payments_eps","country":""}
2026-02-19T16:31:31+00:00 DEBUG Received invalid country code when getting provider links. Ignoring it. CONTEXT: {"gateway":"woocommerce_payments_affirm","country":""}
2026-02-19T16:31:31+00:00 DEBUG Received invalid country code when getting provider links. Ignoring it. CONTEXT: {"gateway":"woocommerce_payments_afterpay_clearpay","country":""}
2026-02-19T16:31:31+00:00 DEBUG Received invalid country code when getting provider links. Ignoring it. CONTEXT: {"gateway":"woocommerce_payments_klarna","country":""}
2026-02-19T16:31:31+00:00 DEBUG Received invalid country code when getting provider links. Ignoring it. CONTEXT: {"gateway":"woocommerce_payments_multibanco","country":""}
2026-02-19T16:31:31+00:00 DEBUG Received invalid country code when getting provider links. Ignoring it. CONTEXT: {"gateway":"woocommerce_payments_grabpay","country":""}
2026-02-19T16:31:31+00:00 DEBUG Received invalid country code when getting provider links. Ignoring it. CONTEXT: {"gateway":"woocommerce_payments_alipay","country":""}
2026-02-19T16:31:31+00:00 DEBUG Received invalid country code when getting provider links. Ignoring it. CONTEXT: {"gateway":"woocommerce_payments_wechat_pay","country":""}
2026-02-19T16:31:31+00:00 DEBUG Received invalid country code when getting provider links. Ignoring it. CONTEXT: {"gateway":"bacs","country":""}
2026-02-19T16:31:31+00:00 DEBUG Received invalid country code when getting provider links. Ignoring it. CONTEXT: {"gateway":"cheque","country":""}
2026-02-19T16:31:31+00:00 DEBUG Received invalid country code when getting provider links. Ignoring it. CONTEXT: {"gateway":"cod","country":""}
2026-02-19T16:31:31+00:00 DEBUG Received invalid country code when getting provider links. Ignoring it. CONTEXT: {"gateway":"ppcp-gateway","country":""}
2026-02-19T16:31:31+00:00 DEBUG Received invalid country code when getting provider links. Ignoring it. CONTEXT: {"gateway":"woocommerce_payments_bancontact","country":""}
2026-02-19T16:31:31+00:00 DEBUG Received invalid country code when getting provider links. Ignoring it. CONTEXT: {"gateway":"woocommerce_payments_sepa_debit","country":""}
2026-02-19T16:31:31+00:00 DEBUG Received invalid country code when getting provider links. Ignoring it. CONTEXT: {"gateway":"woocommerce_payments_giropay","country":""}
2026-02-19T16:31:31+00:00 DEBUG Received invalid country code when getting provider links. Ignoring it. CONTEXT: {"gateway":"woocommerce_payments_sofort","country":""}
2026-02-19T16:31:31+00:00 DEBUG Received invalid country code when getting provider links. Ignoring it. CONTEXT: {"gateway":"woocommerce_payments_p24","country":""}
2026-02-19T16:31:31+00:00 DEBUG Received invalid country code when getting provider links. Ignoring it. CONTEXT: {"gateway":"woocommerce_payments_ideal","country":""}
2026-02-19T16:31:31+00:00 DEBUG Received invalid country code when getting provider links. Ignoring it. CONTEXT: {"gateway":"woocommerce_payments_au_becs_debit","country":""}
2026-02-19T16:31:31+00:00 DEBUG Received invalid country code when getting provider links. Ignoring it. CONTEXT: {"gateway":"woocommerce_payments_eps","country":""}
2026-02-19T16:31:31+00:00 DEBUG Received invalid country code when getting provider links. Ignoring it. CONTEXT: {"gateway":"woocommerce_payments_affirm","country":""}
2026-02-19T16:31:31+00:00 DEBUG Received invalid country code when getting provider links. Ignoring it. CONTEXT: {"gateway":"woocommerce_payments_afterpay_clearpay","country":""}
2026-02-19T16:31:31+00:00 DEBUG Received invalid country code when getting provider links. Ignoring it. CONTEXT: {"gateway":"woocommerce_payments_klarna","country":""}
2026-02-19T16:31:31+00:00 DEBUG Received invalid country code when getting provider links. Ignoring it. CONTEXT: {"gateway":"woocommerce_payments_multibanco","country":""}
2026-02-19T16:31:31+00:00 DEBUG Received invalid country code when getting provider links. Ignoring it. CONTEXT: {"gateway":"woocommerce_payments_grabpay","country":""}
2026-02-19T16:31:31+00:00 DEBUG Received invalid country code when getting provider links. Ignoring it. CONTEXT: {"gateway":"woocommerce_payments_alipay","country":""}
2026-02-19T16:31:31+00:00 DEBUG Received invalid country code when getting provider links. Ignoring it. CONTEXT: {"gateway":"woocommerce_payments_wechat_pay","country":""}
2026-02-19T16:31:31+00:00 DEBUG Received invalid country code when getting provider links. Ignoring it. CONTEXT: {"gateway":"woocommerce_payments","country":""}
2026-02-19T16:31:31+00:00 DEBUG Received invalid country code when getting provider links. Ignoring it. CONTEXT: {"gateway":"woocommerce_payments_bancontact","country":""}
2026-02-19T16:31:31+00:00 DEBUG Received invalid country code when getting provider links. Ignoring it. CONTEXT: {"gateway":"woocommerce_payments_sepa_debit","country":""}
2026-02-19T16:31:31+00:00 DEBUG Received invalid country code when getting provider links. Ignoring it. CONTEXT: {"gateway":"woocommerce_payments_giropay","country":""}
2026-02-19T16:31:31+00:00 DEBUG Received invalid country code when getting provider links. Ignoring it. CONTEXT: {"gateway":"woocommerce_payments_sofort","country":""}
2026-02-19T16:31:31+00:00 DEBUG Received invalid country code when getting provider links. Ignoring it. CONTEXT: {"gateway":"woocommerce_payments_p24","country":""}
2026-02-19T16:31:31+00:00 DEBUG Received invalid country code when getting provider links. Ignoring it. CONTEXT: {"gateway":"woocommerce_payments_ideal","country":""}
2026-02-19T16:31:31+00:00 DEBUG Received invalid country code when getting provider links. Ignoring it. CONTEXT: {"gateway":"woocommerce_payments_au_becs_debit","country":""}
2026-02-19T16:31:31+00:00 DEBUG Received invalid country code when getting provider links. Ignoring it. CONTEXT: {"gateway":"woocommerce_payments_eps","country":""}
2026-02-19T16:31:31+00:00 DEBUG Received invalid country code when getting provider links. Ignoring it. CONTEXT: {"gateway":"woocommerce_payments_affirm","country":""}
2026-02-19T16:31:31+00:00 DEBUG Received invalid country code when getting provider links. Ignoring it. CONTEXT: {"gateway":"woocommerce_payments_afterpay_clearpay","country":""}
2026-02-19T16:31:31+00:00 DEBUG Received invalid country code when getting provider links. Ignoring it. CONTEXT: {"gateway":"woocommerce_payments_klarna","country":""}
2026-02-19T16:31:31+00:00 DEBUG Received invalid country code when getting provider links. Ignoring it. CONTEXT: {"gateway":"woocommerce_payments_multibanco","country":""}
2026-02-19T16:31:31+00:00 DEBUG Received invalid country code when getting provider links. Ignoring it. CONTEXT: {"gateway":"woocommerce_payments_grabpay","country":""}
2026-02-19T16:31:31+00:00 DEBUG Received invalid country code when getting provider links. Ignoring it. CONTEXT: {"gateway":"woocommerce_payments_alipay","country":""}
2026-02-19T16:31:31+00:00 DEBUG Received invalid country code when getting provider links. Ignoring it. CONTEXT: {"gateway":"woocommerce_payments_wechat_pay","country":""}
2026-02-19T16:31:31+00:00 DEBUG Received invalid country code when getting provider links. Ignoring it. CONTEXT: {"gateway":"bacs","country":""}
2026-02-19T16:31:31+00:00 DEBUG Received invalid country code when getting provider links. Ignoring it. CONTEXT: {"gateway":"cheque","country":""}
2026-02-19T16:31:31+00:00 DEBUG Received invalid country code when getting provider links. Ignoring it. CONTEXT: {"gateway":"cod","country":""}
2026-02-19T16:31:31+00:00 DEBUG Received invalid country code when getting provider links. Ignoring it. CONTEXT: {"gateway":"ppcp-gateway","country":""}
2026-02-19T16:31:31+00:00 DEBUG Received invalid country code when getting provider links. Ignoring it. CONTEXT: {"gateway":"woocommerce_payments_bancontact","country":""}
2026-02-19T16:31:31+00:00 DEBUG Received invalid country code when getting provider links. Ignoring it. CONTEXT: {"gateway":"woocommerce_payments_sepa_debit","country":""}
2026-02-19T16:31:31+00:00 DEBUG Received invalid country code when getting provider links. Ignoring it. CONTEXT: {"gateway":"woocommerce_payments_giropay","country":""}
2026-02-19T16:31:31+00:00 DEBUG Received invalid country code when getting provider links. Ignoring it. CONTEXT: {"gateway":"woocommerce_payments_sofort","country":""}
2026-02-19T16:31:31+00:00 DEBUG Received invalid country code when getting provider links. Ignoring it. CONTEXT: {"gateway":"woocommerce_payments_p24","country":""}
2026-02-19T16:31:31+00:00 DEBUG Received invalid country code when getting provider links. Ignoring it. CONTEXT: {"gateway":"woocommerce_payments_ideal","country":""}
2026-02-19T16:31:31+00:00 DEBUG Received invalid country code when getting provider links. Ignoring it. CONTEXT: {"gateway":"woocommerce_payments_au_becs_debit","country":""}
2026-02-19T16:31:31+00:00 DEBUG Received invalid country code when getting provider links. Ignoring it. CONTEXT: {"gateway":"woocommerce_payments_eps","country":""}
2026-02-19T16:31:31+00:00 DEBUG Received invalid country code when getting provider links. Ignoring it. CONTEXT: {"gateway":"woocommerce_payments_affirm","country":""}
2026-02-19T16:31:31+00:00 DEBUG Received invalid country code when getting provider links. Ignoring it. CONTEXT: {"gateway":"woocommerce_payments_afterpay_clearpay","country":""}
2026-02-19T16:31:31+00:00 DEBUG Received invalid country code when getting provider links. Ignoring it. CONTEXT: {"gateway":"woocommerce_payments_klarna","country":""}
2026-02-19T16:31:31+00:00 DEBUG Received invalid country code when getting provider links. Ignoring it. CONTEXT: {"gateway":"woocommerce_payments_multibanco","country":""}
2026-02-19T16:31:31+00:00 DEBUG Received invalid country code when getting provider links. Ignoring it. CONTEXT: {"gateway":"woocommerce_payments_grabpay","country":""}
2026-02-19T16:31:31+00:00 DEBUG Received invalid country code when getting provider links. Ignoring it. CONTEXT: {"gateway":"woocommerce_payments_alipay","country":""}
2026-02-19T16:31:31+00:00 DEBUG Received invalid country code when getting provider links. Ignoring it. CONTEXT: {"gateway":"woocommerce_payments_wechat_pay","country":""}
2026-02-19T16:31:31+00:00 DEBUG Received invalid country code when getting provider links. Ignoring it. CONTEXT: {"gateway":"woocommerce_payments","country":""}
2026-02-19T16:31:31+00:00 DEBUG Received invalid country code when getting provider links. Ignoring it. CONTEXT: {"gateway":"woocommerce_payments_bancontact","country":""}
2026-02-19T16:31:31+00:00 DEBUG Received invalid country code when getting provider links. Ignoring it. CONTEXT: {"gateway":"woocommerce_payments_sepa_debit","country":""}
2026-02-19T16:31:31+00:00 DEBUG Received invalid country code when getting provider links. Ignoring it. CONTEXT: {"gateway":"woocommerce_payments_giropay","country":""}
2026-02-19T16:31:31+00:00 DEBUG Received invalid country code when getting provider links. Ignoring it. CONTEXT: {"gateway":"woocommerce_payments_sofort","country":""}
2026-02-19T16:31:31+00:00 DEBUG Received invalid country code when getting provider links. Ignoring it. CONTEXT: {"gateway":"woocommerce_payments_p24","country":""}
2026-02-19T16:31:31+00:00 DEBUG Received invalid country code when getting provider links. Ignoring it. CONTEXT: {"gateway":"woocommerce_payments_ideal","country":""}
2026-02-19T16:31:31+00:00 DEBUG Received invalid country code when getting provider links. Ignoring it. CONTEXT: {"gateway":"woocommerce_payments_au_becs_debit","country":""}
2026-02-19T16:31:31+00:00 DEBUG Received invalid country code when getting provider links. Ignoring it. CONTEXT: {"gateway":"woocommerce_payments_eps","country":""}
2026-02-19T16:31:31+00:00 DEBUG Received invalid country code when getting provider links. Ignoring it. CONTEXT: {"gateway":"woocommerce_payments_affirm","country":""}
2026-02-19T16:31:31+00:00 DEBUG Received invalid country code when getting provider links. Ignoring it. CONTEXT: {"gateway":"woocommerce_payments_afterpay_clearpay","country":""}
2026-02-19T16:31:31+00:00 DEBUG Received invalid country code when getting provider links. Ignoring it. CONTEXT: {"gateway":"woocommerce_payments_klarna","country":""}
2026-02-19T16:31:31+00:00 DEBUG Received invalid country code when getting provider links. Ignoring it. CONTEXT: {"gateway":"woocommerce_payments_multibanco","country":""}
2026-02-19T16:31:31+00:00 DEBUG Received invalid country code when getting provider links. Ignoring it. CONTEXT: {"gateway":"woocommerce_payments_grabpay","country":""}
2026-02-19T16:31:31+00:00 DEBUG Received invalid country code when getting provider links. Ignoring it. CONTEXT: {"gateway":"woocommerce_payments_alipay","country":""}
2026-02-19T16:31:31+00:00 DEBUG Received invalid country code when getting provider links. Ignoring it. CONTEXT: {"gateway":"woocommerce_payments_wechat_pay","country":""}
2026-02-19T16:31:31+00:00 DEBUG Received invalid country code when getting provider links. Ignoring it. CONTEXT: {"gateway":"bacs","country":""}
2026-02-19T16:31:31+00:00 DEBUG Received invalid country code when getting provider links. Ignoring it. CONTEXT: {"gateway":"cheque","country":""}
2026-02-19T16:31:31+00:00 DEBUG Received invalid country code when getting provider links. Ignoring it. CONTEXT: {"gateway":"cod","country":""}
2026-02-19T16:31:31+00:00 DEBUG Received invalid country code when getting provider links. Ignoring it. CONTEXT: {"gateway":"ppcp-gateway","country":""}
2026-02-19T16:31:31+00:00 DEBUG Received invalid country code when getting provider links. Ignoring it. CONTEXT: {"gateway":"woocommerce_payments_bancontact","country":""}
2026-02-19T16:31:31+00:00 DEBUG Received invalid country code when getting provider links. Ignoring it. CONTEXT: {"gateway":"woocommerce_payments_sepa_debit","country":""}
2026-02-19T16:31:31+00:00 DEBUG Received invalid country code when getting provider links. Ignoring it. CONTEXT: {"gateway":"woocommerce_payments_giropay","country":""}
2026-02-19T16:31:31+00:00 DEBUG Received invalid country code when getting provider links. Ignoring it. CONTEXT: {"gateway":"woocommerce_payments_sofort","country":""}
2026-02-19T16:31:31+00:00 DEBUG Received invalid country code when getting provider links. Ignoring it. CONTEXT: {"gateway":"woocommerce_payments_p24","country":""}
2026-02-19T16:31:31+00:00 DEBUG Received invalid country code when getting provider links. Ignoring it. CONTEXT: {"gateway":"woocommerce_payments_ideal","country":""}
2026-02-19T16:31:31+00:00 DEBUG Received invalid country code when getting provider links. Ignoring it. CONTEXT: {"gateway":"woocommerce_payments_au_becs_debit","country":""}
2026-02-19T16:31:31+00:00 DEBUG Received invalid country code when getting provider links. Ignoring it. CONTEXT: {"gateway":"woocommerce_payments_eps","country":""}
2026-02-19T16:31:31+00:00 DEBUG Received invalid country code when getting provider links. Ignoring it. CONTEXT: {"gateway":"woocommerce_payments_affirm","country":""}
2026-02-19T16:31:31+00:00 DEBUG Received invalid country code when getting provider links. Ignoring it. CONTEXT: {"gateway":"woocommerce_payments_afterpay_clearpay","country":""}
2026-02-19T16:31:31+00:00 DEBUG Received invalid country code when getting provider links. Ignoring it. CONTEXT: {"gateway":"woocommerce_payments_klarna","country":""}
2026-02-19T16:31:31+00:00 DEBUG Received invalid country code when getting provider links. Ignoring it. CONTEXT: {"gateway":"woocommerce_payments_multibanco","country":""}
2026-02-19T16:31:31+00:00 DEBUG Received invalid country code when getting provider links. Ignoring it. CONTEXT: {"gateway":"woocommerce_payments_grabpay","country":""}
2026-02-19T16:31:31+00:00 DEBUG Received invalid country code when getting provider links. Ignoring it. CONTEXT: {"gateway":"woocommerce_payments_alipay","country":""}
2026-02-19T16:31:31+00:00 DEBUG Received invalid country code when getting provider links. Ignoring it. CONTEXT: {"gateway":"woocommerce_payments_wechat_pay","country":""}
2026-02-19T16:31:31+00:00 DEBUG Received invalid country code when getting provider links. Ignoring it. CONTEXT: {"gateway":"woocommerce_payments","country":""}
2026-02-19T16:31:31+00:00 DEBUG Received invalid country code when getting provider links. Ignoring it. CONTEXT: {"gateway":"woocommerce_payments_bancontact","country":""}
2026-02-19T16:31:31+00:00 DEBUG Received invalid country code when getting provider links. Ignoring it. CONTEXT: {"gateway":"woocommerce_payments_sepa_debit","country":""}
2026-02-19T16:31:31+00:00 DEBUG Received invalid country code when getting provider links. Ignoring it. CONTEXT: {"gateway":"woocommerce_payments_giropay","country":""}
2026-02-19T16:31:31+00:00 DEBUG Received invalid country code when getting provider links. Ignoring it. CONTEXT: {"gateway":"woocommerce_payments_sofort","country":""}
2026-02-19T16:31:31+00:00 DEBUG Received invalid country code when getting provider links. Ignoring it. CONTEXT: {"gateway":"woocommerce_payments_p24","country":""}
2026-02-19T16:31:31+00:00 DEBUG Received invalid country code when getting provider links. Ignoring it. CONTEXT: {"gateway":"woocommerce_payments_ideal","country":""}
2026-02-19T16:31:31+00:00 DEBUG Received invalid country code when getting provider links. Ignoring it. CONTEXT: {"gateway":"woocommerce_payments_au_becs_debit","country":""}
2026-02-19T16:31:31+00:00 DEBUG Received invalid country code when getting provider links. Ignoring it. CONTEXT: {"gateway":"woocommerce_payments_eps","country":""}
2026-02-19T16:31:31+00:00 DEBUG Received invalid country code when getting provider links. Ignoring it. CONTEXT: {"gateway":"woocommerce_payments_affirm","country":""}
2026-02-19T16:31:31+00:00 DEBUG Received invalid country code when getting provider links. Ignoring it. CONTEXT: {"gateway":"woocommerce_payments_afterpay_clearpay","country":""}
2026-02-19T16:31:31+00:00 DEBUG Received invalid country code when getting provider links. Ignoring it. CONTEXT: {"gateway":"woocommerce_payments_klarna","country":""}
2026-02-19T16:31:31+00:00 DEBUG Received invalid country code when getting provider links. Ignoring it. CONTEXT: {"gateway":"woocommerce_payments_multibanco","country":""}
2026-02-19T16:31:31+00:00 DEBUG Received invalid country code when getting provider links. Ignoring it. CONTEXT: {"gateway":"woocommerce_payments_grabpay","country":""}
2026-02-19T16:31:31+00:00 DEBUG Received invalid country code when getting provider links. Ignoring it. CONTEXT: {"gateway":"woocommerce_payments_alipay","country":""}
2026-02-19T16:31:31+00:00 DEBUG Received invalid country code when getting provider links. Ignoring it. CONTEXT: {"gateway":"woocommerce_payments_wechat_pay","country":""}
2026-02-19T16:31:31+00:00 DEBUG Received invalid country code when getting provider links. Ignoring it. CONTEXT: {"gateway":"bacs","country":""}
2026-02-19T16:31:31+00:00 DEBUG Received invalid country code when getting provider links. Ignoring it. CONTEXT: {"gateway":"cheque","country":""}
2026-02-19T16:31:31+00:00 DEBUG Received invalid country code when getting provider links. Ignoring it. CONTEXT: {"gateway":"cod","country":""}
2026-02-19T16:31:31+00:00 DEBUG Received invalid country code when getting provider links. Ignoring it. CONTEXT: {"gateway":"ppcp-gateway","country":""}
2026-02-19T16:31:31+00:00 DEBUG Received invalid country code when getting provider links. Ignoring it. CONTEXT: {"gateway":"woocommerce_payments_bancontact","country":""}
2026-02-19T16:31:31+00:00 DEBUG Received invalid country code when getting provider links. Ignoring it. CONTEXT: {"gateway":"woocommerce_payments_sepa_debit","country":""}
2026-02-19T16:31:31+00:00 DEBUG Received invalid country code when getting provider links. Ignoring it. CONTEXT: {"gateway":"woocommerce_payments_giropay","country":""}
2026-02-19T16:31:31+00:00 DEBUG Received invalid country code when getting provider links. Ignoring it. CONTEXT: {"gateway":"woocommerce_payments_sofort","country":""}
2026-02-19T16:31:31+00:00 DEBUG Received invalid country code when getting provider links. Ignoring it. CONTEXT: {"gateway":"woocommerce_payments_p24","country":""}
2026-02-19T16:31:31+00:00 DEBUG Received invalid country code when getting provider links. Ignoring it. CONTEXT: {"gateway":"woocommerce_payments_ideal","country":""}
2026-02-19T16:31:31+00:00 DEBUG Received invalid country code when getting provider links. Ignoring it. CONTEXT: {"gateway":"woocommerce_payments_au_becs_debit","country":""}
2026-02-19T16:31:31+00:00 DEBUG Received invalid country code when getting provider links. Ignoring it. CONTEXT: {"gateway":"woocommerce_payments_eps","country":""}
2026-02-19T16:31:31+00:00 DEBUG Received invalid country code when getting provider links. Ignoring it. CONTEXT: {"gateway":"woocommerce_payments_affirm","country":""}
2026-02-19T16:31:31+00:00 DEBUG Received invalid country code when getting provider links. Ignoring it. CONTEXT: {"gateway":"woocommerce_payments_afterpay_clearpay","country":""}
2026-02-19T16:31:31+00:00 DEBUG Received invalid country code when getting provider links. Ignoring it. CONTEXT: {"gateway":"woocommerce_payments_klarna","country":""}
2026-02-19T16:31:31+00:00 DEBUG Received invalid country code when getting provider links. Ignoring it. CONTEXT: {"gateway":"woocommerce_payments_multibanco","country":""}
2026-02-19T16:31:31+00:00 DEBUG Received invalid country code when getting provider links. Ignoring it. CONTEXT: {"gateway":"woocommerce_payments_grabpay","country":""}
2026-02-19T16:31:31+00:00 DEBUG Received invalid country code when getting provider links. Ignoring it. CONTEXT: {"gateway":"woocommerce_payments_alipay","country":""}
2026-02-19T16:31:31+00:00 DEBUG Received invalid country code when getting provider links. Ignoring it. CONTEXT: {"gateway":"woocommerce_payments_wechat_pay","country":""}
2026-02-19T16:31:31+00:00 DEBUG Received invalid country code when getting provider links. Ignoring it. CONTEXT: {"gateway":"woocommerce_payments","country":""}
2026-02-19T16:31:31+00:00 DEBUG Received invalid country code when getting provider links. Ignoring it. CONTEXT: {"gateway":"woocommerce_payments_bancontact","country":""}
2026-02-19T16:31:31+00:00 DEBUG Received invalid country code when getting provider links. Ignoring it. CONTEXT: {"gateway":"woocommerce_payments_sepa_debit","country":""}
2026-02-19T16:31:31+00:00 DEBUG Received invalid country code when getting provider links. Ignoring it. CONTEXT: {"gateway":"woocommerce_payments_giropay","country":""}
2026-02-19T16:31:31+00:00 DEBUG Received invalid country code when getting provider links. Ignoring it. CONTEXT: {"gateway":"woocommerce_payments_sofort","country":""}
2026-02-19T16:31:31+00:00 DEBUG Received invalid country code when getting provider links. Ignoring it. CONTEXT: {"gateway":"woocommerce_payments_p24","country":""}
2026-02-19T16:31:31+00:00 DEBUG Received invalid country code when getting provider links. Ignoring it. CONTEXT: {"gateway":"woocommerce_payments_ideal","country":""}
2026-02-19T16:31:31+00:00 DEBUG Received invalid country code when getting provider links. Ignoring it. CONTEXT: {"gateway":"woocommerce_payments_au_becs_debit","country":""}
2026-02-19T16:31:31+00:00 DEBUG Received invalid country code when getting provider links. Ignoring it. CONTEXT: {"gateway":"woocommerce_payments_eps","country":""}
2026-02-19T16:31:31+00:00 DEBUG Received invalid country code when getting provider links. Ignoring it. CONTEXT: {"gateway":"woocommerce_payments_affirm","country":""}
2026-02-19T16:31:31+00:00 DEBUG Received invalid country code when getting provider links. Ignoring it. CONTEXT: {"gateway":"woocommerce_payments_afterpay_clearpay","country":""}
2026-02-19T16:31:31+00:00 DEBUG Received invalid country code when getting provider links. Ignoring it. CONTEXT: {"gateway":"woocommerce_payments_klarna","country":""}
2026-02-19T16:31:31+00:00 DEBUG Received invalid country code when getting provider links. Ignoring it. CONTEXT: {"gateway":"woocommerce_payments_multibanco","country":""}
2026-02-19T16:31:31+00:00 DEBUG Received invalid country code when getting provider links. Ignoring it. CONTEXT: {"gateway":"woocommerce_payments_grabpay","country":""}
2026-02-19T16:31:31+00:00 DEBUG Received invalid country code when getting provider links. Ignoring it. CONTEXT: {"gateway":"woocommerce_payments_alipay","country":""}
2026-02-19T16:31:31+00:00 DEBUG Received invalid country code when getting provider links. Ignoring it. CONTEXT: {"gateway":"woocommerce_payments_wechat_pay","country":""}
2026-02-19T16:31:31+00:00 DEBUG Received invalid country code when getting provider links. Ignoring it. CONTEXT: {"gateway":"bacs","country":""}
2026-02-19T16:31:31+00:00 DEBUG Received invalid country code when getting provider links. Ignoring it. CONTEXT: {"gateway":"cheque","country":""}
2026-02-19T16:31:31+00:00 DEBUG Received invalid country code when getting provider links. Ignoring it. CONTEXT: {"gateway":"cod","country":""}
2026-02-19T16:31:31+00:00 DEBUG Received invalid country code when getting provider links. Ignoring it. CONTEXT: {"gateway":"ppcp-gateway","country":""}
2026-02-19T16:31:31+00:00 DEBUG Received invalid country code when getting provider links. Ignoring it. CONTEXT: {"gateway":"woocommerce_payments_bancontact","country":""}
2026-02-19T16:31:31+00:00 DEBUG Received invalid country code when getting provider links. Ignoring it. CONTEXT: {"gateway":"woocommerce_payments_sepa_debit","country":""}
2026-02-19T16:31:31+00:00 DEBUG Received invalid country code when getting provider links. Ignoring it. CONTEXT: {"gateway":"woocommerce_payments_giropay","country":""}
2026-02-19T16:31:31+00:00 DEBUG Received invalid country code when getting provider links. Ignoring it. CONTEXT: {"gateway":"woocommerce_payments_sofort","country":""}
2026-02-19T16:31:31+00:00 DEBUG Received invalid country code when getting provider links. Ignoring it. CONTEXT: {"gateway":"woocommerce_payments_p24","country":""}
2026-02-19T16:31:31+00:00 DEBUG Received invalid country code when getting provider links. Ignoring it. CONTEXT: {"gateway":"woocommerce_payments_ideal","country":""}
2026-02-19T16:31:31+00:00 DEBUG Received invalid country code when getting provider links. Ignoring it. CONTEXT: {"gateway":"woocommerce_payments_au_becs_debit","country":""}
2026-02-19T16:31:31+00:00 DEBUG Received invalid country code when getting provider links. Ignoring it. CONTEXT: {"gateway":"woocommerce_payments_eps","country":""}
2026-02-19T16:31:31+00:00 DEBUG Received invalid country code when getting provider links. Ignoring it. CONTEXT: {"gateway":"woocommerce_payments_affirm","country":""}
2026-02-19T16:31:31+00:00 DEBUG Received invalid country code when getting provider links. Ignoring it. CONTEXT: {"gateway":"woocommerce_payments_afterpay_clearpay","country":""}
2026-02-19T16:31:31+00:00 DEBUG Received invalid country code when getting provider links. Ignoring it. CONTEXT: {"gateway":"woocommerce_payments_klarna","country":""}
2026-02-19T16:31:31+00:00 DEBUG Received invalid country code when getting provider links. Ignoring it. CONTEXT: {"gateway":"woocommerce_payments_multibanco","country":""}
2026-02-19T16:31:31+00:00 DEBUG Received invalid country code when getting provider links. Ignoring it. CONTEXT: {"gateway":"woocommerce_payments_grabpay","country":""}
2026-02-19T16:31:31+00:00 DEBUG Received invalid country code when getting provider links. Ignoring it. CONTEXT: {"gateway":"woocommerce_payments_alipay","country":""}
2026-02-19T16:31:31+00:00 DEBUG Received invalid country code when getting provider links. Ignoring it. CONTEXT: {"gateway":"woocommerce_payments_wechat_pay","country":""}
2026-02-19T16:31:31+00:00 DEBUG Received invalid country code when getting provider links. Ignoring it. CONTEXT: {"gateway":"woocommerce_payments","country":""}
2026-02-19T16:31:31+00:00 DEBUG Received invalid country code when getting provider links. Ignoring it. CONTEXT: {"gateway":"woocommerce_payments_bancontact","country":""}
2026-02-19T16:31:31+00:00 DEBUG Received invalid country code when getting provider links. Ignoring it. CONTEXT: {"gateway":"woocommerce_payments_sepa_debit","country":""}
2026-02-19T16:31:31+00:00 DEBUG Received invalid country code when getting provider links. Ignoring it. CONTEXT: {"gateway":"woocommerce_payments_giropay","country":""}
2026-02-19T16:31:31+00:00 DEBUG Received invalid country code when getting provider links. Ignoring it. CONTEXT: {"gateway":"woocommerce_payments_sofort","country":""}
2026-02-19T16:31:31+00:00 DEBUG Received invalid country code when getting provider links. Ignoring it. CONTEXT: {"gateway":"woocommerce_payments_p24","country":""}
2026-02-19T16:31:31+00:00 DEBUG Received invalid country code when getting provider links. Ignoring it. CONTEXT: {"gateway":"woocommerce_payments_ideal","country":""}
2026-02-19T16:31:31+00:00 DEBUG Received invalid country code when getting provider links. Ignoring it. CONTEXT: {"gateway":"woocommerce_payments_au_becs_debit","country":""}
2026-02-19T16:31:31+00:00 DEBUG Received invalid country code when getting provider links. Ignoring it. CONTEXT: {"gateway":"woocommerce_payments_eps","country":""}
2026-02-19T16:31:31+00:00 DEBUG Received invalid country code when getting provider links. Ignoring it. CONTEXT: {"gateway":"woocommerce_payments_affirm","country":""}
2026-02-19T16:31:31+00:00 DEBUG Received invalid country code when getting provider links. Ignoring it. CONTEXT: {"gateway":"woocommerce_payments_afterpay_clearpay","country":""}
2026-02-19T16:31:31+00:00 DEBUG Received invalid country code when getting provider links. Ignoring it. CONTEXT: {"gateway":"woocommerce_payments_klarna","country":""}
2026-02-19T16:31:31+00:00 DEBUG Received invalid country code when getting provider links. Ignoring it. CONTEXT: {"gateway":"woocommerce_payments_multibanco","country":""}
2026-02-19T16:31:31+00:00 DEBUG Received invalid country code when getting provider links. Ignoring it. CONTEXT: {"gateway":"woocommerce_payments_grabpay","country":""}
2026-02-19T16:31:31+00:00 DEBUG Received invalid country code when getting provider links. Ignoring it. CONTEXT: {"gateway":"woocommerce_payments_alipay","country":""}
2026-02-19T16:31:31+00:00 DEBUG Received invalid country code when getting provider links. Ignoring it. CONTEXT: {"gateway":"woocommerce_payments_wechat_pay","country":""}
2026-02-19T16:31:31+00:00 DEBUG Received invalid country code when getting provider links. Ignoring it. CONTEXT: {"gateway":"bacs","country":""}
2026-02-19T16:31:31+00:00 DEBUG Received invalid country code when getting provider links. Ignoring it. CONTEXT: {"gateway":"cheque","country":""}
2026-02-19T16:31:31+00:00 DEBUG Received invalid country code when getting provider links. Ignoring it. CONTEXT: {"gateway":"cod","country":""}
2026-02-19T16:31:31+00:00 DEBUG Received invalid country code when getting provider links. Ignoring it. CONTEXT: {"gateway":"ppcp-gateway","country":""}
2026-02-19T16:31:31+00:00 DEBUG Received invalid country code when getting provider links. Ignoring it. CONTEXT: {"gateway":"woocommerce_payments_bancontact","country":""}
2026-02-19T16:31:31+00:00 DEBUG Received invalid country code when getting provider links. Ignoring it. CONTEXT: {"gateway":"woocommerce_payments_sepa_debit","country":""}
2026-02-19T16:31:31+00:00 DEBUG Received invalid country code when getting provider links. Ignoring it. CONTEXT: {"gateway":"woocommerce_payments_giropay","country":""}
2026-02-19T16:31:31+00:00 DEBUG Received invalid country code when getting provider links. Ignoring it. CONTEXT: {"gateway":"woocommerce_payments_sofort","country":""}
2026-02-19T16:31:31+00:00 DEBUG Received invalid country code when getting provider links. Ignoring it. CONTEXT: {"gateway":"woocommerce_payments_p24","country":""}
2026-02-19T16:31:31+00:00 DEBUG Received invalid country code when getting provider links. Ignoring it. CONTEXT: {"gateway":"woocommerce_payments_ideal","country":""}
2026-02-19T16:31:31+00:00 DEBUG Received invalid country code when getting provider links. Ignoring it. CONTEXT: {"gateway":"woocommerce_payments_au_becs_debit","country":""}
2026-02-19T16:31:31+00:00 DEBUG Received invalid country code when getting provider links. Ignoring it. CONTEXT: {"gateway":"woocommerce_payments_eps","country":""}
2026-02-19T16:31:31+00:00 DEBUG Received invalid country code when getting provider links. Ignoring it. CONTEXT: {"gateway":"woocommerce_payments_affirm","country":""}
2026-02-19T16:31:31+00:00 DEBUG Received invalid country code when getting provider links. Ignoring it. CONTEXT: {"gateway":"woocommerce_payments_afterpay_clearpay","country":""}
2026-02-19T16:31:31+00:00 DEBUG Received invalid country code when getting provider links. Ignoring it. CONTEXT: {"gateway":"woocommerce_payments_klarna","country":""}
2026-02-19T16:31:31+00:00 DEBUG Received invalid country code when getting provider links. Ignoring it. CONTEXT: {"gateway":"woocommerce_payments_multibanco","country":""}
2026-02-19T16:31:31+00:00 DEBUG Received invalid country code when getting provider links. Ignoring it. CONTEXT: {"gateway":"woocommerce_payments_grabpay","country":""}
2026-02-19T16:31:31+00:00 DEBUG Received invalid country code when getting provider links. Ignoring it. CONTEXT: {"gateway":"woocommerce_payments_alipay","country":""}
2026-02-19T16:31:31+00:00 DEBUG Received invalid country code when getting provider links. Ignoring it. CONTEXT: {"gateway":"woocommerce_payments_wechat_pay","country":""}
2026-02-19T16:31:31+00:00 DEBUG Received invalid country code when getting provider links. Ignoring it. CONTEXT: {"gateway":"woocommerce_payments","country":""}
2026-02-19T16:31:31+00:00 DEBUG Received invalid country code when getting provider links. Ignoring it. CONTEXT: {"gateway":"woocommerce_payments_bancontact","country":""}
2026-02-19T16:31:31+00:00 DEBUG Received invalid country code when getting provider links. Ignoring it. CONTEXT: {"gateway":"woocommerce_payments_sepa_debit","country":""}
2026-02-19T16:31:31+00:00 DEBUG Received invalid country code when getting provider links. Ignoring it. CONTEXT: {"gateway":"woocommerce_payments_giropay","country":""}
2026-02-19T16:31:31+00:00 DEBUG Received invalid country code when getting provider links. Ignoring it. CONTEXT: {"gateway":"woocommerce_payments_sofort","country":""}
2026-02-19T16:31:31+00:00 DEBUG Received invalid country code when getting provider links. Ignoring it. CONTEXT: {"gateway":"woocommerce_payments_p24","country":""}
2026-02-19T16:31:31+00:00 DEBUG Received invalid country code when getting provider links. Ignoring it. CONTEXT: {"gateway":"woocommerce_payments_ideal","country":""}
2026-02-19T16:31:31+00:00 DEBUG Received invalid country code when getting provider links. Ignoring it. CONTEXT: {"gateway":"woocommerce_payments_au_becs_debit","country":""}
2026-02-19T16:31:31+00:00 DEBUG Received invalid country code when getting provider links. Ignoring it. CONTEXT: {"gateway":"woocommerce_payments_eps","country":""}
2026-02-19T16:31:31+00:00 DEBUG Received invalid country code when getting provider links. Ignoring it. CONTEXT: {"gateway":"woocommerce_payments_affirm","country":""}
2026-02-19T16:31:31+00:00 DEBUG Received invalid country code when getting provider links. Ignoring it. CONTEXT: {"gateway":"woocommerce_payments_afterpay_clearpay","country":""}
2026-02-19T16:31:31+00:00 DEBUG Received invalid country code when getting provider links. Ignoring it. CONTEXT: {"gateway":"woocommerce_payments_klarna","country":""}
2026-02-19T16:31:31+00:00 DEBUG Received invalid country code when getting provider links. Ignoring it. CONTEXT: {"gateway":"woocommerce_payments_multibanco","country":""}
2026-02-19T16:31:31+00:00 DEBUG Received invalid country code when getting provider links. Ignoring it. CONTEXT: {"gateway":"woocommerce_payments_grabpay","country":""}
2026-02-19T16:31:31+00:00 DEBUG Received invalid country code when getting provider links. Ignoring it. CONTEXT: {"gateway":"woocommerce_payments_alipay","country":""}
2026-02-19T16:31:31+00:00 DEBUG Received invalid country code when getting provider links. Ignoring it. CONTEXT: {"gateway":"woocommerce_payments_wechat_pay","country":""}
2026-02-19T16:31:31+00:00 DEBUG Received invalid country code when getting provider links. Ignoring it. CONTEXT: {"gateway":"bacs","country":""}
2026-02-19T16:31:31+00:00 DEBUG Received invalid country code when getting provider links. Ignoring it. CONTEXT: {"gateway":"cheque","country":""}
2026-02-19T16:31:31+00:00 DEBUG Received invalid country code when getting provider links. Ignoring it. CONTEXT: {"gateway":"cod","country":""}
2026-02-19T16:31:31+00:00 DEBUG Received invalid country code when getting provider links. Ignoring it. CONTEXT: {"gateway":"ppcp-gateway","country":""}
2026-02-19T16:31:31+00:00 DEBUG Received invalid country code when getting provider links. Ignoring it. CONTEXT: {"gateway":"woocommerce_payments_bancontact","country":""}
2026-02-19T16:31:31+00:00 DEBUG Received invalid country code when getting provider links. Ignoring it. CONTEXT: {"gateway":"woocommerce_payments_sepa_debit","country":""}
2026-02-19T16:31:31+00:00 DEBUG Received invalid country code when getting provider links. Ignoring it. CONTEXT: {"gateway":"woocommerce_payments_giropay","country":""}
2026-02-19T16:31:31+00:00 DEBUG Received invalid country code when getting provider links. Ignoring it. CONTEXT: {"gateway":"woocommerce_payments_sofort","country":""}
2026-02-19T16:31:31+00:00 DEBUG Received invalid country code when getting provider links. Ignoring it. CONTEXT: {"gateway":"woocommerce_payments_p24","country":""}
2026-02-19T16:31:31+00:00 DEBUG Received invalid country code when getting provider links. Ignoring it. CONTEXT: {"gateway":"woocommerce_payments_ideal","country":""}
2026-02-19T16:31:31+00:00 DEBUG Received invalid country code when getting provider links. Ignoring it. CONTEXT: {"gateway":"woocommerce_payments_au_becs_debit","country":""}
2026-02-19T16:31:31+00:00 DEBUG Received invalid country code when getting provider links. Ignoring it. CONTEXT: {"gateway":"woocommerce_payments_eps","country":""}
2026-02-19T16:31:31+00:00 DEBUG Received invalid country code when getting provider links. Ignoring it. CONTEXT: {"gateway":"woocommerce_payments_affirm","country":""}
2026-02-19T16:31:31+00:00 DEBUG Received invalid country code when getting provider links. Ignoring it. CONTEXT: {"gateway":"woocommerce_payments_afterpay_clearpay","country":""}
2026-02-19T16:31:31+00:00 DEBUG Received invalid country code when getting provider links. Ignoring it. CONTEXT: {"gateway":"woocommerce_payments_klarna","country":""}
2026-02-19T16:31:31+00:00 DEBUG Received invalid country code when getting provider links. Ignoring it. CONTEXT: {"gateway":"woocommerce_payments_multibanco","country":""}
2026-02-19T16:31:31+00:00 DEBUG Received invalid country code when getting provider links. Ignoring it. CONTEXT: {"gateway":"woocommerce_payments_grabpay","country":""}
2026-02-19T16:31:31+00:00 DEBUG Received invalid country code when getting provider links. Ignoring it. CONTEXT: {"gateway":"woocommerce_payments_alipay","country":""}
2026-02-19T16:31:31+00:00 DEBUG Received invalid country code when getting provider links. Ignoring it. CONTEXT: {"gateway":"woocommerce_payments_wechat_pay","country":""}
2026-02-19T16:31:31+00:00 DEBUG Received invalid country code when getting provider links. Ignoring it. CONTEXT: {"gateway":"woocommerce_payments","country":""}
2026-02-19T16:31:31+00:00 DEBUG Received invalid country code when getting provider links. Ignoring it. CONTEXT: {"gateway":"woocommerce_payments_bancontact","country":""}
2026-02-19T16:31:31+00:00 DEBUG Received invalid country code when getting provider links. Ignoring it. CONTEXT: {"gateway":"woocommerce_payments_sepa_debit","country":""}
2026-02-19T16:31:31+00:00 DEBUG Received invalid country code when getting provider links. Ignoring it. CONTEXT: {"gateway":"woocommerce_payments_giropay","country":""}
2026-02-19T16:31:31+00:00 DEBUG Received invalid country code when getting provider links. Ignoring it. CONTEXT: {"gateway":"woocommerce_payments_sofort","country":""}
2026-02-19T16:31:31+00:00 DEBUG Received invalid country code when getting provider links. Ignoring it. CONTEXT: {"gateway":"woocommerce_payments_p24","country":""}
2026-02-19T16:31:31+00:00 DEBUG Received invalid country code when getting provider links. Ignoring it. CONTEXT: {"gateway":"woocommerce_payments_ideal","country":""}
2026-02-19T16:31:31+00:00 DEBUG Received invalid country code when getting provider links. Ignoring it. CONTEXT: {"gateway":"woocommerce_payments_au_becs_debit","country":""}
2026-02-19T16:31:31+00:00 DEBUG Received invalid country code when getting provider links. Ignoring it. CONTEXT: {"gateway":"woocommerce_payments_eps","country":""}
2026-02-19T16:31:31+00:00 DEBUG Received invalid country code when getting provider links. Ignoring it. CONTEXT: {"gateway":"woocommerce_payments_affirm","country":""}
2026-02-19T16:31:31+00:00 DEBUG Received invalid country code when getting provider links. Ignoring it. CONTEXT: {"gateway":"woocommerce_payments_afterpay_clearpay","country":""}
2026-02-19T16:31:31+00:00 DEBUG Received invalid country code when getting provider links. Ignoring it. CONTEXT: {"gateway":"woocommerce_payments_klarna","country":""}
2026-02-19T16:31:31+00:00 DEBUG Received invalid country code when getting provider links. Ignoring it. CONTEXT: {"gateway":"woocommerce_payments_multibanco","country":""}
2026-02-19T16:31:31+00:00 DEBUG Received invalid country code when getting provider links. Ignoring it. CONTEXT: {"gateway":"woocommerce_payments_grabpay","country":""}
2026-02-19T16:31:31+00:00 DEBUG Received invalid country code when getting provider links. Ignoring it. CONTEXT: {"gateway":"woocommerce_payments_alipay","country":""}
2026-02-19T16:31:31+00:00 DEBUG Received invalid country code when getting provider links. Ignoring it. CONTEXT: {"gateway":"woocommerce_payments_wechat_pay","country":""}
2026-02-19T16:31:31+00:00 DEBUG Received invalid country code when getting provider links. Ignoring it. CONTEXT: {"gateway":"bacs","country":""}
2026-02-19T16:31:31+00:00 DEBUG Received invalid country code when getting provider links. Ignoring it. CONTEXT: {"gateway":"cheque","country":""}
2026-02-19T16:31:31+00:00 DEBUG Received invalid country code when getting provider links. Ignoring it. CONTEXT: {"gateway":"cod","country":""}
2026-02-19T16:31:31+00:00 DEBUG Received invalid country code when getting provider links. Ignoring it. CONTEXT: {"gateway":"ppcp-gateway","country":""}
2026-02-19T16:31:31+00:00 DEBUG Received invalid country code when getting provider links. Ignoring it. CONTEXT: {"gateway":"woocommerce_payments_bancontact","country":""}
2026-02-19T16:31:31+00:00 DEBUG Received invalid country code when getting provider links. Ignoring it. CONTEXT: {"gateway":"woocommerce_payments_sepa_debit","country":""}
2026-02-19T16:31:31+00:00 DEBUG Received invalid country code when getting provider links. Ignoring it. CONTEXT: {"gateway":"woocommerce_payments_giropay","country":""}
2026-02-19T16:31:31+00:00 DEBUG Received invalid country code when getting provider links. Ignoring it. CONTEXT: {"gateway":"woocommerce_payments_sofort","country":""}
2026-02-19T16:31:31+00:00 DEBUG Received invalid country code when getting provider links. Ignoring it. CONTEXT: {"gateway":"woocommerce_payments_p24","country":""}
2026-02-19T16:31:31+00:00 DEBUG Received invalid country code when getting provider links. Ignoring it. CONTEXT: {"gateway":"woocommerce_payments_ideal","country":""}
2026-02-19T16:31:31+00:00 DEBUG Received invalid country code when getting provider links. Ignoring it. CONTEXT: {"gateway":"woocommerce_payments_au_becs_debit","country":""}
2026-02-19T16:31:31+00:00 DEBUG Received invalid country code when getting provider links. Ignoring it. CONTEXT: {"gateway":"woocommerce_payments_eps","country":""}
2026-02-19T16:31:31+00:00 DEBUG Received invalid country code when getting provider links. Ignoring it. CONTEXT: {"gateway":"woocommerce_payments_affirm","country":""}
2026-02-19T16:31:31+00:00 DEBUG Received invalid country code when getting provider links. Ignoring it. CONTEXT: {"gateway":"woocommerce_payments_afterpay_clearpay","country":""}
2026-02-19T16:31:31+00:00 DEBUG Received invalid country code when getting provider links. Ignoring it. CONTEXT: {"gateway":"woocommerce_payments_klarna","country":""}
2026-02-19T16:31:31+00:00 DEBUG Received invalid country code when getting provider links. Ignoring it. CONTEXT: {"gateway":"woocommerce_payments_multibanco","country":""}
2026-02-19T16:31:31+00:00 DEBUG Received invalid country code when getting provider links. Ignoring it. CONTEXT: {"gateway":"woocommerce_payments_grabpay","country":""}
2026-02-19T16:31:31+00:00 DEBUG Received invalid country code when getting provider links. Ignoring it. CONTEXT: {"gateway":"woocommerce_payments_alipay","country":""}
2026-02-19T16:31:31+00:00 DEBUG Received invalid country code when getting provider links. Ignoring it. CONTEXT: {"gateway":"woocommerce_payments_wechat_pay","country":""}
2026-02-19T16:31:31+00:00 DEBUG Received invalid country code when getting provider links. Ignoring it. CONTEXT: {"gateway":"woocommerce_payments","country":""}
2026-02-19T16:31:31+00:00 DEBUG Received invalid country code when getting provider links. Ignoring it. CONTEXT: {"gateway":"woocommerce_payments_bancontact","country":""}
2026-02-19T16:31:31+00:00 DEBUG Received invalid country code when getting provider links. Ignoring it. CONTEXT: {"gateway":"woocommerce_payments_sepa_debit","country":""}
2026-02-19T16:31:31+00:00 DEBUG Received invalid country code when getting provider links. Ignoring it. CONTEXT: {"gateway":"woocommerce_payments_giropay","country":""}
2026-02-19T16:31:31+00:00 DEBUG Received invalid country code when getting provider links. Ignoring it. CONTEXT: {"gateway":"woocommerce_payments_sofort","country":""}
2026-02-19T16:31:31+00:00 DEBUG Received invalid country code when getting provider links. Ignoring it. CONTEXT: {"gateway":"woocommerce_payments_p24","country":""}
2026-02-19T16:31:31+00:00 DEBUG Received invalid country code when getting provider links. Ignoring it. CONTEXT: {"gateway":"woocommerce_payments_ideal","country":""}
2026-02-19T16:31:31+00:00 DEBUG Received invalid country code when getting provider links. Ignoring it. CONTEXT: {"gateway":"woocommerce_payments_au_becs_debit","country":""}
2026-02-19T16:31:31+00:00 DEBUG Received invalid country code when getting provider links. Ignoring it. CONTEXT: {"gateway":"woocommerce_payments_eps","country":""}
2026-02-19T16:31:31+00:00 DEBUG Received invalid country code when getting provider links. Ignoring it. CONTEXT: {"gateway":"woocommerce_payments_affirm","country":""}
2026-02-19T16:31:31+00:00 DEBUG Received invalid country code when getting provider links. Ignoring it. CONTEXT: {"gateway":"woocommerce_payments_afterpay_clearpay","country":""}
2026-02-19T16:31:31+00:00 DEBUG Received invalid country code when getting provider links. Ignoring it. CONTEXT: {"gateway":"woocommerce_payments_klarna","country":""}
2026-02-19T16:31:31+00:00 DEBUG Received invalid country code when getting provider links. Ignoring it. CONTEXT: {"gateway":"woocommerce_payments_multibanco","country":""}
2026-02-19T16:31:31+00:00 DEBUG Received invalid country code when getting provider links. Ignoring it. CONTEXT: {"gateway":"woocommerce_payments_grabpay","country":""}
2026-02-19T16:31:31+00:00 DEBUG Received invalid country code when getting provider links. Ignoring it. CONTEXT: {"gateway":"woocommerce_payments_alipay","country":""}
2026-02-19T16:31:31+00:00 DEBUG Received invalid country code when getting provider links. Ignoring it. CONTEXT: {"gateway":"woocommerce_payments_wechat_pay","country":""}
2026-02-19T16:31:31+00:00 DEBUG Received invalid country code when getting provider links. Ignoring it. CONTEXT: {"gateway":"bacs","country":""}
2026-02-19T16:31:31+00:00 DEBUG Received invalid country code when getting provider links. Ignoring it. CONTEXT: {"gateway":"cheque","country":""}
2026-02-19T16:31:31+00:00 DEBUG Received invalid country code when getting provider links. Ignoring it. CONTEXT: {"gateway":"cod","country":""}
2026-02-19T16:31:31+00:00 DEBUG Received invalid country code when getting provider links. Ignoring it. CONTEXT: {"gateway":"ppcp-gateway","country":""}
2026-02-19T16:31:31+00:00 DEBUG Received invalid country code when getting provider links. Ignoring it. CONTEXT: {"gateway":"woocommerce_payments_bancontact","country":""}
2026-02-19T16:31:31+00:00 DEBUG Received invalid country code when getting provider links. Ignoring it. CONTEXT: {"gateway":"woocommerce_payments_sepa_debit","country":""}
2026-02-19T16:31:31+00:00 DEBUG Received invalid country code when getting provider links. Ignoring it. CONTEXT: {"gateway":"woocommerce_payments_giropay","country":""}
2026-02-19T16:31:31+00:00 DEBUG Received invalid country code when getting provider links. Ignoring it. CONTEXT: {"gateway":"woocommerce_payments_sofort","country":""}
2026-02-19T16:31:31+00:00 DEBUG Received invalid country code when getting provider links. Ignoring it. CONTEXT: {"gateway":"woocommerce_payments_p24","country":""}
2026-02-19T16:31:31+00:00 DEBUG Received invalid country code when getting provider links. Ignoring it. CONTEXT: {"gateway":"woocommerce_payments_ideal","country":""}
2026-02-19T16:31:31+00:00 DEBUG Received invalid country code when getting provider links. Ignoring it. CONTEXT: {"gateway":"woocommerce_payments_au_becs_debit","country":""}
2026-02-19T16:31:31+00:00 DEBUG Received invalid country code when getting provider links. Ignoring it. CONTEXT: {"gateway":"woocommerce_payments_eps","country":""}
2026-02-19T16:31:31+00:00 DEBUG Received invalid country code when getting provider links. Ignoring it. CONTEXT: {"gateway":"woocommerce_payments_affirm","country":""}
2026-02-19T16:31:31+00:00 DEBUG Received invalid country code when getting provider links. Ignoring it. CONTEXT: {"gateway":"woocommerce_payments_afterpay_clearpay","country":""}
2026-02-19T16:31:31+00:00 DEBUG Received invalid country code when getting provider links. Ignoring it. CONTEXT: {"gateway":"woocommerce_payments_klarna","country":""}
2026-02-19T16:31:31+00:00 DEBUG Received invalid country code when getting provider links. Ignoring it. CONTEXT: {"gateway":"woocommerce_payments_multibanco","country":""}
2026-02-19T16:31:31+00:00 DEBUG Received invalid country code when getting provider links. Ignoring it. CONTEXT: {"gateway":"woocommerce_payments_grabpay","country":""}
2026-02-19T16:31:31+00:00 DEBUG Received invalid country code when getting provider links. Ignoring it. CONTEXT: {"gateway":"woocommerce_payments_alipay","country":""}
2026-02-19T16:31:31+00:00 DEBUG Received invalid country code when getting provider links. Ignoring it. CONTEXT: {"gateway":"woocommerce_payments_wechat_pay","country":""}
2026-02-19T16:31:31+00:00 DEBUG Received invalid country code when getting provider links. Ignoring it. CONTEXT: {"gateway":"woocommerce_payments","country":""}
2026-02-19T16:31:31+00:00 DEBUG Received invalid country code when getting provider links. Ignoring it. CONTEXT: {"gateway":"woocommerce_payments_bancontact","country":""}
2026-02-19T16:31:31+00:00 DEBUG Received invalid country code when getting provider links. Ignoring it. CONTEXT: {"gateway":"woocommerce_payments_sepa_debit","country":""}
2026-02-19T16:31:31+00:00 DEBUG Received invalid country code when getting provider links. Ignoring it. CONTEXT: {"gateway":"woocommerce_payments_giropay","country":""}
2026-02-19T16:31:31+00:00 DEBUG Received invalid country code when getting provider links. Ignoring it. CONTEXT: {"gateway":"woocommerce_payments_sofort","country":""}
2026-02-19T16:31:31+00:00 DEBUG Received invalid country code when getting provider links. Ignoring it. CONTEXT: {"gateway":"woocommerce_payments_p24","country":""}
2026-02-19T16:31:31+00:00 DEBUG Received invalid country code when getting provider links. Ignoring it. CONTEXT: {"gateway":"woocommerce_payments_ideal","country":""}
2026-02-19T16:31:31+00:00 DEBUG Received invalid country code when getting provider links. Ignoring it. CONTEXT: {"gateway":"woocommerce_payments_au_becs_debit","country":""}
2026-02-19T16:31:31+00:00 DEBUG Received invalid country code when getting provider links. Ignoring it. CONTEXT: {"gateway":"woocommerce_payments_eps","country":""}
2026-02-19T16:31:31+00:00 DEBUG Received invalid country code when getting provider links. Ignoring it. CONTEXT: {"gateway":"woocommerce_payments_affirm","country":""}
2026-02-19T16:31:31+00:00 DEBUG Received invalid country code when getting provider links. Ignoring it. CONTEXT: {"gateway":"woocommerce_payments_afterpay_clearpay","country":""}
2026-02-19T16:31:31+00:00 DEBUG Received invalid country code when getting provider links. Ignoring it. CONTEXT: {"gateway":"woocommerce_payments_klarna","country":""}
2026-02-19T16:31:31+00:00 DEBUG Received invalid country code when getting provider links. Ignoring it. CONTEXT: {"gateway":"woocommerce_payments_multibanco","country":""}
2026-02-19T16:31:31+00:00 DEBUG Received invalid country code when getting provider links. Ignoring it. CONTEXT: {"gateway":"woocommerce_payments_grabpay","country":""}
2026-02-19T16:31:31+00:00 DEBUG Received invalid country code when getting provider links. Ignoring it. CONTEXT: {"gateway":"woocommerce_payments_alipay","country":""}
2026-02-19T16:31:31+00:00 DEBUG Received invalid country code when getting provider links. Ignoring it. CONTEXT: {"gateway":"woocommerce_payments_wechat_pay","country":""}
2026-02-19T16:31:31+00:00 DEBUG Received invalid country code when getting provider links. Ignoring it. CONTEXT: {"gateway":"bacs","country":""}
2026-02-19T16:31:31+00:00 DEBUG Received invalid country code when getting provider links. Ignoring it. CONTEXT: {"gateway":"cheque","country":""}
2026-02-19T16:31:31+00:00 DEBUG Received invalid country code when getting provider links. Ignoring it. CONTEXT: {"gateway":"cod","country":""}
2026-02-19T16:31:31+00:00 DEBUG Received invalid country code when getting provider links. Ignoring it. CONTEXT: {"gateway":"ppcp-gateway","country":""}
2026-02-19T16:31:31+00:00 DEBUG Received invalid country code when getting provider links. Ignoring it. CONTEXT: {"gateway":"woocommerce_payments_bancontact","country":""}
2026-02-19T16:31:31+00:00 DEBUG Received invalid country code when getting provider links. Ignoring it. CONTEXT: {"gateway":"woocommerce_payments_sepa_debit","country":""}
2026-02-19T16:31:31+00:00 DEBUG Received invalid country code when getting provider links. Ignoring it. CONTEXT: {"gateway":"woocommerce_payments_giropay","country":""}
2026-02-19T16:31:31+00:00 DEBUG Received invalid country code when getting provider links. Ignoring it. CONTEXT: {"gateway":"woocommerce_payments_sofort","country":""}
2026-02-19T16:31:31+00:00 DEBUG Received invalid country code when getting provider links. Ignoring it. CONTEXT: {"gateway":"woocommerce_payments_p24","country":""}
2026-02-19T16:31:31+00:00 DEBUG Received invalid country code when getting provider links. Ignoring it. CONTEXT: {"gateway":"woocommerce_payments_ideal","country":""}
2026-02-19T16:31:31+00:00 DEBUG Received invalid country code when getting provider links. Ignoring it. CONTEXT: {"gateway":"woocommerce_payments_au_becs_debit","country":""}
2026-02-19T16:31:31+00:00 DEBUG Received invalid country code when getting provider links. Ignoring it. CONTEXT: {"gateway":"woocommerce_payments_eps","country":""}
2026-02-19T16:31:31+00:00 DEBUG Received invalid country code when getting provider links. Ignoring it. CONTEXT: {"gateway":"woocommerce_payments_affirm","country":""}
2026-02-19T16:31:31+00:00 DEBUG Received invalid country code when getting provider links. Ignoring it. CONTEXT: {"gateway":"woocommerce_payments_afterpay_clearpay","country":""}
2026-02-19T16:31:31+00:00 DEBUG Received invalid country code when getting provider links. Ignoring it. CONTEXT: {"gateway":"woocommerce_payments_klarna","country":""}
2026-02-19T16:31:31+00:00 DEBUG Received invalid country code when getting provider links. Ignoring it. CONTEXT: {"gateway":"woocommerce_payments_multibanco","country":""}
2026-02-19T16:31:31+00:00 DEBUG Received invalid country code when getting provider links. Ignoring it. CONTEXT: {"gateway":"woocommerce_payments_grabpay","country":""}
2026-02-19T16:31:31+00:00 DEBUG Received invalid country code when getting provider links. Ignoring it. CONTEXT: {"gateway":"woocommerce_payments_alipay","country":""}
2026-02-19T16:31:31+00:00 DEBUG Received invalid country code when getting provider links. Ignoring it. CONTEXT: {"gateway":"woocommerce_payments_wechat_pay","country":""}
2026-02-19T16:31:31+00:00 DEBUG Received invalid country code when getting provider links. Ignoring it. CONTEXT: {"gateway":"woocommerce_payments","country":""}
2026-02-19T16:31:31+00:00 DEBUG Received invalid country code when getting provider links. Ignoring it. CONTEXT: {"gateway":"woocommerce_payments_bancontact","country":""}
2026-02-19T16:31:31+00:00 DEBUG Received invalid country code when getting provider links. Ignoring it. CONTEXT: {"gateway":"woocommerce_payments_sepa_debit","country":""}
2026-02-19T16:31:31+00:00 DEBUG Received invalid country code when getting provider links. Ignoring it. CONTEXT: {"gateway":"woocommerce_payments_giropay","country":""}
2026-02-19T16:31:31+00:00 DEBUG Received invalid country code when getting provider links. Ignoring it. CONTEXT: {"gateway":"woocommerce_payments_sofort","country":""}
2026-02-19T16:31:31+00:00 DEBUG Received invalid country code when getting provider links. Ignoring it. CONTEXT: {"gateway":"woocommerce_payments_p24","country":""}
2026-02-19T16:31:31+00:00 DEBUG Received invalid country code when getting provider links. Ignoring it. CONTEXT: {"gateway":"woocommerce_payments_ideal","country":""}
2026-02-19T16:31:31+00:00 DEBUG Received invalid country code when getting provider links. Ignoring it. CONTEXT: {"gateway":"woocommerce_payments_au_becs_debit","country":""}
2026-02-19T16:31:31+00:00 DEBUG Received invalid country code when getting provider links. Ignoring it. CONTEXT: {"gateway":"woocommerce_payments_eps","country":""}
2026-02-19T16:31:31+00:00 DEBUG Received invalid country code when getting provider links. Ignoring it. CONTEXT: {"gateway":"woocommerce_payments_affirm","country":""}
2026-02-19T16:31:31+00:00 DEBUG Received invalid country code when getting provider links. Ignoring it. CONTEXT: {"gateway":"woocommerce_payments_afterpay_clearpay","country":""}
2026-02-19T16:31:31+00:00 DEBUG Received invalid country code when getting provider links. Ignoring it. CONTEXT: {"gateway":"woocommerce_payments_klarna","country":""}
2026-02-19T16:31:31+00:00 DEBUG Received invalid country code when getting provider links. Ignoring it. CONTEXT: {"gateway":"woocommerce_payments_multibanco","country":""}
2026-02-19T16:31:31+00:00 DEBUG Received invalid country code when getting provider links. Ignoring it. CONTEXT: {"gateway":"woocommerce_payments_grabpay","country":""}
2026-02-19T16:31:31+00:00 DEBUG Received invalid country code when getting provider links. Ignoring it. CONTEXT: {"gateway":"woocommerce_payments_alipay","country":""}
2026-02-19T16:31:31+00:00 DEBUG Received invalid country code when getting provider links. Ignoring it. CONTEXT: {"gateway":"woocommerce_payments_wechat_pay","country":""}
2026-02-19T16:31:31+00:00 DEBUG Received invalid country code when getting provider links. Ignoring it. CONTEXT: {"gateway":"bacs","country":""}
2026-02-19T16:31:31+00:00 DEBUG Received invalid country code when getting provider links. Ignoring it. CONTEXT: {"gateway":"cheque","country":""}
2026-02-19T16:31:31+00:00 DEBUG Received invalid country code when getting provider links. Ignoring it. CONTEXT: {"gateway":"cod","country":""}
2026-02-19T16:31:31+00:00 DEBUG Received invalid country code when getting provider links. Ignoring it. CONTEXT: {"gateway":"ppcp-gateway","country":""}
2026-02-19T16:31:31+00:00 DEBUG Received invalid country code when getting provider links. Ignoring it. CONTEXT: {"gateway":"woocommerce_payments_bancontact","country":""}
2026-02-19T16:31:31+00:00 DEBUG Received invalid country code when getting provider links. Ignoring it. CONTEXT: {"gateway":"woocommerce_payments_sepa_debit","country":""}
2026-02-19T16:31:31+00:00 DEBUG Received invalid country code when getting provider links. Ignoring it. CONTEXT: {"gateway":"woocommerce_payments_giropay","country":""}
2026-02-19T16:31:31+00:00 DEBUG Received invalid country code when getting provider links. Ignoring it. CONTEXT: {"gateway":"woocommerce_payments_sofort","country":""}
2026-02-19T16:31:31+00:00 DEBUG Received invalid country code when getting provider links. Ignoring it. CONTEXT: {"gateway":"woocommerce_payments_p24","country":""}
2026-02-19T16:31:31+00:00 DEBUG Received invalid country code when getting provider links. Ignoring it. CONTEXT: {"gateway":"woocommerce_payments_ideal","country":""}
2026-02-19T16:31:31+00:00 DEBUG Received invalid country code when getting provider links. Ignoring it. CONTEXT: {"gateway":"woocommerce_payments_au_becs_debit","country":""}
2026-02-19T16:31:31+00:00 DEBUG Received invalid country code when getting provider links. Ignoring it. CONTEXT: {"gateway":"woocommerce_payments_eps","country":""}
2026-02-19T16:31:31+00:00 DEBUG Received invalid country code when getting provider links. Ignoring it. CONTEXT: {"gateway":"woocommerce_payments_affirm","country":""}
2026-02-19T16:31:31+00:00 DEBUG Received invalid country code when getting provider links. Ignoring it. CONTEXT: {"gateway":"woocommerce_payments_afterpay_clearpay","country":""}
2026-02-19T16:31:31+00:00 DEBUG Received invalid country code when getting provider links. Ignoring it. CONTEXT: {"gateway":"woocommerce_payments_klarna","country":""}
2026-02-19T16:31:31+00:00 DEBUG Received invalid country code when getting provider links. Ignoring it. CONTEXT: {"gateway":"woocommerce_payments_multibanco","country":""}
2026-02-19T16:31:31+00:00 DEBUG Received invalid country code when getting provider links. Ignoring it. CONTEXT: {"gateway":"woocommerce_payments_grabpay","country":""}
2026-02-19T16:31:31+00:00 DEBUG Received invalid country code when getting provider links. Ignoring it. CONTEXT: {"gateway":"woocommerce_payments_alipay","country":""}
2026-02-19T16:31:31+00:00 DEBUG Received invalid country code when getting provider links. Ignoring it. CONTEXT: {"gateway":"woocommerce_payments_wechat_pay","country":""}
2026-02-19T16:36:27+00:00 DEBUG Received invalid country code when getting provider links. Ignoring it. CONTEXT: {"gateway":"woocommerce_payments","country":""}
2026-02-19T16:36:27+00:00 DEBUG Received invalid country code when getting provider links. Ignoring it. CONTEXT: {"gateway":"bacs","country":""}
2026-02-19T16:36:27+00:00 DEBUG Received invalid country code when getting provider links. Ignoring it. CONTEXT: {"gateway":"cheque","country":""}
2026-02-19T16:36:27+00:00 DEBUG Received invalid country code when getting provider links. Ignoring it. CONTEXT: {"gateway":"cod","country":""}
2026-02-19T16:36:27+00:00 DEBUG Received invalid country code when getting provider links. Ignoring it. CONTEXT: {"gateway":"ppcp-gateway","country":""}
2026-02-19T16:37:57+00:00 DEBUG Received invalid country code when getting provider links. Ignoring it. CONTEXT: {"gateway":"woocommerce_payments","country":""}
2026-02-19T16:37:57+00:00 DEBUG Received invalid country code when getting provider links. Ignoring it. CONTEXT: {"gateway":"woocommerce_payments_bancontact","country":""}
2026-02-19T16:37:57+00:00 DEBUG Received invalid country code when getting provider links. Ignoring it. CONTEXT: {"gateway":"woocommerce_payments_sepa_debit","country":""}
2026-02-19T16:37:57+00:00 DEBUG Received invalid country code when getting provider links. Ignoring it. CONTEXT: {"gateway":"woocommerce_payments_giropay","country":""}
2026-02-19T16:37:57+00:00 DEBUG Received invalid country code when getting provider links. Ignoring it. CONTEXT: {"gateway":"woocommerce_payments_sofort","country":""}
2026-02-19T16:37:57+00:00 DEBUG Received invalid country code when getting provider links. Ignoring it. CONTEXT: {"gateway":"woocommerce_payments_p24","country":""}
2026-02-19T16:37:57+00:00 DEBUG Received invalid country code when getting provider links. Ignoring it. CONTEXT: {"gateway":"woocommerce_payments_ideal","country":""}
2026-02-19T16:37:57+00:00 DEBUG Received invalid country code when getting provider links. Ignoring it. CONTEXT: {"gateway":"woocommerce_payments_au_becs_debit","country":""}
2026-02-19T16:37:57+00:00 DEBUG Received invalid country code when getting provider links. Ignoring it. CONTEXT: {"gateway":"woocommerce_payments_eps","country":""}
2026-02-19T16:37:57+00:00 DEBUG Received invalid country code when getting provider links. Ignoring it. CONTEXT: {"gateway":"woocommerce_payments_affirm","country":""}
2026-02-19T16:37:57+00:00 DEBUG Received invalid country code when getting provider links. Ignoring it. CONTEXT: {"gateway":"woocommerce_payments_afterpay_clearpay","country":""}
2026-02-19T16:37:57+00:00 DEBUG Received invalid country code when getting provider links. Ignoring it. CONTEXT: {"gateway":"woocommerce_payments_klarna","country":""}
2026-02-19T16:37:57+00:00 DEBUG Received invalid country code when getting provider links. Ignoring it. CONTEXT: {"gateway":"woocommerce_payments_multibanco","country":""}
2026-02-19T16:37:57+00:00 DEBUG Received invalid country code when getting provider links. Ignoring it. CONTEXT: {"gateway":"woocommerce_payments_grabpay","country":""}
2026-02-19T16:37:57+00:00 DEBUG Received invalid country code when getting provider links. Ignoring it. CONTEXT: {"gateway":"woocommerce_payments_alipay","country":""}
2026-02-19T16:37:57+00:00 DEBUG Received invalid country code when getting provider links. Ignoring it. CONTEXT: {"gateway":"woocommerce_payments_wechat_pay","country":""}
2026-02-19T16:37:57+00:00 DEBUG Received invalid country code when getting provider links. Ignoring it. CONTEXT: {"gateway":"bacs","country":""}
2026-02-19T16:37:57+00:00 DEBUG Received invalid country code when getting provider links. Ignoring it. CONTEXT: {"gateway":"cheque","country":""}
2026-02-19T16:37:57+00:00 DEBUG Received invalid country code when getting provider links. Ignoring it. CONTEXT: {"gateway":"cod","country":""}
2026-02-19T16:37:57+00:00 DEBUG Received invalid country code when getting provider links. Ignoring it. CONTEXT: {"gateway":"ppcp-gateway","country":""}
2026-02-19T16:37:57+00:00 DEBUG Received invalid country code when getting provider links. Ignoring it. CONTEXT: {"gateway":"woocommerce_payments_bancontact","country":""}
2026-02-19T16:37:57+00:00 DEBUG Received invalid country code when getting provider links. Ignoring it. CONTEXT: {"gateway":"woocommerce_payments_sepa_debit","country":""}
2026-02-19T16:37:57+00:00 DEBUG Received invalid country code when getting provider links. Ignoring it. CONTEXT: {"gateway":"woocommerce_payments_giropay","country":""}
2026-02-19T16:37:57+00:00 DEBUG Received invalid country code when getting provider links. Ignoring it. CONTEXT: {"gateway":"woocommerce_payments_sofort","country":""}
2026-02-19T16:37:57+00:00 DEBUG Received invalid country code when getting provider links. Ignoring it. CONTEXT: {"gateway":"woocommerce_payments_p24","country":""}
2026-02-19T16:37:57+00:00 DEBUG Received invalid country code when getting provider links. Ignoring it. CONTEXT: {"gateway":"woocommerce_payments_ideal","country":""}
2026-02-19T16:37:57+00:00 DEBUG Received invalid country code when getting provider links. Ignoring it. CONTEXT: {"gateway":"woocommerce_payments_au_becs_debit","country":""}
2026-02-19T16:37:57+00:00 DEBUG Received invalid country code when getting provider links. Ignoring it. CONTEXT: {"gateway":"woocommerce_payments_eps","country":""}
2026-02-19T16:37:57+00:00 DEBUG Received invalid country code when getting provider links. Ignoring it. CONTEXT: {"gateway":"woocommerce_payments_affirm","country":""}
2026-02-19T16:37:57+00:00 DEBUG Received invalid country code when getting provider links. Ignoring it. CONTEXT: {"gateway":"woocommerce_payments_afterpay_clearpay","country":""}
2026-02-19T16:37:57+00:00 DEBUG Received invalid country code when getting provider links. Ignoring it. CONTEXT: {"gateway":"woocommerce_payments_klarna","country":""}
2026-02-19T16:37:57+00:00 DEBUG Received invalid country code when getting provider links. Ignoring it. CONTEXT: {"gateway":"woocommerce_payments_multibanco","country":""}
2026-02-19T16:37:57+00:00 DEBUG Received invalid country code when getting provider links. Ignoring it. CONTEXT: {"gateway":"woocommerce_payments_grabpay","country":""}
2026-02-19T16:37:57+00:00 DEBUG Received invalid country code when getting provider links. Ignoring it. CONTEXT: {"gateway":"woocommerce_payments_alipay","country":""}
2026-02-19T16:37:57+00:00 DEBUG Received invalid country code when getting provider links. Ignoring it. CONTEXT: {"gateway":"woocommerce_payments_wechat_pay","country":""}
2026-02-19T16:38:40+00:00 DEBUG Received invalid country code when getting provider links. Ignoring it. CONTEXT: {"gateway":"woocommerce_payments","country":""}
2026-02-19T16:38:40+00:00 DEBUG Received invalid country code when getting provider links. Ignoring it. CONTEXT: {"gateway":"woocommerce_payments_bancontact","country":""}
2026-02-19T16:38:40+00:00 DEBUG Received invalid country code when getting provider links. Ignoring it. CONTEXT: {"gateway":"woocommerce_payments_sepa_debit","country":""}
2026-02-19T16:38:40+00:00 DEBUG Received invalid country code when getting provider links. Ignoring it. CONTEXT: {"gateway":"woocommerce_payments_giropay","country":""}
2026-02-19T16:38:40+00:00 DEBUG Received invalid country code when getting provider links. Ignoring it. CONTEXT: {"gateway":"woocommerce_payments_sofort","country":""}
2026-02-19T16:38:40+00:00 DEBUG Received invalid country code when getting provider links. Ignoring it. CONTEXT: {"gateway":"woocommerce_payments_p24","country":""}
2026-02-19T16:38:40+00:00 DEBUG Received invalid country code when getting provider links. Ignoring it. CONTEXT: {"gateway":"woocommerce_payments_ideal","country":""}
2026-02-19T16:38:40+00:00 DEBUG Received invalid country code when getting provider links. Ignoring it. CONTEXT: {"gateway":"woocommerce_payments_au_becs_debit","country":""}
2026-02-19T16:38:40+00:00 DEBUG Received invalid country code when getting provider links. Ignoring it. CONTEXT: {"gateway":"woocommerce_payments_eps","country":""}
2026-02-19T16:38:40+00:00 DEBUG Received invalid country code when getting provider links. Ignoring it. CONTEXT: {"gateway":"woocommerce_payments_affirm","country":""}
2026-02-19T16:38:40+00:00 DEBUG Received invalid country code when getting provider links. Ignoring it. CONTEXT: {"gateway":"woocommerce_payments_afterpay_clearpay","country":""}
2026-02-19T16:38:40+00:00 DEBUG Received invalid country code when getting provider links. Ignoring it. CONTEXT: {"gateway":"woocommerce_payments_klarna","country":""}
2026-02-19T16:38:40+00:00 DEBUG Received invalid country code when getting provider links. Ignoring it. CONTEXT: {"gateway":"woocommerce_payments_multibanco","country":""}
2026-02-19T16:38:40+00:00 DEBUG Received invalid country code when getting provider links. Ignoring it. CONTEXT: {"gateway":"woocommerce_payments_grabpay","country":""}
2026-02-19T16:38:40+00:00 DEBUG Received invalid country code when getting provider links. Ignoring it. CONTEXT: {"gateway":"woocommerce_payments_alipay","country":""}
2026-02-19T16:38:40+00:00 DEBUG Received invalid country code when getting provider links. Ignoring it. CONTEXT: {"gateway":"woocommerce_payments_wechat_pay","country":""}
2026-02-19T16:38:40+00:00 DEBUG Received invalid country code when getting provider links. Ignoring it. CONTEXT: {"gateway":"bacs","country":""}
2026-02-19T16:38:40+00:00 DEBUG Received invalid country code when getting provider links. Ignoring it. CONTEXT: {"gateway":"cheque","country":""}
2026-02-19T16:38:40+00:00 DEBUG Received invalid country code when getting provider links. Ignoring it. CONTEXT: {"gateway":"cod","country":""}
2026-02-19T16:38:40+00:00 DEBUG Received invalid country code when getting provider links. Ignoring it. CONTEXT: {"gateway":"ppcp-gateway","country":""}
2026-02-19T16:38:40+00:00 DEBUG Received invalid country code when getting provider links. Ignoring it. CONTEXT: {"gateway":"woocommerce_payments_bancontact","country":""}
2026-02-19T16:38:40+00:00 DEBUG Received invalid country code when getting provider links. Ignoring it. CONTEXT: {"gateway":"woocommerce_payments_sepa_debit","country":""}
2026-02-19T16:38:40+00:00 DEBUG Received invalid country code when getting provider links. Ignoring it. CONTEXT: {"gateway":"woocommerce_payments_giropay","country":""}
2026-02-19T16:38:40+00:00 DEBUG Received invalid country code when getting provider links. Ignoring it. CONTEXT: {"gateway":"woocommerce_payments_sofort","country":""}
2026-02-19T16:38:40+00:00 DEBUG Received invalid country code when getting provider links. Ignoring it. CONTEXT: {"gateway":"woocommerce_payments_p24","country":""}
2026-02-19T16:38:40+00:00 DEBUG Received invalid country code when getting provider links. Ignoring it. CONTEXT: {"gateway":"woocommerce_payments_ideal","country":""}
2026-02-19T16:38:40+00:00 DEBUG Received invalid country code when getting provider links. Ignoring it. CONTEXT: {"gateway":"woocommerce_payments_au_becs_debit","country":""}
2026-02-19T16:38:40+00:00 DEBUG Received invalid country code when getting provider links. Ignoring it. CONTEXT: {"gateway":"woocommerce_payments_eps","country":""}
2026-02-19T16:38:40+00:00 DEBUG Received invalid country code when getting provider links. Ignoring it. CONTEXT: {"gateway":"woocommerce_payments_affirm","country":""}
2026-02-19T16:38:40+00:00 DEBUG Received invalid country code when getting provider links. Ignoring it. CONTEXT: {"gateway":"woocommerce_payments_afterpay_clearpay","country":""}
2026-02-19T16:38:40+00:00 DEBUG Received invalid country code when getting provider links. Ignoring it. CONTEXT: {"gateway":"woocommerce_payments_klarna","country":""}
2026-02-19T16:38:40+00:00 DEBUG Received invalid country code when getting provider links. Ignoring it. CONTEXT: {"gateway":"woocommerce_payments_multibanco","country":""}
2026-02-19T16:38:40+00:00 DEBUG Received invalid country code when getting provider links. Ignoring it. CONTEXT: {"gateway":"woocommerce_payments_grabpay","country":""}
2026-02-19T16:38:40+00:00 DEBUG Received invalid country code when getting provider links. Ignoring it. CONTEXT: {"gateway":"woocommerce_payments_alipay","country":""}
2026-02-19T16:38:40+00:00 DEBUG Received invalid country code when getting provider links. Ignoring it. CONTEXT: {"gateway":"woocommerce_payments_wechat_pay","country":""}
2026-02-19T16:41:25+00:00 DEBUG Received invalid country code when getting provider links. Ignoring it. CONTEXT: {"gateway":"woocommerce_payments","country":""}
2026-02-19T16:41:25+00:00 DEBUG Received invalid country code when getting provider links. Ignoring it. CONTEXT: {"gateway":"woocommerce_payments_bancontact","country":""}
2026-02-19T16:41:25+00:00 DEBUG Received invalid country code when getting provider links. Ignoring it. CONTEXT: {"gateway":"woocommerce_payments_sepa_debit","country":""}
2026-02-19T16:41:25+00:00 DEBUG Received invalid country code when getting provider links. Ignoring it. CONTEXT: {"gateway":"woocommerce_payments_giropay","country":""}
2026-02-19T16:41:25+00:00 DEBUG Received invalid country code when getting provider links. Ignoring it. CONTEXT: {"gateway":"woocommerce_payments_sofort","country":""}
2026-02-19T16:41:25+00:00 DEBUG Received invalid country code when getting provider links. Ignoring it. CONTEXT: {"gateway":"woocommerce_payments_p24","country":""}
2026-02-19T16:41:25+00:00 DEBUG Received invalid country code when getting provider links. Ignoring it. CONTEXT: {"gateway":"woocommerce_payments_ideal","country":""}
2026-02-19T16:41:25+00:00 DEBUG Received invalid country code when getting provider links. Ignoring it. CONTEXT: {"gateway":"woocommerce_payments_au_becs_debit","country":""}
2026-02-19T16:41:25+00:00 DEBUG Received invalid country code when getting provider links. Ignoring it. CONTEXT: {"gateway":"woocommerce_payments_eps","country":""}
2026-02-19T16:41:25+00:00 DEBUG Received invalid country code when getting provider links. Ignoring it. CONTEXT: {"gateway":"woocommerce_payments_affirm","country":""}
2026-02-19T16:41:25+00:00 DEBUG Received invalid country code when getting provider links. Ignoring it. CONTEXT: {"gateway":"woocommerce_payments_afterpay_clearpay","country":""}
2026-02-19T16:41:25+00:00 DEBUG Received invalid country code when getting provider links. Ignoring it. CONTEXT: {"gateway":"woocommerce_payments_klarna","country":""}
2026-02-19T16:41:25+00:00 DEBUG Received invalid country code when getting provider links. Ignoring it. CONTEXT: {"gateway":"woocommerce_payments_multibanco","country":""}
2026-02-19T16:41:25+00:00 DEBUG Received invalid country code when getting provider links. Ignoring it. CONTEXT: {"gateway":"woocommerce_payments_grabpay","country":""}
2026-02-19T16:41:25+00:00 DEBUG Received invalid country code when getting provider links. Ignoring it. CONTEXT: {"gateway":"woocommerce_payments_alipay","country":""}
2026-02-19T16:41:25+00:00 DEBUG Received invalid country code when getting provider links. Ignoring it. CONTEXT: {"gateway":"woocommerce_payments_wechat_pay","country":""}
2026-02-19T16:41:25+00:00 DEBUG Received invalid country code when getting provider links. Ignoring it. CONTEXT: {"gateway":"bacs","country":""}
2026-02-19T16:41:25+00:00 DEBUG Received invalid country code when getting provider links. Ignoring it. CONTEXT: {"gateway":"cheque","country":""}
2026-02-19T16:41:25+00:00 DEBUG Received invalid country code when getting provider links. Ignoring it. CONTEXT: {"gateway":"cod","country":""}
2026-02-19T16:41:25+00:00 DEBUG Received invalid country code when getting provider links. Ignoring it. CONTEXT: {"gateway":"ppcp-gateway","country":""}
2026-02-19T16:41:25+00:00 DEBUG Received invalid country code when getting provider links. Ignoring it. CONTEXT: {"gateway":"woocommerce_payments_bancontact","country":""}
2026-02-19T16:41:25+00:00 DEBUG Received invalid country code when getting provider links. Ignoring it. CONTEXT: {"gateway":"woocommerce_payments_sepa_debit","country":""}
2026-02-19T16:41:25+00:00 DEBUG Received invalid country code when getting provider links. Ignoring it. CONTEXT: {"gateway":"woocommerce_payments_giropay","country":""}
2026-02-19T16:41:25+00:00 DEBUG Received invalid country code when getting provider links. Ignoring it. CONTEXT: {"gateway":"woocommerce_payments_sofort","country":""}
2026-02-19T16:41:25+00:00 DEBUG Received invalid country code when getting provider links. Ignoring it. CONTEXT: {"gateway":"woocommerce_payments_p24","country":""}
2026-02-19T16:41:25+00:00 DEBUG Received invalid country code when getting provider links. Ignoring it. CONTEXT: {"gateway":"woocommerce_payments_ideal","country":""}
2026-02-19T16:41:25+00:00 DEBUG Received invalid country code when getting provider links. Ignoring it. CONTEXT: {"gateway":"woocommerce_payments_au_becs_debit","country":""}
2026-02-19T16:41:25+00:00 DEBUG Received invalid country code when getting provider links. Ignoring it. CONTEXT: {"gateway":"woocommerce_payments_eps","country":""}
2026-02-19T16:41:25+00:00 DEBUG Received invalid country code when getting provider links. Ignoring it. CONTEXT: {"gateway":"woocommerce_payments_affirm","country":""}
2026-02-19T16:41:25+00:00 DEBUG Received invalid country code when getting provider links. Ignoring it. CONTEXT: {"gateway":"woocommerce_payments_afterpay_clearpay","country":""}
2026-02-19T16:41:25+00:00 DEBUG Received invalid country code when getting provider links. Ignoring it. CONTEXT: {"gateway":"woocommerce_payments_klarna","country":""}
2026-02-19T16:41:25+00:00 DEBUG Received invalid country code when getting provider links. Ignoring it. CONTEXT: {"gateway":"woocommerce_payments_multibanco","country":""}
2026-02-19T16:41:25+00:00 DEBUG Received invalid country code when getting provider links. Ignoring it. CONTEXT: {"gateway":"woocommerce_payments_grabpay","country":""}
2026-02-19T16:41:25+00:00 DEBUG Received invalid country code when getting provider links. Ignoring it. CONTEXT: {"gateway":"woocommerce_payments_alipay","country":""}
2026-02-19T16:41:25+00:00 DEBUG Received invalid country code when getting provider links. Ignoring it. CONTEXT: {"gateway":"woocommerce_payments_wechat_pay","country":""}
2026-02-19T20:23:47+00:00 DEBUG Received invalid country code when getting provider links. Ignoring it. CONTEXT: {"gateway":"woocommerce_payments","country":""}
2026-02-19T20:23:47+00:00 DEBUG Received invalid country code when getting provider links. Ignoring it. CONTEXT: {"gateway":"woocommerce_payments_bancontact","country":""}
2026-02-19T20:23:47+00:00 DEBUG Received invalid country code when getting provider links. Ignoring it. CONTEXT: {"gateway":"woocommerce_payments_sepa_debit","country":""}
2026-02-19T20:23:47+00:00 DEBUG Received invalid country code when getting provider links. Ignoring it. CONTEXT: {"gateway":"woocommerce_payments_giropay","country":""}
2026-02-19T20:23:47+00:00 DEBUG Received invalid country code when getting provider links. Ignoring it. CONTEXT: {"gateway":"woocommerce_payments_sofort","country":""}
2026-02-19T20:23:47+00:00 DEBUG Received invalid country code when getting provider links. Ignoring it. CONTEXT: {"gateway":"woocommerce_payments_p24","country":""}
2026-02-19T20:23:47+00:00 DEBUG Received invalid country code when getting provider links. Ignoring it. CONTEXT: {"gateway":"woocommerce_payments_ideal","country":""}
2026-02-19T20:23:47+00:00 DEBUG Received invalid country code when getting provider links. Ignoring it. CONTEXT: {"gateway":"woocommerce_payments_au_becs_debit","country":""}
2026-02-19T20:23:47+00:00 DEBUG Received invalid country code when getting provider links. Ignoring it. CONTEXT: {"gateway":"woocommerce_payments_eps","country":""}
2026-02-19T20:23:47+00:00 DEBUG Received invalid country code when getting provider links. Ignoring it. CONTEXT: {"gateway":"woocommerce_payments_affirm","country":""}
2026-02-19T20:23:47+00:00 DEBUG Received invalid country code when getting provider links. Ignoring it. CONTEXT: {"gateway":"woocommerce_payments_afterpay_clearpay","country":""}
2026-02-19T20:23:47+00:00 DEBUG Received invalid country code when getting provider links. Ignoring it. CONTEXT: {"gateway":"woocommerce_payments_klarna","country":""}
2026-02-19T20:23:47+00:00 DEBUG Received invalid country code when getting provider links. Ignoring it. CONTEXT: {"gateway":"woocommerce_payments_multibanco","country":""}
2026-02-19T20:23:47+00:00 DEBUG Received invalid country code when getting provider links. Ignoring it. CONTEXT: {"gateway":"woocommerce_payments_grabpay","country":""}
2026-02-19T20:23:47+00:00 DEBUG Received invalid country code when getting provider links. Ignoring it. CONTEXT: {"gateway":"woocommerce_payments_alipay","country":""}
2026-02-19T20:23:47+00:00 DEBUG Received invalid country code when getting provider links. Ignoring it. CONTEXT: {"gateway":"woocommerce_payments_wechat_pay","country":""}
2026-02-19T20:23:47+00:00 DEBUG Received invalid country code when getting provider links. Ignoring it. CONTEXT: {"gateway":"bacs","country":""}
2026-02-19T20:23:47+00:00 DEBUG Received invalid country code when getting provider links. Ignoring it. CONTEXT: {"gateway":"cheque","country":""}
2026-02-19T20:23:47+00:00 DEBUG Received invalid country code when getting provider links. Ignoring it. CONTEXT: {"gateway":"cod","country":""}
2026-02-19T20:23:47+00:00 DEBUG Received invalid country code when getting provider links. Ignoring it. CONTEXT: {"gateway":"ppcp-gateway","country":""}
2026-02-19T20:23:47+00:00 DEBUG Received invalid country code when getting provider links. Ignoring it. CONTEXT: {"gateway":"woocommerce_payments_bancontact","country":""}
2026-02-19T20:23:47+00:00 DEBUG Received invalid country code when getting provider links. Ignoring it. CONTEXT: {"gateway":"woocommerce_payments_sepa_debit","country":""}
2026-02-19T20:23:47+00:00 DEBUG Received invalid country code when getting provider links. Ignoring it. CONTEXT: {"gateway":"woocommerce_payments_giropay","country":""}
2026-02-19T20:23:47+00:00 DEBUG Received invalid country code when getting provider links. Ignoring it. CONTEXT: {"gateway":"woocommerce_payments_sofort","country":""}
2026-02-19T20:23:48+00:00 DEBUG Received invalid country code when getting provider links. Ignoring it. CONTEXT: {"gateway":"woocommerce_payments_p24","country":""}
2026-02-19T20:23:48+00:00 DEBUG Received invalid country code when getting provider links. Ignoring it. CONTEXT: {"gateway":"woocommerce_payments_ideal","country":""}
2026-02-19T20:23:48+00:00 DEBUG Received invalid country code when getting provider links. Ignoring it. CONTEXT: {"gateway":"woocommerce_payments_au_becs_debit","country":""}
2026-02-19T20:23:48+00:00 DEBUG Received invalid country code when getting provider links. Ignoring it. CONTEXT: {"gateway":"woocommerce_payments_eps","country":""}
2026-02-19T20:23:48+00:00 DEBUG Received invalid country code when getting provider links. Ignoring it. CONTEXT: {"gateway":"woocommerce_payments_affirm","country":""}
2026-02-19T20:23:48+00:00 DEBUG Received invalid country code when getting provider links. Ignoring it. CONTEXT: {"gateway":"woocommerce_payments_afterpay_clearpay","country":""}
2026-02-19T20:23:48+00:00 DEBUG Received invalid country code when getting provider links. Ignoring it. CONTEXT: {"gateway":"woocommerce_payments_klarna","country":""}
2026-02-19T20:23:48+00:00 DEBUG Received invalid country code when getting provider links. Ignoring it. CONTEXT: {"gateway":"woocommerce_payments_multibanco","country":""}
2026-02-19T20:23:48+00:00 DEBUG Received invalid country code when getting provider links. Ignoring it. CONTEXT: {"gateway":"woocommerce_payments_grabpay","country":""}
2026-02-19T20:23:48+00:00 DEBUG Received invalid country code when getting provider links. Ignoring it. CONTEXT: {"gateway":"woocommerce_payments_alipay","country":""}
2026-02-19T20:23:48+00:00 DEBUG Received invalid country code when getting provider links. Ignoring it. CONTEXT: {"gateway":"woocommerce_payments_wechat_pay","country":""}
2026-02-19T21:53:07+00:00 DEBUG Received invalid country code when getting provider links. Ignoring it. CONTEXT: {"gateway":"woocommerce_payments","country":""}
2026-02-19T21:53:07+00:00 DEBUG Received invalid country code when getting provider links. Ignoring it. CONTEXT: {"gateway":"woocommerce_payments_bancontact","country":""}
2026-02-19T21:53:07+00:00 DEBUG Received invalid country code when getting provider links. Ignoring it. CONTEXT: {"gateway":"woocommerce_payments_sepa_debit","country":""}
2026-02-19T21:53:07+00:00 DEBUG Received invalid country code when getting provider links. Ignoring it. CONTEXT: {"gateway":"woocommerce_payments_giropay","country":""}
2026-02-19T21:53:07+00:00 DEBUG Received invalid country code when getting provider links. Ignoring it. CONTEXT: {"gateway":"woocommerce_payments_sofort","country":""}
2026-02-19T21:53:07+00:00 DEBUG Received invalid country code when getting provider links. Ignoring it. CONTEXT: {"gateway":"woocommerce_payments_p24","country":""}
2026-02-19T21:53:07+00:00 DEBUG Received invalid country code when getting provider links. Ignoring it. CONTEXT: {"gateway":"woocommerce_payments_ideal","country":""}
2026-02-19T21:53:07+00:00 DEBUG Received invalid country code when getting provider links. Ignoring it. CONTEXT: {"gateway":"woocommerce_payments_au_becs_debit","country":""}
2026-02-19T21:53:07+00:00 DEBUG Received invalid country code when getting provider links. Ignoring it. CONTEXT: {"gateway":"woocommerce_payments_eps","country":""}
2026-02-19T21:53:07+00:00 DEBUG Received invalid country code when getting provider links. Ignoring it. CONTEXT: {"gateway":"woocommerce_payments_affirm","country":""}
2026-02-19T21:53:07+00:00 DEBUG Received invalid country code when getting provider links. Ignoring it. CONTEXT: {"gateway":"woocommerce_payments_afterpay_clearpay","country":""}
2026-02-19T21:53:07+00:00 DEBUG Received invalid country code when getting provider links. Ignoring it. CONTEXT: {"gateway":"woocommerce_payments_klarna","country":""}
2026-02-19T21:53:07+00:00 DEBUG Received invalid country code when getting provider links. Ignoring it. CONTEXT: {"gateway":"woocommerce_payments_multibanco","country":""}
2026-02-19T21:53:07+00:00 DEBUG Received invalid country code when getting provider links. Ignoring it. CONTEXT: {"gateway":"woocommerce_payments_grabpay","country":""}
2026-02-19T21:53:07+00:00 DEBUG Received invalid country code when getting provider links. Ignoring it. CONTEXT: {"gateway":"woocommerce_payments_alipay","country":""}
2026-02-19T21:53:07+00:00 DEBUG Received invalid country code when getting provider links. Ignoring it. CONTEXT: {"gateway":"woocommerce_payments_wechat_pay","country":""}
2026-02-19T21:53:07+00:00 DEBUG Received invalid country code when getting provider links. Ignoring it. CONTEXT: {"gateway":"bacs","country":""}
2026-02-19T21:53:07+00:00 DEBUG Received invalid country code when getting provider links. Ignoring it. CONTEXT: {"gateway":"cheque","country":""}
2026-02-19T21:53:07+00:00 DEBUG Received invalid country code when getting provider links. Ignoring it. CONTEXT: {"gateway":"cod","country":""}
2026-02-19T21:53:07+00:00 DEBUG Received invalid country code when getting provider links. Ignoring it. CONTEXT: {"gateway":"ppcp-gateway","country":""}
2026-02-19T21:53:07+00:00 DEBUG Received invalid country code when getting provider links. Ignoring it. CONTEXT: {"gateway":"woocommerce_payments_bancontact","country":""}
2026-02-19T21:53:07+00:00 DEBUG Received invalid country code when getting provider links. Ignoring it. CONTEXT: {"gateway":"woocommerce_payments_sepa_debit","country":""}
2026-02-19T21:53:07+00:00 DEBUG Received invalid country code when getting provider links. Ignoring it. CONTEXT: {"gateway":"woocommerce_payments_giropay","country":""}
2026-02-19T21:53:07+00:00 DEBUG Received invalid country code when getting provider links. Ignoring it. CONTEXT: {"gateway":"woocommerce_payments_sofort","country":""}
2026-02-19T21:53:07+00:00 DEBUG Received invalid country code when getting provider links. Ignoring it. CONTEXT: {"gateway":"woocommerce_payments_p24","country":""}
2026-02-19T21:53:07+00:00 DEBUG Received invalid country code when getting provider links. Ignoring it. CONTEXT: {"gateway":"woocommerce_payments_ideal","country":""}
2026-02-19T21:53:07+00:00 DEBUG Received invalid country code when getting provider links. Ignoring it. CONTEXT: {"gateway":"woocommerce_payments_au_becs_debit","country":""}
2026-02-19T21:53:07+00:00 DEBUG Received invalid country code when getting provider links. Ignoring it. CONTEXT: {"gateway":"woocommerce_payments_eps","country":""}
2026-02-19T21:53:07+00:00 DEBUG Received invalid country code when getting provider links. Ignoring it. CONTEXT: {"gateway":"woocommerce_payments_affirm","country":""}
2026-02-19T21:53:07+00:00 DEBUG Received invalid country code when getting provider links. Ignoring it. CONTEXT: {"gateway":"woocommerce_payments_afterpay_clearpay","country":""}
2026-02-19T21:53:07+00:00 DEBUG Received invalid country code when getting provider links. Ignoring it. CONTEXT: {"gateway":"woocommerce_payments_klarna","country":""}
2026-02-19T21:53:07+00:00 DEBUG Received invalid country code when getting provider links. Ignoring it. CONTEXT: {"gateway":"woocommerce_payments_multibanco","country":""}
2026-02-19T21:53:07+00:00 DEBUG Received invalid country code when getting provider links. Ignoring it. CONTEXT: {"gateway":"woocommerce_payments_grabpay","country":""}
2026-02-19T21:53:07+00:00 DEBUG Received invalid country code when getting provider links. Ignoring it. CONTEXT: {"gateway":"woocommerce_payments_alipay","country":""}
2026-02-19T21:53:07+00:00 DEBUG Received invalid country code when getting provider links. Ignoring it. CONTEXT: {"gateway":"woocommerce_payments_wechat_pay","country":""}
2026-02-19T21:53:27+00:00 DEBUG Received invalid country code when getting provider links. Ignoring it. CONTEXT: {"gateway":"woocommerce_payments","country":""}
2026-02-19T21:53:27+00:00 DEBUG Received invalid country code when getting provider links. Ignoring it. CONTEXT: {"gateway":"woocommerce_payments_bancontact","country":""}
2026-02-19T21:53:27+00:00 DEBUG Received invalid country code when getting provider links. Ignoring it. CONTEXT: {"gateway":"woocommerce_payments_sepa_debit","country":""}
2026-02-19T21:53:27+00:00 DEBUG Received invalid country code when getting provider links. Ignoring it. CONTEXT: {"gateway":"woocommerce_payments_giropay","country":""}
2026-02-19T21:53:27+00:00 DEBUG Received invalid country code when getting provider links. Ignoring it. CONTEXT: {"gateway":"woocommerce_payments_sofort","country":""}
2026-02-19T21:53:27+00:00 DEBUG Received invalid country code when getting provider links. Ignoring it. CONTEXT: {"gateway":"woocommerce_payments_p24","country":""}
2026-02-19T21:53:27+00:00 DEBUG Received invalid country code when getting provider links. Ignoring it. CONTEXT: {"gateway":"woocommerce_payments_ideal","country":""}
2026-02-19T21:53:27+00:00 DEBUG Received invalid country code when getting provider links. Ignoring it. CONTEXT: {"gateway":"woocommerce_payments_au_becs_debit","country":""}
2026-02-19T21:53:27+00:00 DEBUG Received invalid country code when getting provider links. Ignoring it. CONTEXT: {"gateway":"woocommerce_payments_eps","country":""}
2026-02-19T21:53:27+00:00 DEBUG Received invalid country code when getting provider links. Ignoring it. CONTEXT: {"gateway":"woocommerce_payments_affirm","country":""}
2026-02-19T21:53:27+00:00 DEBUG Received invalid country code when getting provider links. Ignoring it. CONTEXT: {"gateway":"woocommerce_payments_afterpay_clearpay","country":""}
2026-02-19T21:53:27+00:00 DEBUG Received invalid country code when getting provider links. Ignoring it. CONTEXT: {"gateway":"woocommerce_payments_klarna","country":""}
2026-02-19T21:53:27+00:00 DEBUG Received invalid country code when getting provider links. Ignoring it. CONTEXT: {"gateway":"woocommerce_payments_multibanco","country":""}
2026-02-19T21:53:27+00:00 DEBUG Received invalid country code when getting provider links. Ignoring it. CONTEXT: {"gateway":"woocommerce_payments_grabpay","country":""}
2026-02-19T21:53:27+00:00 DEBUG Received invalid country code when getting provider links. Ignoring it. CONTEXT: {"gateway":"woocommerce_payments_alipay","country":""}
2026-02-19T21:53:27+00:00 DEBUG Received invalid country code when getting provider links. Ignoring it. CONTEXT: {"gateway":"woocommerce_payments_wechat_pay","country":""}
2026-02-19T21:53:27+00:00 DEBUG Received invalid country code when getting provider links. Ignoring it. CONTEXT: {"gateway":"bacs","country":""}
2026-02-19T21:53:27+00:00 DEBUG Received invalid country code when getting provider links. Ignoring it. CONTEXT: {"gateway":"cheque","country":""}
2026-02-19T21:53:27+00:00 DEBUG Received invalid country code when getting provider links. Ignoring it. CONTEXT: {"gateway":"cod","country":""}
2026-02-19T21:53:27+00:00 DEBUG Received invalid country code when getting provider links. Ignoring it. CONTEXT: {"gateway":"ppcp-gateway","country":""}
2026-02-19T21:53:27+00:00 DEBUG Received invalid country code when getting provider links. Ignoring it. CONTEXT: {"gateway":"woocommerce_payments_bancontact","country":""}
2026-02-19T21:53:27+00:00 DEBUG Received invalid country code when getting provider links. Ignoring it. CONTEXT: {"gateway":"woocommerce_payments_sepa_debit","country":""}
2026-02-19T21:53:27+00:00 DEBUG Received invalid country code when getting provider links. Ignoring it. CONTEXT: {"gateway":"woocommerce_payments_giropay","country":""}
2026-02-19T21:53:27+00:00 DEBUG Received invalid country code when getting provider links. Ignoring it. CONTEXT: {"gateway":"woocommerce_payments_sofort","country":""}
2026-02-19T21:53:27+00:00 DEBUG Received invalid country code when getting provider links. Ignoring it. CONTEXT: {"gateway":"woocommerce_payments_p24","country":""}
2026-02-19T21:53:27+00:00 DEBUG Received invalid country code when getting provider links. Ignoring it. CONTEXT: {"gateway":"woocommerce_payments_ideal","country":""}
2026-02-19T21:53:27+00:00 DEBUG Received invalid country code when getting provider links. Ignoring it. CONTEXT: {"gateway":"woocommerce_payments_au_becs_debit","country":""}
2026-02-19T21:53:27+00:00 DEBUG Received invalid country code when getting provider links. Ignoring it. CONTEXT: {"gateway":"woocommerce_payments_eps","country":""}
2026-02-19T21:53:27+00:00 DEBUG Received invalid country code when getting provider links. Ignoring it. CONTEXT: {"gateway":"woocommerce_payments_affirm","country":""}
2026-02-19T21:53:27+00:00 DEBUG Received invalid country code when getting provider links. Ignoring it. CONTEXT: {"gateway":"woocommerce_payments_afterpay_clearpay","country":""}
2026-02-19T21:53:27+00:00 DEBUG Received invalid country code when getting provider links. Ignoring it. CONTEXT: {"gateway":"woocommerce_payments_klarna","country":""}
2026-02-19T21:53:27+00:00 DEBUG Received invalid country code when getting provider links. Ignoring it. CONTEXT: {"gateway":"woocommerce_payments_multibanco","country":""}
2026-02-19T21:53:27+00:00 DEBUG Received invalid country code when getting provider links. Ignoring it. CONTEXT: {"gateway":"woocommerce_payments_grabpay","country":""}
2026-02-19T21:53:27+00:00 DEBUG Received invalid country code when getting provider links. Ignoring it. CONTEXT: {"gateway":"woocommerce_payments_alipay","country":""}
2026-02-19T21:53:27+00:00 DEBUG Received invalid country code when getting provider links. Ignoring it. CONTEXT: {"gateway":"woocommerce_payments_wechat_pay","country":""}
