2026-02-21T10:17:25+00:00 DEBUG Received invalid country code when getting provider links. Ignoring it. CONTEXT: {"gateway":"woocommerce_payments","country":""}
2026-02-21T10:17:25+00:00 DEBUG Received invalid country code when getting provider links. Ignoring it. CONTEXT: {"gateway":"woocommerce_payments_bancontact","country":""}
2026-02-21T10:17:25+00:00 DEBUG Received invalid country code when getting provider links. Ignoring it. CONTEXT: {"gateway":"woocommerce_payments_sepa_debit","country":""}
2026-02-21T10:17:25+00:00 DEBUG Received invalid country code when getting provider links. Ignoring it. CONTEXT: {"gateway":"woocommerce_payments_giropay","country":""}
2026-02-21T10:17:25+00:00 DEBUG Received invalid country code when getting provider links. Ignoring it. CONTEXT: {"gateway":"woocommerce_payments_sofort","country":""}
2026-02-21T10:17:25+00:00 DEBUG Received invalid country code when getting provider links. Ignoring it. CONTEXT: {"gateway":"woocommerce_payments_p24","country":""}
2026-02-21T10:17:25+00:00 DEBUG Received invalid country code when getting provider links. Ignoring it. CONTEXT: {"gateway":"woocommerce_payments_ideal","country":""}
2026-02-21T10:17:25+00:00 DEBUG Received invalid country code when getting provider links. Ignoring it. CONTEXT: {"gateway":"woocommerce_payments_au_becs_debit","country":""}
2026-02-21T10:17:25+00:00 DEBUG Received invalid country code when getting provider links. Ignoring it. CONTEXT: {"gateway":"woocommerce_payments_eps","country":""}
2026-02-21T10:17:25+00:00 DEBUG Received invalid country code when getting provider links. Ignoring it. CONTEXT: {"gateway":"woocommerce_payments_affirm","country":""}
2026-02-21T10:17:25+00:00 DEBUG Received invalid country code when getting provider links. Ignoring it. CONTEXT: {"gateway":"woocommerce_payments_afterpay_clearpay","country":""}
2026-02-21T10:17:25+00:00 DEBUG Received invalid country code when getting provider links. Ignoring it. CONTEXT: {"gateway":"woocommerce_payments_klarna","country":""}
2026-02-21T10:17:25+00:00 DEBUG Received invalid country code when getting provider links. Ignoring it. CONTEXT: {"gateway":"woocommerce_payments_multibanco","country":""}
2026-02-21T10:17:25+00:00 DEBUG Received invalid country code when getting provider links. Ignoring it. CONTEXT: {"gateway":"woocommerce_payments_grabpay","country":""}
2026-02-21T10:17:25+00:00 DEBUG Received invalid country code when getting provider links. Ignoring it. CONTEXT: {"gateway":"woocommerce_payments_alipay","country":""}
2026-02-21T10:17:25+00:00 DEBUG Received invalid country code when getting provider links. Ignoring it. CONTEXT: {"gateway":"woocommerce_payments_wechat_pay","country":""}
2026-02-21T10:17:25+00:00 DEBUG Received invalid country code when getting provider links. Ignoring it. CONTEXT: {"gateway":"bacs","country":""}
2026-02-21T10:17:25+00:00 DEBUG Received invalid country code when getting provider links. Ignoring it. CONTEXT: {"gateway":"cheque","country":""}
2026-02-21T10:17:25+00:00 DEBUG Received invalid country code when getting provider links. Ignoring it. CONTEXT: {"gateway":"cod","country":""}
2026-02-21T10:17:25+00:00 DEBUG Received invalid country code when getting provider links. Ignoring it. CONTEXT: {"gateway":"ppcp-gateway","country":""}
2026-02-21T10:17:25+00:00 DEBUG Received invalid country code when getting provider links. Ignoring it. CONTEXT: {"gateway":"woocommerce_payments_bancontact","country":""}
2026-02-21T10:17:25+00:00 DEBUG Received invalid country code when getting provider links. Ignoring it. CONTEXT: {"gateway":"woocommerce_payments_sepa_debit","country":""}
2026-02-21T10:17:25+00:00 DEBUG Received invalid country code when getting provider links. Ignoring it. CONTEXT: {"gateway":"woocommerce_payments_giropay","country":""}
2026-02-21T10:17:25+00:00 DEBUG Received invalid country code when getting provider links. Ignoring it. CONTEXT: {"gateway":"woocommerce_payments_sofort","country":""}
2026-02-21T10:17:25+00:00 DEBUG Received invalid country code when getting provider links. Ignoring it. CONTEXT: {"gateway":"woocommerce_payments_p24","country":""}
2026-02-21T10:17:25+00:00 DEBUG Received invalid country code when getting provider links. Ignoring it. CONTEXT: {"gateway":"woocommerce_payments_ideal","country":""}
2026-02-21T10:17:25+00:00 DEBUG Received invalid country code when getting provider links. Ignoring it. CONTEXT: {"gateway":"woocommerce_payments_au_becs_debit","country":""}
2026-02-21T10:17:25+00:00 DEBUG Received invalid country code when getting provider links. Ignoring it. CONTEXT: {"gateway":"woocommerce_payments_eps","country":""}
2026-02-21T10:17:25+00:00 DEBUG Received invalid country code when getting provider links. Ignoring it. CONTEXT: {"gateway":"woocommerce_payments_affirm","country":""}
2026-02-21T10:17:25+00:00 DEBUG Received invalid country code when getting provider links. Ignoring it. CONTEXT: {"gateway":"woocommerce_payments_afterpay_clearpay","country":""}
2026-02-21T10:17:25+00:00 DEBUG Received invalid country code when getting provider links. Ignoring it. CONTEXT: {"gateway":"woocommerce_payments_klarna","country":""}
2026-02-21T10:17:25+00:00 DEBUG Received invalid country code when getting provider links. Ignoring it. CONTEXT: {"gateway":"woocommerce_payments_multibanco","country":""}
2026-02-21T10:17:25+00:00 DEBUG Received invalid country code when getting provider links. Ignoring it. CONTEXT: {"gateway":"woocommerce_payments_grabpay","country":""}
2026-02-21T10:17:25+00:00 DEBUG Received invalid country code when getting provider links. Ignoring it. CONTEXT: {"gateway":"woocommerce_payments_alipay","country":""}
2026-02-21T10:17:25+00:00 DEBUG Received invalid country code when getting provider links. Ignoring it. CONTEXT: {"gateway":"woocommerce_payments_wechat_pay","country":""}
2026-02-21T18:43:49+00:00 DEBUG Received invalid country code when getting provider links. Ignoring it. CONTEXT: {"gateway":"woocommerce_payments","country":""}
2026-02-21T18:43:49+00:00 DEBUG Received invalid country code when getting provider links. Ignoring it. CONTEXT: {"gateway":"woocommerce_payments_bancontact","country":""}
2026-02-21T18:43:49+00:00 DEBUG Received invalid country code when getting provider links. Ignoring it. CONTEXT: {"gateway":"woocommerce_payments_sepa_debit","country":""}
2026-02-21T18:43:49+00:00 DEBUG Received invalid country code when getting provider links. Ignoring it. CONTEXT: {"gateway":"woocommerce_payments_giropay","country":""}
2026-02-21T18:43:49+00:00 DEBUG Received invalid country code when getting provider links. Ignoring it. CONTEXT: {"gateway":"woocommerce_payments_sofort","country":""}
2026-02-21T18:43:49+00:00 DEBUG Received invalid country code when getting provider links. Ignoring it. CONTEXT: {"gateway":"woocommerce_payments_p24","country":""}
2026-02-21T18:43:49+00:00 DEBUG Received invalid country code when getting provider links. Ignoring it. CONTEXT: {"gateway":"woocommerce_payments_ideal","country":""}
2026-02-21T18:43:49+00:00 DEBUG Received invalid country code when getting provider links. Ignoring it. CONTEXT: {"gateway":"woocommerce_payments_au_becs_debit","country":""}
2026-02-21T18:43:49+00:00 DEBUG Received invalid country code when getting provider links. Ignoring it. CONTEXT: {"gateway":"woocommerce_payments_eps","country":""}
2026-02-21T18:43:49+00:00 DEBUG Received invalid country code when getting provider links. Ignoring it. CONTEXT: {"gateway":"woocommerce_payments_affirm","country":""}
2026-02-21T18:43:49+00:00 DEBUG Received invalid country code when getting provider links. Ignoring it. CONTEXT: {"gateway":"woocommerce_payments_afterpay_clearpay","country":""}
2026-02-21T18:43:49+00:00 DEBUG Received invalid country code when getting provider links. Ignoring it. CONTEXT: {"gateway":"woocommerce_payments_klarna","country":""}
2026-02-21T18:43:49+00:00 DEBUG Received invalid country code when getting provider links. Ignoring it. CONTEXT: {"gateway":"woocommerce_payments_multibanco","country":""}
2026-02-21T18:43:49+00:00 DEBUG Received invalid country code when getting provider links. Ignoring it. CONTEXT: {"gateway":"woocommerce_payments_grabpay","country":""}
2026-02-21T18:43:49+00:00 DEBUG Received invalid country code when getting provider links. Ignoring it. CONTEXT: {"gateway":"woocommerce_payments_alipay","country":""}
2026-02-21T18:43:49+00:00 DEBUG Received invalid country code when getting provider links. Ignoring it. CONTEXT: {"gateway":"woocommerce_payments_wechat_pay","country":""}
2026-02-21T18:43:49+00:00 DEBUG Received invalid country code when getting provider links. Ignoring it. CONTEXT: {"gateway":"bacs","country":""}
2026-02-21T18:43:49+00:00 DEBUG Received invalid country code when getting provider links. Ignoring it. CONTEXT: {"gateway":"cheque","country":""}
2026-02-21T18:43:49+00:00 DEBUG Received invalid country code when getting provider links. Ignoring it. CONTEXT: {"gateway":"cod","country":""}
2026-02-21T18:43:49+00:00 DEBUG Received invalid country code when getting provider links. Ignoring it. CONTEXT: {"gateway":"ppcp-gateway","country":""}
2026-02-21T18:43:49+00:00 DEBUG Received invalid country code when getting provider links. Ignoring it. CONTEXT: {"gateway":"woocommerce_payments_bancontact","country":""}
2026-02-21T18:43:49+00:00 DEBUG Received invalid country code when getting provider links. Ignoring it. CONTEXT: {"gateway":"woocommerce_payments_sepa_debit","country":""}
2026-02-21T18:43:49+00:00 DEBUG Received invalid country code when getting provider links. Ignoring it. CONTEXT: {"gateway":"woocommerce_payments_giropay","country":""}
2026-02-21T18:43:49+00:00 DEBUG Received invalid country code when getting provider links. Ignoring it. CONTEXT: {"gateway":"woocommerce_payments_sofort","country":""}
2026-02-21T18:43:49+00:00 DEBUG Received invalid country code when getting provider links. Ignoring it. CONTEXT: {"gateway":"woocommerce_payments_p24","country":""}
2026-02-21T18:43:49+00:00 DEBUG Received invalid country code when getting provider links. Ignoring it. CONTEXT: {"gateway":"woocommerce_payments_ideal","country":""}
2026-02-21T18:43:49+00:00 DEBUG Received invalid country code when getting provider links. Ignoring it. CONTEXT: {"gateway":"woocommerce_payments_au_becs_debit","country":""}
2026-02-21T18:43:49+00:00 DEBUG Received invalid country code when getting provider links. Ignoring it. CONTEXT: {"gateway":"woocommerce_payments_eps","country":""}
2026-02-21T18:43:49+00:00 DEBUG Received invalid country code when getting provider links. Ignoring it. CONTEXT: {"gateway":"woocommerce_payments_affirm","country":""}
2026-02-21T18:43:49+00:00 DEBUG Received invalid country code when getting provider links. Ignoring it. CONTEXT: {"gateway":"woocommerce_payments_afterpay_clearpay","country":""}
2026-02-21T18:43:49+00:00 DEBUG Received invalid country code when getting provider links. Ignoring it. CONTEXT: {"gateway":"woocommerce_payments_klarna","country":""}
2026-02-21T18:43:49+00:00 DEBUG Received invalid country code when getting provider links. Ignoring it. CONTEXT: {"gateway":"woocommerce_payments_multibanco","country":""}
2026-02-21T18:43:49+00:00 DEBUG Received invalid country code when getting provider links. Ignoring it. CONTEXT: {"gateway":"woocommerce_payments_grabpay","country":""}
2026-02-21T18:43:49+00:00 DEBUG Received invalid country code when getting provider links. Ignoring it. CONTEXT: {"gateway":"woocommerce_payments_alipay","country":""}
2026-02-21T18:43:49+00:00 DEBUG Received invalid country code when getting provider links. Ignoring it. CONTEXT: {"gateway":"woocommerce_payments_wechat_pay","country":""}
2026-02-21T18:44:03+00:00 DEBUG Received invalid country code when getting provider links. Ignoring it. CONTEXT: {"gateway":"woocommerce_payments","country":""}
2026-02-21T18:44:03+00:00 DEBUG Received invalid country code when getting provider links. Ignoring it. CONTEXT: {"gateway":"woocommerce_payments_bancontact","country":""}
2026-02-21T18:44:03+00:00 DEBUG Received invalid country code when getting provider links. Ignoring it. CONTEXT: {"gateway":"woocommerce_payments_sepa_debit","country":""}
2026-02-21T18:44:03+00:00 DEBUG Received invalid country code when getting provider links. Ignoring it. CONTEXT: {"gateway":"woocommerce_payments_giropay","country":""}
2026-02-21T18:44:03+00:00 DEBUG Received invalid country code when getting provider links. Ignoring it. CONTEXT: {"gateway":"woocommerce_payments_sofort","country":""}
2026-02-21T18:44:03+00:00 DEBUG Received invalid country code when getting provider links. Ignoring it. CONTEXT: {"gateway":"woocommerce_payments_p24","country":""}
2026-02-21T18:44:03+00:00 DEBUG Received invalid country code when getting provider links. Ignoring it. CONTEXT: {"gateway":"woocommerce_payments_ideal","country":""}
2026-02-21T18:44:03+00:00 DEBUG Received invalid country code when getting provider links. Ignoring it. CONTEXT: {"gateway":"woocommerce_payments_au_becs_debit","country":""}
2026-02-21T18:44:03+00:00 DEBUG Received invalid country code when getting provider links. Ignoring it. CONTEXT: {"gateway":"woocommerce_payments_eps","country":""}
2026-02-21T18:44:03+00:00 DEBUG Received invalid country code when getting provider links. Ignoring it. CONTEXT: {"gateway":"woocommerce_payments_affirm","country":""}
2026-02-21T18:44:03+00:00 DEBUG Received invalid country code when getting provider links. Ignoring it. CONTEXT: {"gateway":"woocommerce_payments_afterpay_clearpay","country":""}
2026-02-21T18:44:03+00:00 DEBUG Received invalid country code when getting provider links. Ignoring it. CONTEXT: {"gateway":"woocommerce_payments_klarna","country":""}
2026-02-21T18:44:03+00:00 DEBUG Received invalid country code when getting provider links. Ignoring it. CONTEXT: {"gateway":"woocommerce_payments_multibanco","country":""}
2026-02-21T18:44:03+00:00 DEBUG Received invalid country code when getting provider links. Ignoring it. CONTEXT: {"gateway":"woocommerce_payments_grabpay","country":""}
2026-02-21T18:44:03+00:00 DEBUG Received invalid country code when getting provider links. Ignoring it. CONTEXT: {"gateway":"woocommerce_payments_alipay","country":""}
2026-02-21T18:44:03+00:00 DEBUG Received invalid country code when getting provider links. Ignoring it. CONTEXT: {"gateway":"woocommerce_payments_wechat_pay","country":""}
2026-02-21T18:44:03+00:00 DEBUG Received invalid country code when getting provider links. Ignoring it. CONTEXT: {"gateway":"bacs","country":""}
2026-02-21T18:44:03+00:00 DEBUG Received invalid country code when getting provider links. Ignoring it. CONTEXT: {"gateway":"cheque","country":""}
2026-02-21T18:44:03+00:00 DEBUG Received invalid country code when getting provider links. Ignoring it. CONTEXT: {"gateway":"cod","country":""}
2026-02-21T18:44:03+00:00 DEBUG Received invalid country code when getting provider links. Ignoring it. CONTEXT: {"gateway":"ppcp-gateway","country":""}
2026-02-21T18:44:03+00:00 DEBUG Received invalid country code when getting provider links. Ignoring it. CONTEXT: {"gateway":"woocommerce_payments_bancontact","country":""}
2026-02-21T18:44:03+00:00 DEBUG Received invalid country code when getting provider links. Ignoring it. CONTEXT: {"gateway":"woocommerce_payments_sepa_debit","country":""}
2026-02-21T18:44:03+00:00 DEBUG Received invalid country code when getting provider links. Ignoring it. CONTEXT: {"gateway":"woocommerce_payments_giropay","country":""}
2026-02-21T18:44:03+00:00 DEBUG Received invalid country code when getting provider links. Ignoring it. CONTEXT: {"gateway":"woocommerce_payments_sofort","country":""}
2026-02-21T18:44:03+00:00 DEBUG Received invalid country code when getting provider links. Ignoring it. CONTEXT: {"gateway":"woocommerce_payments_p24","country":""}
2026-02-21T18:44:03+00:00 DEBUG Received invalid country code when getting provider links. Ignoring it. CONTEXT: {"gateway":"woocommerce_payments_ideal","country":""}
2026-02-21T18:44:03+00:00 DEBUG Received invalid country code when getting provider links. Ignoring it. CONTEXT: {"gateway":"woocommerce_payments_au_becs_debit","country":""}
2026-02-21T18:44:03+00:00 DEBUG Received invalid country code when getting provider links. Ignoring it. CONTEXT: {"gateway":"woocommerce_payments_eps","country":""}
2026-02-21T18:44:03+00:00 DEBUG Received invalid country code when getting provider links. Ignoring it. CONTEXT: {"gateway":"woocommerce_payments_affirm","country":""}
2026-02-21T18:44:03+00:00 DEBUG Received invalid country code when getting provider links. Ignoring it. CONTEXT: {"gateway":"woocommerce_payments_afterpay_clearpay","country":""}
2026-02-21T18:44:03+00:00 DEBUG Received invalid country code when getting provider links. Ignoring it. CONTEXT: {"gateway":"woocommerce_payments_klarna","country":""}
2026-02-21T18:44:03+00:00 DEBUG Received invalid country code when getting provider links. Ignoring it. CONTEXT: {"gateway":"woocommerce_payments_multibanco","country":""}
2026-02-21T18:44:03+00:00 DEBUG Received invalid country code when getting provider links. Ignoring it. CONTEXT: {"gateway":"woocommerce_payments_grabpay","country":""}
2026-02-21T18:44:03+00:00 DEBUG Received invalid country code when getting provider links. Ignoring it. CONTEXT: {"gateway":"woocommerce_payments_alipay","country":""}
2026-02-21T18:44:03+00:00 DEBUG Received invalid country code when getting provider links. Ignoring it. CONTEXT: {"gateway":"woocommerce_payments_wechat_pay","country":""}
2026-02-21T18:44:03+00:00 DEBUG Received invalid country code when getting provider links. Ignoring it. CONTEXT: {"gateway":"woocommerce_payments","country":""}
2026-02-21T18:44:03+00:00 DEBUG Received invalid country code when getting provider links. Ignoring it. CONTEXT: {"gateway":"woocommerce_payments_bancontact","country":""}
2026-02-21T18:44:03+00:00 DEBUG Received invalid country code when getting provider links. Ignoring it. CONTEXT: {"gateway":"woocommerce_payments_sepa_debit","country":""}
2026-02-21T18:44:03+00:00 DEBUG Received invalid country code when getting provider links. Ignoring it. CONTEXT: {"gateway":"woocommerce_payments_giropay","country":""}
2026-02-21T18:44:03+00:00 DEBUG Received invalid country code when getting provider links. Ignoring it. CONTEXT: {"gateway":"woocommerce_payments_sofort","country":""}
2026-02-21T18:44:03+00:00 DEBUG Received invalid country code when getting provider links. Ignoring it. CONTEXT: {"gateway":"woocommerce_payments_p24","country":""}
2026-02-21T18:44:03+00:00 DEBUG Received invalid country code when getting provider links. Ignoring it. CONTEXT: {"gateway":"woocommerce_payments_ideal","country":""}
2026-02-21T18:44:03+00:00 DEBUG Received invalid country code when getting provider links. Ignoring it. CONTEXT: {"gateway":"woocommerce_payments_au_becs_debit","country":""}
2026-02-21T18:44:03+00:00 DEBUG Received invalid country code when getting provider links. Ignoring it. CONTEXT: {"gateway":"woocommerce_payments_eps","country":""}
2026-02-21T18:44:03+00:00 DEBUG Received invalid country code when getting provider links. Ignoring it. CONTEXT: {"gateway":"woocommerce_payments_affirm","country":""}
2026-02-21T18:44:03+00:00 DEBUG Received invalid country code when getting provider links. Ignoring it. CONTEXT: {"gateway":"woocommerce_payments_afterpay_clearpay","country":""}
2026-02-21T18:44:03+00:00 DEBUG Received invalid country code when getting provider links. Ignoring it. CONTEXT: {"gateway":"woocommerce_payments_klarna","country":""}
2026-02-21T18:44:03+00:00 DEBUG Received invalid country code when getting provider links. Ignoring it. CONTEXT: {"gateway":"woocommerce_payments_multibanco","country":""}
2026-02-21T18:44:03+00:00 DEBUG Received invalid country code when getting provider links. Ignoring it. CONTEXT: {"gateway":"woocommerce_payments_grabpay","country":""}
2026-02-21T18:44:03+00:00 DEBUG Received invalid country code when getting provider links. Ignoring it. CONTEXT: {"gateway":"woocommerce_payments_alipay","country":""}
2026-02-21T18:44:03+00:00 DEBUG Received invalid country code when getting provider links. Ignoring it. CONTEXT: {"gateway":"woocommerce_payments_wechat_pay","country":""}
2026-02-21T18:44:03+00:00 DEBUG Received invalid country code when getting provider links. Ignoring it. CONTEXT: {"gateway":"bacs","country":""}
2026-02-21T18:44:03+00:00 DEBUG Received invalid country code when getting provider links. Ignoring it. CONTEXT: {"gateway":"cheque","country":""}
2026-02-21T18:44:03+00:00 DEBUG Received invalid country code when getting provider links. Ignoring it. CONTEXT: {"gateway":"cod","country":""}
2026-02-21T18:44:03+00:00 DEBUG Received invalid country code when getting provider links. Ignoring it. CONTEXT: {"gateway":"ppcp-gateway","country":""}
2026-02-21T18:44:03+00:00 DEBUG Received invalid country code when getting provider links. Ignoring it. CONTEXT: {"gateway":"woocommerce_payments_bancontact","country":""}
2026-02-21T18:44:03+00:00 DEBUG Received invalid country code when getting provider links. Ignoring it. CONTEXT: {"gateway":"woocommerce_payments_sepa_debit","country":""}
2026-02-21T18:44:03+00:00 DEBUG Received invalid country code when getting provider links. Ignoring it. CONTEXT: {"gateway":"woocommerce_payments_giropay","country":""}
2026-02-21T18:44:03+00:00 DEBUG Received invalid country code when getting provider links. Ignoring it. CONTEXT: {"gateway":"woocommerce_payments_sofort","country":""}
2026-02-21T18:44:03+00:00 DEBUG Received invalid country code when getting provider links. Ignoring it. CONTEXT: {"gateway":"woocommerce_payments_p24","country":""}
2026-02-21T18:44:03+00:00 DEBUG Received invalid country code when getting provider links. Ignoring it. CONTEXT: {"gateway":"woocommerce_payments_ideal","country":""}
2026-02-21T18:44:03+00:00 DEBUG Received invalid country code when getting provider links. Ignoring it. CONTEXT: {"gateway":"woocommerce_payments_au_becs_debit","country":""}
2026-02-21T18:44:03+00:00 DEBUG Received invalid country code when getting provider links. Ignoring it. CONTEXT: {"gateway":"woocommerce_payments_eps","country":""}
2026-02-21T18:44:03+00:00 DEBUG Received invalid country code when getting provider links. Ignoring it. CONTEXT: {"gateway":"woocommerce_payments_affirm","country":""}
2026-02-21T18:44:03+00:00 DEBUG Received invalid country code when getting provider links. Ignoring it. CONTEXT: {"gateway":"woocommerce_payments_afterpay_clearpay","country":""}
2026-02-21T18:44:03+00:00 DEBUG Received invalid country code when getting provider links. Ignoring it. CONTEXT: {"gateway":"woocommerce_payments_klarna","country":""}
2026-02-21T18:44:03+00:00 DEBUG Received invalid country code when getting provider links. Ignoring it. CONTEXT: {"gateway":"woocommerce_payments_multibanco","country":""}
2026-02-21T18:44:03+00:00 DEBUG Received invalid country code when getting provider links. Ignoring it. CONTEXT: {"gateway":"woocommerce_payments_grabpay","country":""}
2026-02-21T18:44:03+00:00 DEBUG Received invalid country code when getting provider links. Ignoring it. CONTEXT: {"gateway":"woocommerce_payments_alipay","country":""}
2026-02-21T18:44:03+00:00 DEBUG Received invalid country code when getting provider links. Ignoring it. CONTEXT: {"gateway":"woocommerce_payments_wechat_pay","country":""}
2026-02-21T18:44:03+00:00 DEBUG Received invalid country code when getting provider links. Ignoring it. CONTEXT: {"gateway":"woocommerce_payments","country":""}
2026-02-21T18:44:03+00:00 DEBUG Received invalid country code when getting provider links. Ignoring it. CONTEXT: {"gateway":"woocommerce_payments_bancontact","country":""}
2026-02-21T18:44:03+00:00 DEBUG Received invalid country code when getting provider links. Ignoring it. CONTEXT: {"gateway":"woocommerce_payments_sepa_debit","country":""}
2026-02-21T18:44:03+00:00 DEBUG Received invalid country code when getting provider links. Ignoring it. CONTEXT: {"gateway":"woocommerce_payments_giropay","country":""}
2026-02-21T18:44:03+00:00 DEBUG Received invalid country code when getting provider links. Ignoring it. CONTEXT: {"gateway":"woocommerce_payments_sofort","country":""}
2026-02-21T18:44:03+00:00 DEBUG Received invalid country code when getting provider links. Ignoring it. CONTEXT: {"gateway":"woocommerce_payments_p24","country":""}
2026-02-21T18:44:03+00:00 DEBUG Received invalid country code when getting provider links. Ignoring it. CONTEXT: {"gateway":"woocommerce_payments_ideal","country":""}
2026-02-21T18:44:03+00:00 DEBUG Received invalid country code when getting provider links. Ignoring it. CONTEXT: {"gateway":"woocommerce_payments_au_becs_debit","country":""}
2026-02-21T18:44:04+00:00 DEBUG Received invalid country code when getting provider links. Ignoring it. CONTEXT: {"gateway":"woocommerce_payments_eps","country":""}
2026-02-21T18:44:04+00:00 DEBUG Received invalid country code when getting provider links. Ignoring it. CONTEXT: {"gateway":"woocommerce_payments_affirm","country":""}
2026-02-21T18:44:04+00:00 DEBUG Received invalid country code when getting provider links. Ignoring it. CONTEXT: {"gateway":"woocommerce_payments_afterpay_clearpay","country":""}
2026-02-21T18:44:04+00:00 DEBUG Received invalid country code when getting provider links. Ignoring it. CONTEXT: {"gateway":"woocommerce_payments_klarna","country":""}
2026-02-21T18:44:04+00:00 DEBUG Received invalid country code when getting provider links. Ignoring it. CONTEXT: {"gateway":"woocommerce_payments_multibanco","country":""}
2026-02-21T18:44:04+00:00 DEBUG Received invalid country code when getting provider links. Ignoring it. CONTEXT: {"gateway":"woocommerce_payments_grabpay","country":""}
2026-02-21T18:44:04+00:00 DEBUG Received invalid country code when getting provider links. Ignoring it. CONTEXT: {"gateway":"woocommerce_payments_alipay","country":""}
2026-02-21T18:44:04+00:00 DEBUG Received invalid country code when getting provider links. Ignoring it. CONTEXT: {"gateway":"woocommerce_payments_wechat_pay","country":""}
2026-02-21T18:44:04+00:00 DEBUG Received invalid country code when getting provider links. Ignoring it. CONTEXT: {"gateway":"bacs","country":""}
2026-02-21T18:44:04+00:00 DEBUG Received invalid country code when getting provider links. Ignoring it. CONTEXT: {"gateway":"cheque","country":""}
2026-02-21T18:44:04+00:00 DEBUG Received invalid country code when getting provider links. Ignoring it. CONTEXT: {"gateway":"cod","country":""}
2026-02-21T18:44:04+00:00 DEBUG Received invalid country code when getting provider links. Ignoring it. CONTEXT: {"gateway":"ppcp-gateway","country":""}
2026-02-21T18:44:04+00:00 DEBUG Received invalid country code when getting provider links. Ignoring it. CONTEXT: {"gateway":"woocommerce_payments_bancontact","country":""}
2026-02-21T18:44:04+00:00 DEBUG Received invalid country code when getting provider links. Ignoring it. CONTEXT: {"gateway":"woocommerce_payments_sepa_debit","country":""}
2026-02-21T18:44:04+00:00 DEBUG Received invalid country code when getting provider links. Ignoring it. CONTEXT: {"gateway":"woocommerce_payments_giropay","country":""}
2026-02-21T18:44:04+00:00 DEBUG Received invalid country code when getting provider links. Ignoring it. CONTEXT: {"gateway":"woocommerce_payments_sofort","country":""}
2026-02-21T18:44:04+00:00 DEBUG Received invalid country code when getting provider links. Ignoring it. CONTEXT: {"gateway":"woocommerce_payments_p24","country":""}
2026-02-21T18:44:04+00:00 DEBUG Received invalid country code when getting provider links. Ignoring it. CONTEXT: {"gateway":"woocommerce_payments_ideal","country":""}
2026-02-21T18:44:04+00:00 DEBUG Received invalid country code when getting provider links. Ignoring it. CONTEXT: {"gateway":"woocommerce_payments_au_becs_debit","country":""}
2026-02-21T18:44:04+00:00 DEBUG Received invalid country code when getting provider links. Ignoring it. CONTEXT: {"gateway":"woocommerce_payments_eps","country":""}
2026-02-21T18:44:04+00:00 DEBUG Received invalid country code when getting provider links. Ignoring it. CONTEXT: {"gateway":"woocommerce_payments_affirm","country":""}
2026-02-21T18:44:04+00:00 DEBUG Received invalid country code when getting provider links. Ignoring it. CONTEXT: {"gateway":"woocommerce_payments_afterpay_clearpay","country":""}
2026-02-21T18:44:04+00:00 DEBUG Received invalid country code when getting provider links. Ignoring it. CONTEXT: {"gateway":"woocommerce_payments_klarna","country":""}
2026-02-21T18:44:04+00:00 DEBUG Received invalid country code when getting provider links. Ignoring it. CONTEXT: {"gateway":"woocommerce_payments_multibanco","country":""}
2026-02-21T18:44:04+00:00 DEBUG Received invalid country code when getting provider links. Ignoring it. CONTEXT: {"gateway":"woocommerce_payments_grabpay","country":""}
2026-02-21T18:44:04+00:00 DEBUG Received invalid country code when getting provider links. Ignoring it. CONTEXT: {"gateway":"woocommerce_payments_alipay","country":""}
2026-02-21T18:44:04+00:00 DEBUG Received invalid country code when getting provider links. Ignoring it. CONTEXT: {"gateway":"woocommerce_payments_wechat_pay","country":""}
2026-02-21T18:44:04+00:00 DEBUG Received invalid country code when getting provider links. Ignoring it. CONTEXT: {"gateway":"woocommerce_payments","country":""}
2026-02-21T18:44:04+00:00 DEBUG Received invalid country code when getting provider links. Ignoring it. CONTEXT: {"gateway":"woocommerce_payments_bancontact","country":""}
2026-02-21T18:44:04+00:00 DEBUG Received invalid country code when getting provider links. Ignoring it. CONTEXT: {"gateway":"woocommerce_payments_sepa_debit","country":""}
2026-02-21T18:44:04+00:00 DEBUG Received invalid country code when getting provider links. Ignoring it. CONTEXT: {"gateway":"woocommerce_payments_giropay","country":""}
2026-02-21T18:44:04+00:00 DEBUG Received invalid country code when getting provider links. Ignoring it. CONTEXT: {"gateway":"woocommerce_payments_sofort","country":""}
2026-02-21T18:44:04+00:00 DEBUG Received invalid country code when getting provider links. Ignoring it. CONTEXT: {"gateway":"woocommerce_payments_p24","country":""}
2026-02-21T18:44:04+00:00 DEBUG Received invalid country code when getting provider links. Ignoring it. CONTEXT: {"gateway":"woocommerce_payments_ideal","country":""}
2026-02-21T18:44:04+00:00 DEBUG Received invalid country code when getting provider links. Ignoring it. CONTEXT: {"gateway":"woocommerce_payments_au_becs_debit","country":""}
2026-02-21T18:44:04+00:00 DEBUG Received invalid country code when getting provider links. Ignoring it. CONTEXT: {"gateway":"woocommerce_payments_eps","country":""}
2026-02-21T18:44:04+00:00 DEBUG Received invalid country code when getting provider links. Ignoring it. CONTEXT: {"gateway":"woocommerce_payments_affirm","country":""}
2026-02-21T18:44:04+00:00 DEBUG Received invalid country code when getting provider links. Ignoring it. CONTEXT: {"gateway":"woocommerce_payments_afterpay_clearpay","country":""}
2026-02-21T18:44:04+00:00 DEBUG Received invalid country code when getting provider links. Ignoring it. CONTEXT: {"gateway":"woocommerce_payments_klarna","country":""}
2026-02-21T18:44:04+00:00 DEBUG Received invalid country code when getting provider links. Ignoring it. CONTEXT: {"gateway":"woocommerce_payments_multibanco","country":""}
2026-02-21T18:44:04+00:00 DEBUG Received invalid country code when getting provider links. Ignoring it. CONTEXT: {"gateway":"woocommerce_payments_grabpay","country":""}
2026-02-21T18:44:04+00:00 DEBUG Received invalid country code when getting provider links. Ignoring it. CONTEXT: {"gateway":"woocommerce_payments_alipay","country":""}
2026-02-21T18:44:04+00:00 DEBUG Received invalid country code when getting provider links. Ignoring it. CONTEXT: {"gateway":"woocommerce_payments_wechat_pay","country":""}
2026-02-21T18:44:04+00:00 DEBUG Received invalid country code when getting provider links. Ignoring it. CONTEXT: {"gateway":"bacs","country":""}
2026-02-21T18:44:04+00:00 DEBUG Received invalid country code when getting provider links. Ignoring it. CONTEXT: {"gateway":"cheque","country":""}
2026-02-21T18:44:04+00:00 DEBUG Received invalid country code when getting provider links. Ignoring it. CONTEXT: {"gateway":"cod","country":""}
2026-02-21T18:44:04+00:00 DEBUG Received invalid country code when getting provider links. Ignoring it. CONTEXT: {"gateway":"ppcp-gateway","country":""}
2026-02-21T18:44:04+00:00 DEBUG Received invalid country code when getting provider links. Ignoring it. CONTEXT: {"gateway":"woocommerce_payments_bancontact","country":""}
2026-02-21T18:44:04+00:00 DEBUG Received invalid country code when getting provider links. Ignoring it. CONTEXT: {"gateway":"woocommerce_payments_sepa_debit","country":""}
2026-02-21T18:44:04+00:00 DEBUG Received invalid country code when getting provider links. Ignoring it. CONTEXT: {"gateway":"woocommerce_payments_giropay","country":""}
2026-02-21T18:44:04+00:00 DEBUG Received invalid country code when getting provider links. Ignoring it. CONTEXT: {"gateway":"woocommerce_payments_sofort","country":""}
2026-02-21T18:44:04+00:00 DEBUG Received invalid country code when getting provider links. Ignoring it. CONTEXT: {"gateway":"woocommerce_payments_p24","country":""}
2026-02-21T18:44:04+00:00 DEBUG Received invalid country code when getting provider links. Ignoring it. CONTEXT: {"gateway":"woocommerce_payments_ideal","country":""}
2026-02-21T18:44:04+00:00 DEBUG Received invalid country code when getting provider links. Ignoring it. CONTEXT: {"gateway":"woocommerce_payments_au_becs_debit","country":""}
2026-02-21T18:44:04+00:00 DEBUG Received invalid country code when getting provider links. Ignoring it. CONTEXT: {"gateway":"woocommerce_payments_eps","country":""}
2026-02-21T18:44:04+00:00 DEBUG Received invalid country code when getting provider links. Ignoring it. CONTEXT: {"gateway":"woocommerce_payments_affirm","country":""}
2026-02-21T18:44:04+00:00 DEBUG Received invalid country code when getting provider links. Ignoring it. CONTEXT: {"gateway":"woocommerce_payments_afterpay_clearpay","country":""}
2026-02-21T18:44:04+00:00 DEBUG Received invalid country code when getting provider links. Ignoring it. CONTEXT: {"gateway":"woocommerce_payments_klarna","country":""}
2026-02-21T18:44:04+00:00 DEBUG Received invalid country code when getting provider links. Ignoring it. CONTEXT: {"gateway":"woocommerce_payments_multibanco","country":""}
2026-02-21T18:44:04+00:00 DEBUG Received invalid country code when getting provider links. Ignoring it. CONTEXT: {"gateway":"woocommerce_payments_grabpay","country":""}
2026-02-21T18:44:04+00:00 DEBUG Received invalid country code when getting provider links. Ignoring it. CONTEXT: {"gateway":"woocommerce_payments_alipay","country":""}
2026-02-21T18:44:04+00:00 DEBUG Received invalid country code when getting provider links. Ignoring it. CONTEXT: {"gateway":"woocommerce_payments_wechat_pay","country":""}
2026-02-21T18:44:04+00:00 DEBUG Received invalid country code when getting provider links. Ignoring it. CONTEXT: {"gateway":"woocommerce_payments","country":""}
2026-02-21T18:44:04+00:00 DEBUG Received invalid country code when getting provider links. Ignoring it. CONTEXT: {"gateway":"woocommerce_payments_bancontact","country":""}
2026-02-21T18:44:04+00:00 DEBUG Received invalid country code when getting provider links. Ignoring it. CONTEXT: {"gateway":"woocommerce_payments_sepa_debit","country":""}
2026-02-21T18:44:04+00:00 DEBUG Received invalid country code when getting provider links. Ignoring it. CONTEXT: {"gateway":"woocommerce_payments_giropay","country":""}
2026-02-21T18:44:04+00:00 DEBUG Received invalid country code when getting provider links. Ignoring it. CONTEXT: {"gateway":"woocommerce_payments_sofort","country":""}
2026-02-21T18:44:04+00:00 DEBUG Received invalid country code when getting provider links. Ignoring it. CONTEXT: {"gateway":"woocommerce_payments_p24","country":""}
2026-02-21T18:44:04+00:00 DEBUG Received invalid country code when getting provider links. Ignoring it. CONTEXT: {"gateway":"woocommerce_payments_ideal","country":""}
2026-02-21T18:44:04+00:00 DEBUG Received invalid country code when getting provider links. Ignoring it. CONTEXT: {"gateway":"woocommerce_payments_au_becs_debit","country":""}
2026-02-21T18:44:04+00:00 DEBUG Received invalid country code when getting provider links. Ignoring it. CONTEXT: {"gateway":"woocommerce_payments_eps","country":""}
2026-02-21T18:44:04+00:00 DEBUG Received invalid country code when getting provider links. Ignoring it. CONTEXT: {"gateway":"woocommerce_payments_affirm","country":""}
2026-02-21T18:44:04+00:00 DEBUG Received invalid country code when getting provider links. Ignoring it. CONTEXT: {"gateway":"woocommerce_payments_afterpay_clearpay","country":""}
2026-02-21T18:44:04+00:00 DEBUG Received invalid country code when getting provider links. Ignoring it. CONTEXT: {"gateway":"woocommerce_payments_klarna","country":""}
2026-02-21T18:44:04+00:00 DEBUG Received invalid country code when getting provider links. Ignoring it. CONTEXT: {"gateway":"woocommerce_payments_multibanco","country":""}
2026-02-21T18:44:04+00:00 DEBUG Received invalid country code when getting provider links. Ignoring it. CONTEXT: {"gateway":"woocommerce_payments_grabpay","country":""}
2026-02-21T18:44:04+00:00 DEBUG Received invalid country code when getting provider links. Ignoring it. CONTEXT: {"gateway":"woocommerce_payments_alipay","country":""}
2026-02-21T18:44:04+00:00 DEBUG Received invalid country code when getting provider links. Ignoring it. CONTEXT: {"gateway":"woocommerce_payments_wechat_pay","country":""}
2026-02-21T18:44:04+00:00 DEBUG Received invalid country code when getting provider links. Ignoring it. CONTEXT: {"gateway":"bacs","country":""}
2026-02-21T18:44:04+00:00 DEBUG Received invalid country code when getting provider links. Ignoring it. CONTEXT: {"gateway":"cheque","country":""}
2026-02-21T18:44:04+00:00 DEBUG Received invalid country code when getting provider links. Ignoring it. CONTEXT: {"gateway":"cod","country":""}
2026-02-21T18:44:04+00:00 DEBUG Received invalid country code when getting provider links. Ignoring it. CONTEXT: {"gateway":"ppcp-gateway","country":""}
2026-02-21T18:44:04+00:00 DEBUG Received invalid country code when getting provider links. Ignoring it. CONTEXT: {"gateway":"woocommerce_payments_bancontact","country":""}
2026-02-21T18:44:04+00:00 DEBUG Received invalid country code when getting provider links. Ignoring it. CONTEXT: {"gateway":"woocommerce_payments_sepa_debit","country":""}
2026-02-21T18:44:04+00:00 DEBUG Received invalid country code when getting provider links. Ignoring it. CONTEXT: {"gateway":"woocommerce_payments_giropay","country":""}
2026-02-21T18:44:04+00:00 DEBUG Received invalid country code when getting provider links. Ignoring it. CONTEXT: {"gateway":"woocommerce_payments_sofort","country":""}
2026-02-21T18:44:04+00:00 DEBUG Received invalid country code when getting provider links. Ignoring it. CONTEXT: {"gateway":"woocommerce_payments_p24","country":""}
2026-02-21T18:44:04+00:00 DEBUG Received invalid country code when getting provider links. Ignoring it. CONTEXT: {"gateway":"woocommerce_payments_ideal","country":""}
2026-02-21T18:44:04+00:00 DEBUG Received invalid country code when getting provider links. Ignoring it. CONTEXT: {"gateway":"woocommerce_payments_au_becs_debit","country":""}
2026-02-21T18:44:04+00:00 DEBUG Received invalid country code when getting provider links. Ignoring it. CONTEXT: {"gateway":"woocommerce_payments_eps","country":""}
2026-02-21T18:44:04+00:00 DEBUG Received invalid country code when getting provider links. Ignoring it. CONTEXT: {"gateway":"woocommerce_payments_affirm","country":""}
2026-02-21T18:44:04+00:00 DEBUG Received invalid country code when getting provider links. Ignoring it. CONTEXT: {"gateway":"woocommerce_payments_afterpay_clearpay","country":""}
2026-02-21T18:44:04+00:00 DEBUG Received invalid country code when getting provider links. Ignoring it. CONTEXT: {"gateway":"woocommerce_payments_klarna","country":""}
2026-02-21T18:44:04+00:00 DEBUG Received invalid country code when getting provider links. Ignoring it. CONTEXT: {"gateway":"woocommerce_payments_multibanco","country":""}
2026-02-21T18:44:04+00:00 DEBUG Received invalid country code when getting provider links. Ignoring it. CONTEXT: {"gateway":"woocommerce_payments_grabpay","country":""}
2026-02-21T18:44:04+00:00 DEBUG Received invalid country code when getting provider links. Ignoring it. CONTEXT: {"gateway":"woocommerce_payments_alipay","country":""}
2026-02-21T18:44:04+00:00 DEBUG Received invalid country code when getting provider links. Ignoring it. CONTEXT: {"gateway":"woocommerce_payments_wechat_pay","country":""}
2026-02-21T18:44:04+00:00 DEBUG Received invalid country code when getting provider links. Ignoring it. CONTEXT: {"gateway":"woocommerce_payments","country":""}
2026-02-21T18:44:04+00:00 DEBUG Received invalid country code when getting provider links. Ignoring it. CONTEXT: {"gateway":"woocommerce_payments_bancontact","country":""}
2026-02-21T18:44:04+00:00 DEBUG Received invalid country code when getting provider links. Ignoring it. CONTEXT: {"gateway":"woocommerce_payments_sepa_debit","country":""}
2026-02-21T18:44:04+00:00 DEBUG Received invalid country code when getting provider links. Ignoring it. CONTEXT: {"gateway":"woocommerce_payments_giropay","country":""}
2026-02-21T18:44:04+00:00 DEBUG Received invalid country code when getting provider links. Ignoring it. CONTEXT: {"gateway":"woocommerce_payments_sofort","country":""}
2026-02-21T18:44:04+00:00 DEBUG Received invalid country code when getting provider links. Ignoring it. CONTEXT: {"gateway":"woocommerce_payments_p24","country":""}
2026-02-21T18:44:04+00:00 DEBUG Received invalid country code when getting provider links. Ignoring it. CONTEXT: {"gateway":"woocommerce_payments_ideal","country":""}
2026-02-21T18:44:04+00:00 DEBUG Received invalid country code when getting provider links. Ignoring it. CONTEXT: {"gateway":"woocommerce_payments_au_becs_debit","country":""}
2026-02-21T18:44:04+00:00 DEBUG Received invalid country code when getting provider links. Ignoring it. CONTEXT: {"gateway":"woocommerce_payments_eps","country":""}
2026-02-21T18:44:04+00:00 DEBUG Received invalid country code when getting provider links. Ignoring it. CONTEXT: {"gateway":"woocommerce_payments_affirm","country":""}
2026-02-21T18:44:04+00:00 DEBUG Received invalid country code when getting provider links. Ignoring it. CONTEXT: {"gateway":"woocommerce_payments_afterpay_clearpay","country":""}
2026-02-21T18:44:04+00:00 DEBUG Received invalid country code when getting provider links. Ignoring it. CONTEXT: {"gateway":"woocommerce_payments_klarna","country":""}
2026-02-21T18:44:04+00:00 DEBUG Received invalid country code when getting provider links. Ignoring it. CONTEXT: {"gateway":"woocommerce_payments_multibanco","country":""}
2026-02-21T18:44:04+00:00 DEBUG Received invalid country code when getting provider links. Ignoring it. CONTEXT: {"gateway":"woocommerce_payments_grabpay","country":""}
2026-02-21T18:44:04+00:00 DEBUG Received invalid country code when getting provider links. Ignoring it. CONTEXT: {"gateway":"woocommerce_payments_alipay","country":""}
2026-02-21T18:44:04+00:00 DEBUG Received invalid country code when getting provider links. Ignoring it. CONTEXT: {"gateway":"woocommerce_payments_wechat_pay","country":""}
2026-02-21T18:44:04+00:00 DEBUG Received invalid country code when getting provider links. Ignoring it. CONTEXT: {"gateway":"bacs","country":""}
2026-02-21T18:44:04+00:00 DEBUG Received invalid country code when getting provider links. Ignoring it. CONTEXT: {"gateway":"cheque","country":""}
2026-02-21T18:44:04+00:00 DEBUG Received invalid country code when getting provider links. Ignoring it. CONTEXT: {"gateway":"cod","country":""}
2026-02-21T18:44:04+00:00 DEBUG Received invalid country code when getting provider links. Ignoring it. CONTEXT: {"gateway":"ppcp-gateway","country":""}
2026-02-21T18:44:04+00:00 DEBUG Received invalid country code when getting provider links. Ignoring it. CONTEXT: {"gateway":"woocommerce_payments_bancontact","country":""}
2026-02-21T18:44:04+00:00 DEBUG Received invalid country code when getting provider links. Ignoring it. CONTEXT: {"gateway":"woocommerce_payments_sepa_debit","country":""}
2026-02-21T18:44:04+00:00 DEBUG Received invalid country code when getting provider links. Ignoring it. CONTEXT: {"gateway":"woocommerce_payments_giropay","country":""}
2026-02-21T18:44:04+00:00 DEBUG Received invalid country code when getting provider links. Ignoring it. CONTEXT: {"gateway":"woocommerce_payments_sofort","country":""}
2026-02-21T18:44:04+00:00 DEBUG Received invalid country code when getting provider links. Ignoring it. CONTEXT: {"gateway":"woocommerce_payments_p24","country":""}
2026-02-21T18:44:04+00:00 DEBUG Received invalid country code when getting provider links. Ignoring it. CONTEXT: {"gateway":"woocommerce_payments_ideal","country":""}
2026-02-21T18:44:04+00:00 DEBUG Received invalid country code when getting provider links. Ignoring it. CONTEXT: {"gateway":"woocommerce_payments_au_becs_debit","country":""}
2026-02-21T18:44:04+00:00 DEBUG Received invalid country code when getting provider links. Ignoring it. CONTEXT: {"gateway":"woocommerce_payments_eps","country":""}
2026-02-21T18:44:04+00:00 DEBUG Received invalid country code when getting provider links. Ignoring it. CONTEXT: {"gateway":"woocommerce_payments_affirm","country":""}
2026-02-21T18:44:04+00:00 DEBUG Received invalid country code when getting provider links. Ignoring it. CONTEXT: {"gateway":"woocommerce_payments_afterpay_clearpay","country":""}
2026-02-21T18:44:04+00:00 DEBUG Received invalid country code when getting provider links. Ignoring it. CONTEXT: {"gateway":"woocommerce_payments_klarna","country":""}
2026-02-21T18:44:04+00:00 DEBUG Received invalid country code when getting provider links. Ignoring it. CONTEXT: {"gateway":"woocommerce_payments_multibanco","country":""}
2026-02-21T18:44:04+00:00 DEBUG Received invalid country code when getting provider links. Ignoring it. CONTEXT: {"gateway":"woocommerce_payments_grabpay","country":""}
2026-02-21T18:44:04+00:00 DEBUG Received invalid country code when getting provider links. Ignoring it. CONTEXT: {"gateway":"woocommerce_payments_alipay","country":""}
2026-02-21T18:44:04+00:00 DEBUG Received invalid country code when getting provider links. Ignoring it. CONTEXT: {"gateway":"woocommerce_payments_wechat_pay","country":""}
2026-02-21T18:44:04+00:00 DEBUG Received invalid country code when getting provider links. Ignoring it. CONTEXT: {"gateway":"woocommerce_payments","country":""}
2026-02-21T18:44:04+00:00 DEBUG Received invalid country code when getting provider links. Ignoring it. CONTEXT: {"gateway":"woocommerce_payments_bancontact","country":""}
2026-02-21T18:44:04+00:00 DEBUG Received invalid country code when getting provider links. Ignoring it. CONTEXT: {"gateway":"woocommerce_payments_sepa_debit","country":""}
2026-02-21T18:44:04+00:00 DEBUG Received invalid country code when getting provider links. Ignoring it. CONTEXT: {"gateway":"woocommerce_payments_giropay","country":""}
2026-02-21T18:44:04+00:00 DEBUG Received invalid country code when getting provider links. Ignoring it. CONTEXT: {"gateway":"woocommerce_payments_sofort","country":""}
2026-02-21T18:44:04+00:00 DEBUG Received invalid country code when getting provider links. Ignoring it. CONTEXT: {"gateway":"woocommerce_payments_p24","country":""}
2026-02-21T18:44:04+00:00 DEBUG Received invalid country code when getting provider links. Ignoring it. CONTEXT: {"gateway":"woocommerce_payments_ideal","country":""}
2026-02-21T18:44:04+00:00 DEBUG Received invalid country code when getting provider links. Ignoring it. CONTEXT: {"gateway":"woocommerce_payments_au_becs_debit","country":""}
2026-02-21T18:44:04+00:00 DEBUG Received invalid country code when getting provider links. Ignoring it. CONTEXT: {"gateway":"woocommerce_payments_eps","country":""}
2026-02-21T18:44:04+00:00 DEBUG Received invalid country code when getting provider links. Ignoring it. CONTEXT: {"gateway":"woocommerce_payments_affirm","country":""}
2026-02-21T18:44:04+00:00 DEBUG Received invalid country code when getting provider links. Ignoring it. CONTEXT: {"gateway":"woocommerce_payments_afterpay_clearpay","country":""}
2026-02-21T18:44:04+00:00 DEBUG Received invalid country code when getting provider links. Ignoring it. CONTEXT: {"gateway":"woocommerce_payments_klarna","country":""}
2026-02-21T18:44:04+00:00 DEBUG Received invalid country code when getting provider links. Ignoring it. CONTEXT: {"gateway":"woocommerce_payments_multibanco","country":""}
2026-02-21T18:44:04+00:00 DEBUG Received invalid country code when getting provider links. Ignoring it. CONTEXT: {"gateway":"woocommerce_payments_grabpay","country":""}
2026-02-21T18:44:04+00:00 DEBUG Received invalid country code when getting provider links. Ignoring it. CONTEXT: {"gateway":"woocommerce_payments_alipay","country":""}
2026-02-21T18:44:04+00:00 DEBUG Received invalid country code when getting provider links. Ignoring it. CONTEXT: {"gateway":"woocommerce_payments_wechat_pay","country":""}
2026-02-21T18:44:04+00:00 DEBUG Received invalid country code when getting provider links. Ignoring it. CONTEXT: {"gateway":"bacs","country":""}
2026-02-21T18:44:04+00:00 DEBUG Received invalid country code when getting provider links. Ignoring it. CONTEXT: {"gateway":"cheque","country":""}
2026-02-21T18:44:04+00:00 DEBUG Received invalid country code when getting provider links. Ignoring it. CONTEXT: {"gateway":"cod","country":""}
2026-02-21T18:44:04+00:00 DEBUG Received invalid country code when getting provider links. Ignoring it. CONTEXT: {"gateway":"ppcp-gateway","country":""}
2026-02-21T18:44:04+00:00 DEBUG Received invalid country code when getting provider links. Ignoring it. CONTEXT: {"gateway":"woocommerce_payments_bancontact","country":""}
2026-02-21T18:44:04+00:00 DEBUG Received invalid country code when getting provider links. Ignoring it. CONTEXT: {"gateway":"woocommerce_payments_sepa_debit","country":""}
2026-02-21T18:44:04+00:00 DEBUG Received invalid country code when getting provider links. Ignoring it. CONTEXT: {"gateway":"woocommerce_payments_giropay","country":""}
2026-02-21T18:44:04+00:00 DEBUG Received invalid country code when getting provider links. Ignoring it. CONTEXT: {"gateway":"woocommerce_payments_sofort","country":""}
2026-02-21T18:44:04+00:00 DEBUG Received invalid country code when getting provider links. Ignoring it. CONTEXT: {"gateway":"woocommerce_payments_p24","country":""}
2026-02-21T18:44:04+00:00 DEBUG Received invalid country code when getting provider links. Ignoring it. CONTEXT: {"gateway":"woocommerce_payments_ideal","country":""}
2026-02-21T18:44:04+00:00 DEBUG Received invalid country code when getting provider links. Ignoring it. CONTEXT: {"gateway":"woocommerce_payments_au_becs_debit","country":""}
2026-02-21T18:44:04+00:00 DEBUG Received invalid country code when getting provider links. Ignoring it. CONTEXT: {"gateway":"woocommerce_payments_eps","country":""}
2026-02-21T18:44:04+00:00 DEBUG Received invalid country code when getting provider links. Ignoring it. CONTEXT: {"gateway":"woocommerce_payments_affirm","country":""}
2026-02-21T18:44:04+00:00 DEBUG Received invalid country code when getting provider links. Ignoring it. CONTEXT: {"gateway":"woocommerce_payments_afterpay_clearpay","country":""}
2026-02-21T18:44:04+00:00 DEBUG Received invalid country code when getting provider links. Ignoring it. CONTEXT: {"gateway":"woocommerce_payments_klarna","country":""}
2026-02-21T18:44:04+00:00 DEBUG Received invalid country code when getting provider links. Ignoring it. CONTEXT: {"gateway":"woocommerce_payments_multibanco","country":""}
2026-02-21T18:44:04+00:00 DEBUG Received invalid country code when getting provider links. Ignoring it. CONTEXT: {"gateway":"woocommerce_payments_grabpay","country":""}
2026-02-21T18:44:04+00:00 DEBUG Received invalid country code when getting provider links. Ignoring it. CONTEXT: {"gateway":"woocommerce_payments_alipay","country":""}
2026-02-21T18:44:04+00:00 DEBUG Received invalid country code when getting provider links. Ignoring it. CONTEXT: {"gateway":"woocommerce_payments_wechat_pay","country":""}
2026-02-21T18:44:04+00:00 DEBUG Received invalid country code when getting provider links. Ignoring it. CONTEXT: {"gateway":"woocommerce_payments","country":""}
2026-02-21T18:44:04+00:00 DEBUG Received invalid country code when getting provider links. Ignoring it. CONTEXT: {"gateway":"woocommerce_payments_bancontact","country":""}
2026-02-21T18:44:04+00:00 DEBUG Received invalid country code when getting provider links. Ignoring it. CONTEXT: {"gateway":"woocommerce_payments_sepa_debit","country":""}
2026-02-21T18:44:04+00:00 DEBUG Received invalid country code when getting provider links. Ignoring it. CONTEXT: {"gateway":"woocommerce_payments_giropay","country":""}
2026-02-21T18:44:04+00:00 DEBUG Received invalid country code when getting provider links. Ignoring it. CONTEXT: {"gateway":"woocommerce_payments_sofort","country":""}
2026-02-21T18:44:04+00:00 DEBUG Received invalid country code when getting provider links. Ignoring it. CONTEXT: {"gateway":"woocommerce_payments_p24","country":""}
2026-02-21T18:44:04+00:00 DEBUG Received invalid country code when getting provider links. Ignoring it. CONTEXT: {"gateway":"woocommerce_payments_ideal","country":""}
2026-02-21T18:44:04+00:00 DEBUG Received invalid country code when getting provider links. Ignoring it. CONTEXT: {"gateway":"woocommerce_payments_au_becs_debit","country":""}
2026-02-21T18:44:04+00:00 DEBUG Received invalid country code when getting provider links. Ignoring it. CONTEXT: {"gateway":"woocommerce_payments_eps","country":""}
2026-02-21T18:44:04+00:00 DEBUG Received invalid country code when getting provider links. Ignoring it. CONTEXT: {"gateway":"woocommerce_payments_affirm","country":""}
2026-02-21T18:44:04+00:00 DEBUG Received invalid country code when getting provider links. Ignoring it. CONTEXT: {"gateway":"woocommerce_payments_afterpay_clearpay","country":""}
2026-02-21T18:44:04+00:00 DEBUG Received invalid country code when getting provider links. Ignoring it. CONTEXT: {"gateway":"woocommerce_payments_klarna","country":""}
2026-02-21T18:44:04+00:00 DEBUG Received invalid country code when getting provider links. Ignoring it. CONTEXT: {"gateway":"woocommerce_payments_multibanco","country":""}
2026-02-21T18:44:04+00:00 DEBUG Received invalid country code when getting provider links. Ignoring it. CONTEXT: {"gateway":"woocommerce_payments_grabpay","country":""}
2026-02-21T18:44:04+00:00 DEBUG Received invalid country code when getting provider links. Ignoring it. CONTEXT: {"gateway":"woocommerce_payments_alipay","country":""}
2026-02-21T18:44:04+00:00 DEBUG Received invalid country code when getting provider links. Ignoring it. CONTEXT: {"gateway":"woocommerce_payments_wechat_pay","country":""}
2026-02-21T18:44:04+00:00 DEBUG Received invalid country code when getting provider links. Ignoring it. CONTEXT: {"gateway":"bacs","country":""}
2026-02-21T18:44:04+00:00 DEBUG Received invalid country code when getting provider links. Ignoring it. CONTEXT: {"gateway":"cheque","country":""}
2026-02-21T18:44:04+00:00 DEBUG Received invalid country code when getting provider links. Ignoring it. CONTEXT: {"gateway":"cod","country":""}
2026-02-21T18:44:04+00:00 DEBUG Received invalid country code when getting provider links. Ignoring it. CONTEXT: {"gateway":"ppcp-gateway","country":""}
2026-02-21T18:44:04+00:00 DEBUG Received invalid country code when getting provider links. Ignoring it. CONTEXT: {"gateway":"woocommerce_payments_bancontact","country":""}
2026-02-21T18:44:04+00:00 DEBUG Received invalid country code when getting provider links. Ignoring it. CONTEXT: {"gateway":"woocommerce_payments_sepa_debit","country":""}
2026-02-21T18:44:04+00:00 DEBUG Received invalid country code when getting provider links. Ignoring it. CONTEXT: {"gateway":"woocommerce_payments_giropay","country":""}
2026-02-21T18:44:04+00:00 DEBUG Received invalid country code when getting provider links. Ignoring it. CONTEXT: {"gateway":"woocommerce_payments_sofort","country":""}
2026-02-21T18:44:04+00:00 DEBUG Received invalid country code when getting provider links. Ignoring it. CONTEXT: {"gateway":"woocommerce_payments_p24","country":""}
2026-02-21T18:44:04+00:00 DEBUG Received invalid country code when getting provider links. Ignoring it. CONTEXT: {"gateway":"woocommerce_payments_ideal","country":""}
2026-02-21T18:44:04+00:00 DEBUG Received invalid country code when getting provider links. Ignoring it. CONTEXT: {"gateway":"woocommerce_payments_au_becs_debit","country":""}
2026-02-21T18:44:04+00:00 DEBUG Received invalid country code when getting provider links. Ignoring it. CONTEXT: {"gateway":"woocommerce_payments_eps","country":""}
2026-02-21T18:44:04+00:00 DEBUG Received invalid country code when getting provider links. Ignoring it. CONTEXT: {"gateway":"woocommerce_payments_affirm","country":""}
2026-02-21T18:44:04+00:00 DEBUG Received invalid country code when getting provider links. Ignoring it. CONTEXT: {"gateway":"woocommerce_payments_afterpay_clearpay","country":""}
2026-02-21T18:44:04+00:00 DEBUG Received invalid country code when getting provider links. Ignoring it. CONTEXT: {"gateway":"woocommerce_payments_klarna","country":""}
2026-02-21T18:44:04+00:00 DEBUG Received invalid country code when getting provider links. Ignoring it. CONTEXT: {"gateway":"woocommerce_payments_multibanco","country":""}
2026-02-21T18:44:04+00:00 DEBUG Received invalid country code when getting provider links. Ignoring it. CONTEXT: {"gateway":"woocommerce_payments_grabpay","country":""}
2026-02-21T18:44:04+00:00 DEBUG Received invalid country code when getting provider links. Ignoring it. CONTEXT: {"gateway":"woocommerce_payments_alipay","country":""}
2026-02-21T18:44:04+00:00 DEBUG Received invalid country code when getting provider links. Ignoring it. CONTEXT: {"gateway":"woocommerce_payments_wechat_pay","country":""}
2026-02-21T18:44:04+00:00 DEBUG Received invalid country code when getting provider links. Ignoring it. CONTEXT: {"gateway":"woocommerce_payments","country":""}
2026-02-21T18:44:04+00:00 DEBUG Received invalid country code when getting provider links. Ignoring it. CONTEXT: {"gateway":"woocommerce_payments_bancontact","country":""}
2026-02-21T18:44:04+00:00 DEBUG Received invalid country code when getting provider links. Ignoring it. CONTEXT: {"gateway":"woocommerce_payments_sepa_debit","country":""}
2026-02-21T18:44:04+00:00 DEBUG Received invalid country code when getting provider links. Ignoring it. CONTEXT: {"gateway":"woocommerce_payments_giropay","country":""}
2026-02-21T18:44:04+00:00 DEBUG Received invalid country code when getting provider links. Ignoring it. CONTEXT: {"gateway":"woocommerce_payments_sofort","country":""}
2026-02-21T18:44:04+00:00 DEBUG Received invalid country code when getting provider links. Ignoring it. CONTEXT: {"gateway":"woocommerce_payments_p24","country":""}
2026-02-21T18:44:04+00:00 DEBUG Received invalid country code when getting provider links. Ignoring it. CONTEXT: {"gateway":"woocommerce_payments_ideal","country":""}
2026-02-21T18:44:04+00:00 DEBUG Received invalid country code when getting provider links. Ignoring it. CONTEXT: {"gateway":"woocommerce_payments_au_becs_debit","country":""}
2026-02-21T18:44:04+00:00 DEBUG Received invalid country code when getting provider links. Ignoring it. CONTEXT: {"gateway":"woocommerce_payments_eps","country":""}
2026-02-21T18:44:04+00:00 DEBUG Received invalid country code when getting provider links. Ignoring it. CONTEXT: {"gateway":"woocommerce_payments_affirm","country":""}
2026-02-21T18:44:04+00:00 DEBUG Received invalid country code when getting provider links. Ignoring it. CONTEXT: {"gateway":"woocommerce_payments_afterpay_clearpay","country":""}
2026-02-21T18:44:04+00:00 DEBUG Received invalid country code when getting provider links. Ignoring it. CONTEXT: {"gateway":"woocommerce_payments_klarna","country":""}
2026-02-21T18:44:04+00:00 DEBUG Received invalid country code when getting provider links. Ignoring it. CONTEXT: {"gateway":"woocommerce_payments_multibanco","country":""}
2026-02-21T18:44:04+00:00 DEBUG Received invalid country code when getting provider links. Ignoring it. CONTEXT: {"gateway":"woocommerce_payments_grabpay","country":""}
2026-02-21T18:44:04+00:00 DEBUG Received invalid country code when getting provider links. Ignoring it. CONTEXT: {"gateway":"woocommerce_payments_alipay","country":""}
2026-02-21T18:44:04+00:00 DEBUG Received invalid country code when getting provider links. Ignoring it. CONTEXT: {"gateway":"woocommerce_payments_wechat_pay","country":""}
2026-02-21T18:44:04+00:00 DEBUG Received invalid country code when getting provider links. Ignoring it. CONTEXT: {"gateway":"bacs","country":""}
2026-02-21T18:44:04+00:00 DEBUG Received invalid country code when getting provider links. Ignoring it. CONTEXT: {"gateway":"cheque","country":""}
2026-02-21T18:44:04+00:00 DEBUG Received invalid country code when getting provider links. Ignoring it. CONTEXT: {"gateway":"cod","country":""}
2026-02-21T18:44:04+00:00 DEBUG Received invalid country code when getting provider links. Ignoring it. CONTEXT: {"gateway":"ppcp-gateway","country":""}
2026-02-21T18:44:04+00:00 DEBUG Received invalid country code when getting provider links. Ignoring it. CONTEXT: {"gateway":"woocommerce_payments_bancontact","country":""}
2026-02-21T18:44:04+00:00 DEBUG Received invalid country code when getting provider links. Ignoring it. CONTEXT: {"gateway":"woocommerce_payments_sepa_debit","country":""}
2026-02-21T18:44:04+00:00 DEBUG Received invalid country code when getting provider links. Ignoring it. CONTEXT: {"gateway":"woocommerce_payments_giropay","country":""}
2026-02-21T18:44:04+00:00 DEBUG Received invalid country code when getting provider links. Ignoring it. CONTEXT: {"gateway":"woocommerce_payments_sofort","country":""}
2026-02-21T18:44:04+00:00 DEBUG Received invalid country code when getting provider links. Ignoring it. CONTEXT: {"gateway":"woocommerce_payments_p24","country":""}
2026-02-21T18:44:04+00:00 DEBUG Received invalid country code when getting provider links. Ignoring it. CONTEXT: {"gateway":"woocommerce_payments_ideal","country":""}
2026-02-21T18:44:04+00:00 DEBUG Received invalid country code when getting provider links. Ignoring it. CONTEXT: {"gateway":"woocommerce_payments_au_becs_debit","country":""}
2026-02-21T18:44:04+00:00 DEBUG Received invalid country code when getting provider links. Ignoring it. CONTEXT: {"gateway":"woocommerce_payments_eps","country":""}
2026-02-21T18:44:04+00:00 DEBUG Received invalid country code when getting provider links. Ignoring it. CONTEXT: {"gateway":"woocommerce_payments_affirm","country":""}
2026-02-21T18:44:04+00:00 DEBUG Received invalid country code when getting provider links. Ignoring it. CONTEXT: {"gateway":"woocommerce_payments_afterpay_clearpay","country":""}
2026-02-21T18:44:04+00:00 DEBUG Received invalid country code when getting provider links. Ignoring it. CONTEXT: {"gateway":"woocommerce_payments_klarna","country":""}
2026-02-21T18:44:04+00:00 DEBUG Received invalid country code when getting provider links. Ignoring it. CONTEXT: {"gateway":"woocommerce_payments_multibanco","country":""}
2026-02-21T18:44:04+00:00 DEBUG Received invalid country code when getting provider links. Ignoring it. CONTEXT: {"gateway":"woocommerce_payments_grabpay","country":""}
2026-02-21T18:44:04+00:00 DEBUG Received invalid country code when getting provider links. Ignoring it. CONTEXT: {"gateway":"woocommerce_payments_alipay","country":""}
2026-02-21T18:44:04+00:00 DEBUG Received invalid country code when getting provider links. Ignoring it. CONTEXT: {"gateway":"woocommerce_payments_wechat_pay","country":""}
2026-02-21T18:44:04+00:00 DEBUG Received invalid country code when getting provider links. Ignoring it. CONTEXT: {"gateway":"woocommerce_payments","country":""}
2026-02-21T18:44:04+00:00 DEBUG Received invalid country code when getting provider links. Ignoring it. CONTEXT: {"gateway":"woocommerce_payments_bancontact","country":""}
2026-02-21T18:44:04+00:00 DEBUG Received invalid country code when getting provider links. Ignoring it. CONTEXT: {"gateway":"woocommerce_payments_sepa_debit","country":""}
2026-02-21T18:44:04+00:00 DEBUG Received invalid country code when getting provider links. Ignoring it. CONTEXT: {"gateway":"woocommerce_payments_giropay","country":""}
2026-02-21T18:44:04+00:00 DEBUG Received invalid country code when getting provider links. Ignoring it. CONTEXT: {"gateway":"woocommerce_payments_sofort","country":""}
2026-02-21T18:44:04+00:00 DEBUG Received invalid country code when getting provider links. Ignoring it. CONTEXT: {"gateway":"woocommerce_payments_p24","country":""}
2026-02-21T18:44:04+00:00 DEBUG Received invalid country code when getting provider links. Ignoring it. CONTEXT: {"gateway":"woocommerce_payments_ideal","country":""}
2026-02-21T18:44:04+00:00 DEBUG Received invalid country code when getting provider links. Ignoring it. CONTEXT: {"gateway":"woocommerce_payments_au_becs_debit","country":""}
2026-02-21T18:44:04+00:00 DEBUG Received invalid country code when getting provider links. Ignoring it. CONTEXT: {"gateway":"woocommerce_payments_eps","country":""}
2026-02-21T18:44:04+00:00 DEBUG Received invalid country code when getting provider links. Ignoring it. CONTEXT: {"gateway":"woocommerce_payments_affirm","country":""}
2026-02-21T18:44:04+00:00 DEBUG Received invalid country code when getting provider links. Ignoring it. CONTEXT: {"gateway":"woocommerce_payments_afterpay_clearpay","country":""}
2026-02-21T18:44:04+00:00 DEBUG Received invalid country code when getting provider links. Ignoring it. CONTEXT: {"gateway":"woocommerce_payments_klarna","country":""}
2026-02-21T18:44:04+00:00 DEBUG Received invalid country code when getting provider links. Ignoring it. CONTEXT: {"gateway":"woocommerce_payments_multibanco","country":""}
2026-02-21T18:44:04+00:00 DEBUG Received invalid country code when getting provider links. Ignoring it. CONTEXT: {"gateway":"woocommerce_payments_grabpay","country":""}
2026-02-21T18:44:04+00:00 DEBUG Received invalid country code when getting provider links. Ignoring it. CONTEXT: {"gateway":"woocommerce_payments_alipay","country":""}
2026-02-21T18:44:04+00:00 DEBUG Received invalid country code when getting provider links. Ignoring it. CONTEXT: {"gateway":"woocommerce_payments_wechat_pay","country":""}
2026-02-21T18:44:04+00:00 DEBUG Received invalid country code when getting provider links. Ignoring it. CONTEXT: {"gateway":"bacs","country":""}
2026-02-21T18:44:04+00:00 DEBUG Received invalid country code when getting provider links. Ignoring it. CONTEXT: {"gateway":"cheque","country":""}
2026-02-21T18:44:04+00:00 DEBUG Received invalid country code when getting provider links. Ignoring it. CONTEXT: {"gateway":"cod","country":""}
2026-02-21T18:44:04+00:00 DEBUG Received invalid country code when getting provider links. Ignoring it. CONTEXT: {"gateway":"ppcp-gateway","country":""}
2026-02-21T18:44:04+00:00 DEBUG Received invalid country code when getting provider links. Ignoring it. CONTEXT: {"gateway":"woocommerce_payments_bancontact","country":""}
2026-02-21T18:44:04+00:00 DEBUG Received invalid country code when getting provider links. Ignoring it. CONTEXT: {"gateway":"woocommerce_payments_sepa_debit","country":""}
2026-02-21T18:44:04+00:00 DEBUG Received invalid country code when getting provider links. Ignoring it. CONTEXT: {"gateway":"woocommerce_payments_giropay","country":""}
2026-02-21T18:44:04+00:00 DEBUG Received invalid country code when getting provider links. Ignoring it. CONTEXT: {"gateway":"woocommerce_payments_sofort","country":""}
2026-02-21T18:44:04+00:00 DEBUG Received invalid country code when getting provider links. Ignoring it. CONTEXT: {"gateway":"woocommerce_payments_p24","country":""}
2026-02-21T18:44:04+00:00 DEBUG Received invalid country code when getting provider links. Ignoring it. CONTEXT: {"gateway":"woocommerce_payments_ideal","country":""}
2026-02-21T18:44:04+00:00 DEBUG Received invalid country code when getting provider links. Ignoring it. CONTEXT: {"gateway":"woocommerce_payments_au_becs_debit","country":""}
2026-02-21T18:44:04+00:00 DEBUG Received invalid country code when getting provider links. Ignoring it. CONTEXT: {"gateway":"woocommerce_payments_eps","country":""}
2026-02-21T18:44:04+00:00 DEBUG Received invalid country code when getting provider links. Ignoring it. CONTEXT: {"gateway":"woocommerce_payments_affirm","country":""}
2026-02-21T18:44:04+00:00 DEBUG Received invalid country code when getting provider links. Ignoring it. CONTEXT: {"gateway":"woocommerce_payments_afterpay_clearpay","country":""}
2026-02-21T18:44:04+00:00 DEBUG Received invalid country code when getting provider links. Ignoring it. CONTEXT: {"gateway":"woocommerce_payments_klarna","country":""}
2026-02-21T18:44:04+00:00 DEBUG Received invalid country code when getting provider links. Ignoring it. CONTEXT: {"gateway":"woocommerce_payments_multibanco","country":""}
2026-02-21T18:44:04+00:00 DEBUG Received invalid country code when getting provider links. Ignoring it. CONTEXT: {"gateway":"woocommerce_payments_grabpay","country":""}
2026-02-21T18:44:04+00:00 DEBUG Received invalid country code when getting provider links. Ignoring it. CONTEXT: {"gateway":"woocommerce_payments_alipay","country":""}
2026-02-21T18:44:04+00:00 DEBUG Received invalid country code when getting provider links. Ignoring it. CONTEXT: {"gateway":"woocommerce_payments_wechat_pay","country":""}
2026-02-21T18:44:04+00:00 DEBUG Received invalid country code when getting provider links. Ignoring it. CONTEXT: {"gateway":"woocommerce_payments","country":""}
2026-02-21T18:44:04+00:00 DEBUG Received invalid country code when getting provider links. Ignoring it. CONTEXT: {"gateway":"woocommerce_payments_bancontact","country":""}
2026-02-21T18:44:04+00:00 DEBUG Received invalid country code when getting provider links. Ignoring it. CONTEXT: {"gateway":"woocommerce_payments_sepa_debit","country":""}
2026-02-21T18:44:04+00:00 DEBUG Received invalid country code when getting provider links. Ignoring it. CONTEXT: {"gateway":"woocommerce_payments_giropay","country":""}
2026-02-21T18:44:04+00:00 DEBUG Received invalid country code when getting provider links. Ignoring it. CONTEXT: {"gateway":"woocommerce_payments_sofort","country":""}
2026-02-21T18:44:04+00:00 DEBUG Received invalid country code when getting provider links. Ignoring it. CONTEXT: {"gateway":"woocommerce_payments_p24","country":""}
2026-02-21T18:44:04+00:00 DEBUG Received invalid country code when getting provider links. Ignoring it. CONTEXT: {"gateway":"woocommerce_payments_ideal","country":""}
2026-02-21T18:44:04+00:00 DEBUG Received invalid country code when getting provider links. Ignoring it. CONTEXT: {"gateway":"woocommerce_payments_au_becs_debit","country":""}
2026-02-21T18:44:04+00:00 DEBUG Received invalid country code when getting provider links. Ignoring it. CONTEXT: {"gateway":"woocommerce_payments_eps","country":""}
2026-02-21T18:44:04+00:00 DEBUG Received invalid country code when getting provider links. Ignoring it. CONTEXT: {"gateway":"woocommerce_payments_affirm","country":""}
2026-02-21T18:44:04+00:00 DEBUG Received invalid country code when getting provider links. Ignoring it. CONTEXT: {"gateway":"woocommerce_payments_afterpay_clearpay","country":""}
2026-02-21T18:44:04+00:00 DEBUG Received invalid country code when getting provider links. Ignoring it. CONTEXT: {"gateway":"woocommerce_payments_klarna","country":""}
2026-02-21T18:44:04+00:00 DEBUG Received invalid country code when getting provider links. Ignoring it. CONTEXT: {"gateway":"woocommerce_payments_multibanco","country":""}
2026-02-21T18:44:04+00:00 DEBUG Received invalid country code when getting provider links. Ignoring it. CONTEXT: {"gateway":"woocommerce_payments_grabpay","country":""}
2026-02-21T18:44:04+00:00 DEBUG Received invalid country code when getting provider links. Ignoring it. CONTEXT: {"gateway":"woocommerce_payments_alipay","country":""}
2026-02-21T18:44:04+00:00 DEBUG Received invalid country code when getting provider links. Ignoring it. CONTEXT: {"gateway":"woocommerce_payments_wechat_pay","country":""}
2026-02-21T18:44:04+00:00 DEBUG Received invalid country code when getting provider links. Ignoring it. CONTEXT: {"gateway":"bacs","country":""}
2026-02-21T18:44:04+00:00 DEBUG Received invalid country code when getting provider links. Ignoring it. CONTEXT: {"gateway":"cheque","country":""}
2026-02-21T18:44:04+00:00 DEBUG Received invalid country code when getting provider links. Ignoring it. CONTEXT: {"gateway":"cod","country":""}
2026-02-21T18:44:04+00:00 DEBUG Received invalid country code when getting provider links. Ignoring it. CONTEXT: {"gateway":"ppcp-gateway","country":""}
2026-02-21T18:44:04+00:00 DEBUG Received invalid country code when getting provider links. Ignoring it. CONTEXT: {"gateway":"woocommerce_payments_bancontact","country":""}
2026-02-21T18:44:04+00:00 DEBUG Received invalid country code when getting provider links. Ignoring it. CONTEXT: {"gateway":"woocommerce_payments_sepa_debit","country":""}
2026-02-21T18:44:04+00:00 DEBUG Received invalid country code when getting provider links. Ignoring it. CONTEXT: {"gateway":"woocommerce_payments_giropay","country":""}
2026-02-21T18:44:04+00:00 DEBUG Received invalid country code when getting provider links. Ignoring it. CONTEXT: {"gateway":"woocommerce_payments_sofort","country":""}
2026-02-21T18:44:04+00:00 DEBUG Received invalid country code when getting provider links. Ignoring it. CONTEXT: {"gateway":"woocommerce_payments_p24","country":""}
2026-02-21T18:44:04+00:00 DEBUG Received invalid country code when getting provider links. Ignoring it. CONTEXT: {"gateway":"woocommerce_payments_ideal","country":""}
2026-02-21T18:44:04+00:00 DEBUG Received invalid country code when getting provider links. Ignoring it. CONTEXT: {"gateway":"woocommerce_payments_au_becs_debit","country":""}
2026-02-21T18:44:04+00:00 DEBUG Received invalid country code when getting provider links. Ignoring it. CONTEXT: {"gateway":"woocommerce_payments_eps","country":""}
2026-02-21T18:44:04+00:00 DEBUG Received invalid country code when getting provider links. Ignoring it. CONTEXT: {"gateway":"woocommerce_payments_affirm","country":""}
2026-02-21T18:44:04+00:00 DEBUG Received invalid country code when getting provider links. Ignoring it. CONTEXT: {"gateway":"woocommerce_payments_afterpay_clearpay","country":""}
2026-02-21T18:44:04+00:00 DEBUG Received invalid country code when getting provider links. Ignoring it. CONTEXT: {"gateway":"woocommerce_payments_klarna","country":""}
2026-02-21T18:44:04+00:00 DEBUG Received invalid country code when getting provider links. Ignoring it. CONTEXT: {"gateway":"woocommerce_payments_multibanco","country":""}
2026-02-21T18:44:04+00:00 DEBUG Received invalid country code when getting provider links. Ignoring it. CONTEXT: {"gateway":"woocommerce_payments_grabpay","country":""}
2026-02-21T18:44:04+00:00 DEBUG Received invalid country code when getting provider links. Ignoring it. CONTEXT: {"gateway":"woocommerce_payments_alipay","country":""}
2026-02-21T18:44:04+00:00 DEBUG Received invalid country code when getting provider links. Ignoring it. CONTEXT: {"gateway":"woocommerce_payments_wechat_pay","country":""}
2026-02-21T18:44:04+00:00 DEBUG Received invalid country code when getting provider links. Ignoring it. CONTEXT: {"gateway":"woocommerce_payments","country":""}
2026-02-21T18:44:04+00:00 DEBUG Received invalid country code when getting provider links. Ignoring it. CONTEXT: {"gateway":"woocommerce_payments_bancontact","country":""}
2026-02-21T18:44:04+00:00 DEBUG Received invalid country code when getting provider links. Ignoring it. CONTEXT: {"gateway":"woocommerce_payments_sepa_debit","country":""}
2026-02-21T18:44:04+00:00 DEBUG Received invalid country code when getting provider links. Ignoring it. CONTEXT: {"gateway":"woocommerce_payments_giropay","country":""}
2026-02-21T18:44:04+00:00 DEBUG Received invalid country code when getting provider links. Ignoring it. CONTEXT: {"gateway":"woocommerce_payments_sofort","country":""}
2026-02-21T18:44:04+00:00 DEBUG Received invalid country code when getting provider links. Ignoring it. CONTEXT: {"gateway":"woocommerce_payments_p24","country":""}
2026-02-21T18:44:04+00:00 DEBUG Received invalid country code when getting provider links. Ignoring it. CONTEXT: {"gateway":"woocommerce_payments_ideal","country":""}
2026-02-21T18:44:04+00:00 DEBUG Received invalid country code when getting provider links. Ignoring it. CONTEXT: {"gateway":"woocommerce_payments_au_becs_debit","country":""}
2026-02-21T18:44:04+00:00 DEBUG Received invalid country code when getting provider links. Ignoring it. CONTEXT: {"gateway":"woocommerce_payments_eps","country":""}
2026-02-21T18:44:04+00:00 DEBUG Received invalid country code when getting provider links. Ignoring it. CONTEXT: {"gateway":"woocommerce_payments_affirm","country":""}
2026-02-21T18:44:04+00:00 DEBUG Received invalid country code when getting provider links. Ignoring it. CONTEXT: {"gateway":"woocommerce_payments_afterpay_clearpay","country":""}
2026-02-21T18:44:04+00:00 DEBUG Received invalid country code when getting provider links. Ignoring it. CONTEXT: {"gateway":"woocommerce_payments_klarna","country":""}
2026-02-21T18:44:04+00:00 DEBUG Received invalid country code when getting provider links. Ignoring it. CONTEXT: {"gateway":"woocommerce_payments_multibanco","country":""}
2026-02-21T18:44:04+00:00 DEBUG Received invalid country code when getting provider links. Ignoring it. CONTEXT: {"gateway":"woocommerce_payments_grabpay","country":""}
2026-02-21T18:44:04+00:00 DEBUG Received invalid country code when getting provider links. Ignoring it. CONTEXT: {"gateway":"woocommerce_payments_alipay","country":""}
2026-02-21T18:44:04+00:00 DEBUG Received invalid country code when getting provider links. Ignoring it. CONTEXT: {"gateway":"woocommerce_payments_wechat_pay","country":""}
2026-02-21T18:44:04+00:00 DEBUG Received invalid country code when getting provider links. Ignoring it. CONTEXT: {"gateway":"bacs","country":""}
2026-02-21T18:44:04+00:00 DEBUG Received invalid country code when getting provider links. Ignoring it. CONTEXT: {"gateway":"cheque","country":""}
2026-02-21T18:44:04+00:00 DEBUG Received invalid country code when getting provider links. Ignoring it. CONTEXT: {"gateway":"cod","country":""}
2026-02-21T18:44:04+00:00 DEBUG Received invalid country code when getting provider links. Ignoring it. CONTEXT: {"gateway":"ppcp-gateway","country":""}
2026-02-21T18:44:04+00:00 DEBUG Received invalid country code when getting provider links. Ignoring it. CONTEXT: {"gateway":"woocommerce_payments_bancontact","country":""}
2026-02-21T18:44:04+00:00 DEBUG Received invalid country code when getting provider links. Ignoring it. CONTEXT: {"gateway":"woocommerce_payments_sepa_debit","country":""}
2026-02-21T18:44:04+00:00 DEBUG Received invalid country code when getting provider links. Ignoring it. CONTEXT: {"gateway":"woocommerce_payments_giropay","country":""}
2026-02-21T18:44:04+00:00 DEBUG Received invalid country code when getting provider links. Ignoring it. CONTEXT: {"gateway":"woocommerce_payments_sofort","country":""}
2026-02-21T18:44:04+00:00 DEBUG Received invalid country code when getting provider links. Ignoring it. CONTEXT: {"gateway":"woocommerce_payments_p24","country":""}
2026-02-21T18:44:04+00:00 DEBUG Received invalid country code when getting provider links. Ignoring it. CONTEXT: {"gateway":"woocommerce_payments_ideal","country":""}
2026-02-21T18:44:04+00:00 DEBUG Received invalid country code when getting provider links. Ignoring it. CONTEXT: {"gateway":"woocommerce_payments_au_becs_debit","country":""}
2026-02-21T18:44:04+00:00 DEBUG Received invalid country code when getting provider links. Ignoring it. CONTEXT: {"gateway":"woocommerce_payments_eps","country":""}
2026-02-21T18:44:04+00:00 DEBUG Received invalid country code when getting provider links. Ignoring it. CONTEXT: {"gateway":"woocommerce_payments_affirm","country":""}
2026-02-21T18:44:04+00:00 DEBUG Received invalid country code when getting provider links. Ignoring it. CONTEXT: {"gateway":"woocommerce_payments_afterpay_clearpay","country":""}
2026-02-21T18:44:04+00:00 DEBUG Received invalid country code when getting provider links. Ignoring it. CONTEXT: {"gateway":"woocommerce_payments_klarna","country":""}
2026-02-21T18:44:04+00:00 DEBUG Received invalid country code when getting provider links. Ignoring it. CONTEXT: {"gateway":"woocommerce_payments_multibanco","country":""}
2026-02-21T18:44:04+00:00 DEBUG Received invalid country code when getting provider links. Ignoring it. CONTEXT: {"gateway":"woocommerce_payments_grabpay","country":""}
2026-02-21T18:44:04+00:00 DEBUG Received invalid country code when getting provider links. Ignoring it. CONTEXT: {"gateway":"woocommerce_payments_alipay","country":""}
2026-02-21T18:44:04+00:00 DEBUG Received invalid country code when getting provider links. Ignoring it. CONTEXT: {"gateway":"woocommerce_payments_wechat_pay","country":""}
2026-02-21T18:44:04+00:00 DEBUG Received invalid country code when getting provider links. Ignoring it. CONTEXT: {"gateway":"woocommerce_payments","country":""}
2026-02-21T18:44:04+00:00 DEBUG Received invalid country code when getting provider links. Ignoring it. CONTEXT: {"gateway":"woocommerce_payments_bancontact","country":""}
2026-02-21T18:44:04+00:00 DEBUG Received invalid country code when getting provider links. Ignoring it. CONTEXT: {"gateway":"woocommerce_payments_sepa_debit","country":""}
2026-02-21T18:44:04+00:00 DEBUG Received invalid country code when getting provider links. Ignoring it. CONTEXT: {"gateway":"woocommerce_payments_giropay","country":""}
2026-02-21T18:44:04+00:00 DEBUG Received invalid country code when getting provider links. Ignoring it. CONTEXT: {"gateway":"woocommerce_payments_sofort","country":""}
2026-02-21T18:44:04+00:00 DEBUG Received invalid country code when getting provider links. Ignoring it. CONTEXT: {"gateway":"woocommerce_payments_p24","country":""}
2026-02-21T18:44:04+00:00 DEBUG Received invalid country code when getting provider links. Ignoring it. CONTEXT: {"gateway":"woocommerce_payments_ideal","country":""}
2026-02-21T18:44:04+00:00 DEBUG Received invalid country code when getting provider links. Ignoring it. CONTEXT: {"gateway":"woocommerce_payments_au_becs_debit","country":""}
2026-02-21T18:44:04+00:00 DEBUG Received invalid country code when getting provider links. Ignoring it. CONTEXT: {"gateway":"woocommerce_payments_eps","country":""}
2026-02-21T18:44:04+00:00 DEBUG Received invalid country code when getting provider links. Ignoring it. CONTEXT: {"gateway":"woocommerce_payments_affirm","country":""}
2026-02-21T18:44:04+00:00 DEBUG Received invalid country code when getting provider links. Ignoring it. CONTEXT: {"gateway":"woocommerce_payments_afterpay_clearpay","country":""}
2026-02-21T18:44:04+00:00 DEBUG Received invalid country code when getting provider links. Ignoring it. CONTEXT: {"gateway":"woocommerce_payments_klarna","country":""}
2026-02-21T18:44:04+00:00 DEBUG Received invalid country code when getting provider links. Ignoring it. CONTEXT: {"gateway":"woocommerce_payments_multibanco","country":""}
2026-02-21T18:44:04+00:00 DEBUG Received invalid country code when getting provider links. Ignoring it. CONTEXT: {"gateway":"woocommerce_payments_grabpay","country":""}
2026-02-21T18:44:04+00:00 DEBUG Received invalid country code when getting provider links. Ignoring it. CONTEXT: {"gateway":"woocommerce_payments_alipay","country":""}
2026-02-21T18:44:04+00:00 DEBUG Received invalid country code when getting provider links. Ignoring it. CONTEXT: {"gateway":"woocommerce_payments_wechat_pay","country":""}
2026-02-21T18:44:04+00:00 DEBUG Received invalid country code when getting provider links. Ignoring it. CONTEXT: {"gateway":"bacs","country":""}
2026-02-21T18:44:04+00:00 DEBUG Received invalid country code when getting provider links. Ignoring it. CONTEXT: {"gateway":"cheque","country":""}
2026-02-21T18:44:04+00:00 DEBUG Received invalid country code when getting provider links. Ignoring it. CONTEXT: {"gateway":"cod","country":""}
2026-02-21T18:44:04+00:00 DEBUG Received invalid country code when getting provider links. Ignoring it. CONTEXT: {"gateway":"ppcp-gateway","country":""}
2026-02-21T18:44:04+00:00 DEBUG Received invalid country code when getting provider links. Ignoring it. CONTEXT: {"gateway":"woocommerce_payments_bancontact","country":""}
2026-02-21T18:44:04+00:00 DEBUG Received invalid country code when getting provider links. Ignoring it. CONTEXT: {"gateway":"woocommerce_payments_sepa_debit","country":""}
2026-02-21T18:44:04+00:00 DEBUG Received invalid country code when getting provider links. Ignoring it. CONTEXT: {"gateway":"woocommerce_payments_giropay","country":""}
2026-02-21T18:44:04+00:00 DEBUG Received invalid country code when getting provider links. Ignoring it. CONTEXT: {"gateway":"woocommerce_payments_sofort","country":""}
2026-02-21T18:44:04+00:00 DEBUG Received invalid country code when getting provider links. Ignoring it. CONTEXT: {"gateway":"woocommerce_payments_p24","country":""}
2026-02-21T18:44:04+00:00 DEBUG Received invalid country code when getting provider links. Ignoring it. CONTEXT: {"gateway":"woocommerce_payments_ideal","country":""}
2026-02-21T18:44:04+00:00 DEBUG Received invalid country code when getting provider links. Ignoring it. CONTEXT: {"gateway":"woocommerce_payments_au_becs_debit","country":""}
2026-02-21T18:44:04+00:00 DEBUG Received invalid country code when getting provider links. Ignoring it. CONTEXT: {"gateway":"woocommerce_payments_eps","country":""}
2026-02-21T18:44:04+00:00 DEBUG Received invalid country code when getting provider links. Ignoring it. CONTEXT: {"gateway":"woocommerce_payments_affirm","country":""}
2026-02-21T18:44:04+00:00 DEBUG Received invalid country code when getting provider links. Ignoring it. CONTEXT: {"gateway":"woocommerce_payments_afterpay_clearpay","country":""}
2026-02-21T18:44:04+00:00 DEBUG Received invalid country code when getting provider links. Ignoring it. CONTEXT: {"gateway":"woocommerce_payments_klarna","country":""}
2026-02-21T18:44:04+00:00 DEBUG Received invalid country code when getting provider links. Ignoring it. CONTEXT: {"gateway":"woocommerce_payments_multibanco","country":""}
2026-02-21T18:44:04+00:00 DEBUG Received invalid country code when getting provider links. Ignoring it. CONTEXT: {"gateway":"woocommerce_payments_grabpay","country":""}
2026-02-21T18:44:04+00:00 DEBUG Received invalid country code when getting provider links. Ignoring it. CONTEXT: {"gateway":"woocommerce_payments_alipay","country":""}
2026-02-21T18:44:04+00:00 DEBUG Received invalid country code when getting provider links. Ignoring it. CONTEXT: {"gateway":"woocommerce_payments_wechat_pay","country":""}
2026-02-21T18:44:04+00:00 DEBUG Received invalid country code when getting provider links. Ignoring it. CONTEXT: {"gateway":"woocommerce_payments","country":""}
2026-02-21T18:44:04+00:00 DEBUG Received invalid country code when getting provider links. Ignoring it. CONTEXT: {"gateway":"woocommerce_payments_bancontact","country":""}
2026-02-21T18:44:04+00:00 DEBUG Received invalid country code when getting provider links. Ignoring it. CONTEXT: {"gateway":"woocommerce_payments_sepa_debit","country":""}
2026-02-21T18:44:04+00:00 DEBUG Received invalid country code when getting provider links. Ignoring it. CONTEXT: {"gateway":"woocommerce_payments_giropay","country":""}
2026-02-21T18:44:04+00:00 DEBUG Received invalid country code when getting provider links. Ignoring it. CONTEXT: {"gateway":"woocommerce_payments_sofort","country":""}
2026-02-21T18:44:04+00:00 DEBUG Received invalid country code when getting provider links. Ignoring it. CONTEXT: {"gateway":"woocommerce_payments_p24","country":""}
2026-02-21T18:44:04+00:00 DEBUG Received invalid country code when getting provider links. Ignoring it. CONTEXT: {"gateway":"woocommerce_payments_ideal","country":""}
2026-02-21T18:44:04+00:00 DEBUG Received invalid country code when getting provider links. Ignoring it. CONTEXT: {"gateway":"woocommerce_payments_au_becs_debit","country":""}
2026-02-21T18:44:04+00:00 DEBUG Received invalid country code when getting provider links. Ignoring it. CONTEXT: {"gateway":"woocommerce_payments_eps","country":""}
2026-02-21T18:44:04+00:00 DEBUG Received invalid country code when getting provider links. Ignoring it. CONTEXT: {"gateway":"woocommerce_payments_affirm","country":""}
2026-02-21T18:44:04+00:00 DEBUG Received invalid country code when getting provider links. Ignoring it. CONTEXT: {"gateway":"woocommerce_payments_afterpay_clearpay","country":""}
2026-02-21T18:44:04+00:00 DEBUG Received invalid country code when getting provider links. Ignoring it. CONTEXT: {"gateway":"woocommerce_payments_klarna","country":""}
2026-02-21T18:44:04+00:00 DEBUG Received invalid country code when getting provider links. Ignoring it. CONTEXT: {"gateway":"woocommerce_payments_multibanco","country":""}
2026-02-21T18:44:04+00:00 DEBUG Received invalid country code when getting provider links. Ignoring it. CONTEXT: {"gateway":"woocommerce_payments_grabpay","country":""}
2026-02-21T18:44:04+00:00 DEBUG Received invalid country code when getting provider links. Ignoring it. CONTEXT: {"gateway":"woocommerce_payments_alipay","country":""}
2026-02-21T18:44:04+00:00 DEBUG Received invalid country code when getting provider links. Ignoring it. CONTEXT: {"gateway":"woocommerce_payments_wechat_pay","country":""}
2026-02-21T18:44:04+00:00 DEBUG Received invalid country code when getting provider links. Ignoring it. CONTEXT: {"gateway":"bacs","country":""}
2026-02-21T18:44:04+00:00 DEBUG Received invalid country code when getting provider links. Ignoring it. CONTEXT: {"gateway":"cheque","country":""}
2026-02-21T18:44:04+00:00 DEBUG Received invalid country code when getting provider links. Ignoring it. CONTEXT: {"gateway":"cod","country":""}
2026-02-21T18:44:04+00:00 DEBUG Received invalid country code when getting provider links. Ignoring it. CONTEXT: {"gateway":"ppcp-gateway","country":""}
2026-02-21T18:44:04+00:00 DEBUG Received invalid country code when getting provider links. Ignoring it. CONTEXT: {"gateway":"woocommerce_payments_bancontact","country":""}
2026-02-21T18:44:04+00:00 DEBUG Received invalid country code when getting provider links. Ignoring it. CONTEXT: {"gateway":"woocommerce_payments_sepa_debit","country":""}
2026-02-21T18:44:04+00:00 DEBUG Received invalid country code when getting provider links. Ignoring it. CONTEXT: {"gateway":"woocommerce_payments_giropay","country":""}
2026-02-21T18:44:04+00:00 DEBUG Received invalid country code when getting provider links. Ignoring it. CONTEXT: {"gateway":"woocommerce_payments_sofort","country":""}
2026-02-21T18:44:04+00:00 DEBUG Received invalid country code when getting provider links. Ignoring it. CONTEXT: {"gateway":"woocommerce_payments_p24","country":""}
2026-02-21T18:44:04+00:00 DEBUG Received invalid country code when getting provider links. Ignoring it. CONTEXT: {"gateway":"woocommerce_payments_ideal","country":""}
2026-02-21T18:44:04+00:00 DEBUG Received invalid country code when getting provider links. Ignoring it. CONTEXT: {"gateway":"woocommerce_payments_au_becs_debit","country":""}
2026-02-21T18:44:04+00:00 DEBUG Received invalid country code when getting provider links. Ignoring it. CONTEXT: {"gateway":"woocommerce_payments_eps","country":""}
2026-02-21T18:44:04+00:00 DEBUG Received invalid country code when getting provider links. Ignoring it. CONTEXT: {"gateway":"woocommerce_payments_affirm","country":""}
2026-02-21T18:44:04+00:00 DEBUG Received invalid country code when getting provider links. Ignoring it. CONTEXT: {"gateway":"woocommerce_payments_afterpay_clearpay","country":""}
2026-02-21T18:44:04+00:00 DEBUG Received invalid country code when getting provider links. Ignoring it. CONTEXT: {"gateway":"woocommerce_payments_klarna","country":""}
2026-02-21T18:44:04+00:00 DEBUG Received invalid country code when getting provider links. Ignoring it. CONTEXT: {"gateway":"woocommerce_payments_multibanco","country":""}
2026-02-21T18:44:04+00:00 DEBUG Received invalid country code when getting provider links. Ignoring it. CONTEXT: {"gateway":"woocommerce_payments_grabpay","country":""}
2026-02-21T18:44:04+00:00 DEBUG Received invalid country code when getting provider links. Ignoring it. CONTEXT: {"gateway":"woocommerce_payments_alipay","country":""}
2026-02-21T18:44:04+00:00 DEBUG Received invalid country code when getting provider links. Ignoring it. CONTEXT: {"gateway":"woocommerce_payments_wechat_pay","country":""}
2026-02-21T18:44:04+00:00 DEBUG Received invalid country code when getting provider links. Ignoring it. CONTEXT: {"gateway":"woocommerce_payments","country":""}
2026-02-21T18:44:04+00:00 DEBUG Received invalid country code when getting provider links. Ignoring it. CONTEXT: {"gateway":"woocommerce_payments_bancontact","country":""}
2026-02-21T18:44:04+00:00 DEBUG Received invalid country code when getting provider links. Ignoring it. CONTEXT: {"gateway":"woocommerce_payments_sepa_debit","country":""}
2026-02-21T18:44:04+00:00 DEBUG Received invalid country code when getting provider links. Ignoring it. CONTEXT: {"gateway":"woocommerce_payments_giropay","country":""}
2026-02-21T18:44:04+00:00 DEBUG Received invalid country code when getting provider links. Ignoring it. CONTEXT: {"gateway":"woocommerce_payments_sofort","country":""}
2026-02-21T18:44:04+00:00 DEBUG Received invalid country code when getting provider links. Ignoring it. CONTEXT: {"gateway":"woocommerce_payments_p24","country":""}
2026-02-21T18:44:04+00:00 DEBUG Received invalid country code when getting provider links. Ignoring it. CONTEXT: {"gateway":"woocommerce_payments_ideal","country":""}
2026-02-21T18:44:04+00:00 DEBUG Received invalid country code when getting provider links. Ignoring it. CONTEXT: {"gateway":"woocommerce_payments_au_becs_debit","country":""}
2026-02-21T18:44:04+00:00 DEBUG Received invalid country code when getting provider links. Ignoring it. CONTEXT: {"gateway":"woocommerce_payments_eps","country":""}
2026-02-21T18:44:04+00:00 DEBUG Received invalid country code when getting provider links. Ignoring it. CONTEXT: {"gateway":"woocommerce_payments_affirm","country":""}
2026-02-21T18:44:04+00:00 DEBUG Received invalid country code when getting provider links. Ignoring it. CONTEXT: {"gateway":"woocommerce_payments_afterpay_clearpay","country":""}
2026-02-21T18:44:04+00:00 DEBUG Received invalid country code when getting provider links. Ignoring it. CONTEXT: {"gateway":"woocommerce_payments_klarna","country":""}
2026-02-21T18:44:04+00:00 DEBUG Received invalid country code when getting provider links. Ignoring it. CONTEXT: {"gateway":"woocommerce_payments_multibanco","country":""}
2026-02-21T18:44:04+00:00 DEBUG Received invalid country code when getting provider links. Ignoring it. CONTEXT: {"gateway":"woocommerce_payments_grabpay","country":""}
2026-02-21T18:44:04+00:00 DEBUG Received invalid country code when getting provider links. Ignoring it. CONTEXT: {"gateway":"woocommerce_payments_alipay","country":""}
2026-02-21T18:44:04+00:00 DEBUG Received invalid country code when getting provider links. Ignoring it. CONTEXT: {"gateway":"woocommerce_payments_wechat_pay","country":""}
2026-02-21T18:44:04+00:00 DEBUG Received invalid country code when getting provider links. Ignoring it. CONTEXT: {"gateway":"bacs","country":""}
2026-02-21T18:44:04+00:00 DEBUG Received invalid country code when getting provider links. Ignoring it. CONTEXT: {"gateway":"cheque","country":""}
2026-02-21T18:44:04+00:00 DEBUG Received invalid country code when getting provider links. Ignoring it. CONTEXT: {"gateway":"cod","country":""}
2026-02-21T18:44:04+00:00 DEBUG Received invalid country code when getting provider links. Ignoring it. CONTEXT: {"gateway":"ppcp-gateway","country":""}
2026-02-21T18:44:04+00:00 DEBUG Received invalid country code when getting provider links. Ignoring it. CONTEXT: {"gateway":"woocommerce_payments_bancontact","country":""}
2026-02-21T18:44:04+00:00 DEBUG Received invalid country code when getting provider links. Ignoring it. CONTEXT: {"gateway":"woocommerce_payments_sepa_debit","country":""}
2026-02-21T18:44:04+00:00 DEBUG Received invalid country code when getting provider links. Ignoring it. CONTEXT: {"gateway":"woocommerce_payments_giropay","country":""}
2026-02-21T18:44:04+00:00 DEBUG Received invalid country code when getting provider links. Ignoring it. CONTEXT: {"gateway":"woocommerce_payments_sofort","country":""}
2026-02-21T18:44:04+00:00 DEBUG Received invalid country code when getting provider links. Ignoring it. CONTEXT: {"gateway":"woocommerce_payments_p24","country":""}
2026-02-21T18:44:04+00:00 DEBUG Received invalid country code when getting provider links. Ignoring it. CONTEXT: {"gateway":"woocommerce_payments_ideal","country":""}
2026-02-21T18:44:04+00:00 DEBUG Received invalid country code when getting provider links. Ignoring it. CONTEXT: {"gateway":"woocommerce_payments_au_becs_debit","country":""}
2026-02-21T18:44:04+00:00 DEBUG Received invalid country code when getting provider links. Ignoring it. CONTEXT: {"gateway":"woocommerce_payments_eps","country":""}
2026-02-21T18:44:04+00:00 DEBUG Received invalid country code when getting provider links. Ignoring it. CONTEXT: {"gateway":"woocommerce_payments_affirm","country":""}
2026-02-21T18:44:04+00:00 DEBUG Received invalid country code when getting provider links. Ignoring it. CONTEXT: {"gateway":"woocommerce_payments_afterpay_clearpay","country":""}
2026-02-21T18:44:04+00:00 DEBUG Received invalid country code when getting provider links. Ignoring it. CONTEXT: {"gateway":"woocommerce_payments_klarna","country":""}
2026-02-21T18:44:04+00:00 DEBUG Received invalid country code when getting provider links. Ignoring it. CONTEXT: {"gateway":"woocommerce_payments_multibanco","country":""}
2026-02-21T18:44:04+00:00 DEBUG Received invalid country code when getting provider links. Ignoring it. CONTEXT: {"gateway":"woocommerce_payments_grabpay","country":""}
2026-02-21T18:44:04+00:00 DEBUG Received invalid country code when getting provider links. Ignoring it. CONTEXT: {"gateway":"woocommerce_payments_alipay","country":""}
2026-02-21T18:44:04+00:00 DEBUG Received invalid country code when getting provider links. Ignoring it. CONTEXT: {"gateway":"woocommerce_payments_wechat_pay","country":""}
2026-02-21T18:44:04+00:00 DEBUG Received invalid country code when getting provider links. Ignoring it. CONTEXT: {"gateway":"woocommerce_payments","country":""}
2026-02-21T18:44:04+00:00 DEBUG Received invalid country code when getting provider links. Ignoring it. CONTEXT: {"gateway":"woocommerce_payments_bancontact","country":""}
2026-02-21T18:44:04+00:00 DEBUG Received invalid country code when getting provider links. Ignoring it. CONTEXT: {"gateway":"woocommerce_payments_sepa_debit","country":""}
2026-02-21T18:44:04+00:00 DEBUG Received invalid country code when getting provider links. Ignoring it. CONTEXT: {"gateway":"woocommerce_payments_giropay","country":""}
2026-02-21T18:44:04+00:00 DEBUG Received invalid country code when getting provider links. Ignoring it. CONTEXT: {"gateway":"woocommerce_payments_sofort","country":""}
2026-02-21T18:44:04+00:00 DEBUG Received invalid country code when getting provider links. Ignoring it. CONTEXT: {"gateway":"woocommerce_payments_p24","country":""}
2026-02-21T18:44:04+00:00 DEBUG Received invalid country code when getting provider links. Ignoring it. CONTEXT: {"gateway":"woocommerce_payments_ideal","country":""}
2026-02-21T18:44:04+00:00 DEBUG Received invalid country code when getting provider links. Ignoring it. CONTEXT: {"gateway":"woocommerce_payments_au_becs_debit","country":""}
2026-02-21T18:44:04+00:00 DEBUG Received invalid country code when getting provider links. Ignoring it. CONTEXT: {"gateway":"woocommerce_payments_eps","country":""}
2026-02-21T18:44:04+00:00 DEBUG Received invalid country code when getting provider links. Ignoring it. CONTEXT: {"gateway":"woocommerce_payments_affirm","country":""}
2026-02-21T18:44:04+00:00 DEBUG Received invalid country code when getting provider links. Ignoring it. CONTEXT: {"gateway":"woocommerce_payments_afterpay_clearpay","country":""}
2026-02-21T18:44:04+00:00 DEBUG Received invalid country code when getting provider links. Ignoring it. CONTEXT: {"gateway":"woocommerce_payments_klarna","country":""}
2026-02-21T18:44:04+00:00 DEBUG Received invalid country code when getting provider links. Ignoring it. CONTEXT: {"gateway":"woocommerce_payments_multibanco","country":""}
2026-02-21T18:44:04+00:00 DEBUG Received invalid country code when getting provider links. Ignoring it. CONTEXT: {"gateway":"woocommerce_payments_grabpay","country":""}
2026-02-21T18:44:04+00:00 DEBUG Received invalid country code when getting provider links. Ignoring it. CONTEXT: {"gateway":"woocommerce_payments_alipay","country":""}
2026-02-21T18:44:04+00:00 DEBUG Received invalid country code when getting provider links. Ignoring it. CONTEXT: {"gateway":"woocommerce_payments_wechat_pay","country":""}
2026-02-21T18:44:04+00:00 DEBUG Received invalid country code when getting provider links. Ignoring it. CONTEXT: {"gateway":"bacs","country":""}
2026-02-21T18:44:04+00:00 DEBUG Received invalid country code when getting provider links. Ignoring it. CONTEXT: {"gateway":"cheque","country":""}
2026-02-21T18:44:04+00:00 DEBUG Received invalid country code when getting provider links. Ignoring it. CONTEXT: {"gateway":"cod","country":""}
2026-02-21T18:44:04+00:00 DEBUG Received invalid country code when getting provider links. Ignoring it. CONTEXT: {"gateway":"ppcp-gateway","country":""}
2026-02-21T18:44:04+00:00 DEBUG Received invalid country code when getting provider links. Ignoring it. CONTEXT: {"gateway":"woocommerce_payments_bancontact","country":""}
2026-02-21T18:44:04+00:00 DEBUG Received invalid country code when getting provider links. Ignoring it. CONTEXT: {"gateway":"woocommerce_payments_sepa_debit","country":""}
2026-02-21T18:44:04+00:00 DEBUG Received invalid country code when getting provider links. Ignoring it. CONTEXT: {"gateway":"woocommerce_payments_giropay","country":""}
2026-02-21T18:44:04+00:00 DEBUG Received invalid country code when getting provider links. Ignoring it. CONTEXT: {"gateway":"woocommerce_payments_sofort","country":""}
2026-02-21T18:44:04+00:00 DEBUG Received invalid country code when getting provider links. Ignoring it. CONTEXT: {"gateway":"woocommerce_payments_p24","country":""}
2026-02-21T18:44:04+00:00 DEBUG Received invalid country code when getting provider links. Ignoring it. CONTEXT: {"gateway":"woocommerce_payments_ideal","country":""}
2026-02-21T18:44:04+00:00 DEBUG Received invalid country code when getting provider links. Ignoring it. CONTEXT: {"gateway":"woocommerce_payments_au_becs_debit","country":""}
2026-02-21T18:44:04+00:00 DEBUG Received invalid country code when getting provider links. Ignoring it. CONTEXT: {"gateway":"woocommerce_payments_eps","country":""}
2026-02-21T18:44:04+00:00 DEBUG Received invalid country code when getting provider links. Ignoring it. CONTEXT: {"gateway":"woocommerce_payments_affirm","country":""}
2026-02-21T18:44:04+00:00 DEBUG Received invalid country code when getting provider links. Ignoring it. CONTEXT: {"gateway":"woocommerce_payments_afterpay_clearpay","country":""}
2026-02-21T18:44:04+00:00 DEBUG Received invalid country code when getting provider links. Ignoring it. CONTEXT: {"gateway":"woocommerce_payments_klarna","country":""}
2026-02-21T18:44:04+00:00 DEBUG Received invalid country code when getting provider links. Ignoring it. CONTEXT: {"gateway":"woocommerce_payments_multibanco","country":""}
2026-02-21T18:44:04+00:00 DEBUG Received invalid country code when getting provider links. Ignoring it. CONTEXT: {"gateway":"woocommerce_payments_grabpay","country":""}
2026-02-21T18:44:04+00:00 DEBUG Received invalid country code when getting provider links. Ignoring it. CONTEXT: {"gateway":"woocommerce_payments_alipay","country":""}
2026-02-21T18:44:04+00:00 DEBUG Received invalid country code when getting provider links. Ignoring it. CONTEXT: {"gateway":"woocommerce_payments_wechat_pay","country":""}
2026-02-21T18:44:04+00:00 DEBUG Received invalid country code when getting provider links. Ignoring it. CONTEXT: {"gateway":"woocommerce_payments","country":""}
2026-02-21T18:44:04+00:00 DEBUG Received invalid country code when getting provider links. Ignoring it. CONTEXT: {"gateway":"woocommerce_payments_bancontact","country":""}
2026-02-21T18:44:04+00:00 DEBUG Received invalid country code when getting provider links. Ignoring it. CONTEXT: {"gateway":"woocommerce_payments_sepa_debit","country":""}
2026-02-21T18:44:04+00:00 DEBUG Received invalid country code when getting provider links. Ignoring it. CONTEXT: {"gateway":"woocommerce_payments_giropay","country":""}
2026-02-21T18:44:04+00:00 DEBUG Received invalid country code when getting provider links. Ignoring it. CONTEXT: {"gateway":"woocommerce_payments_sofort","country":""}
2026-02-21T18:44:04+00:00 DEBUG Received invalid country code when getting provider links. Ignoring it. CONTEXT: {"gateway":"woocommerce_payments_p24","country":""}
2026-02-21T18:44:04+00:00 DEBUG Received invalid country code when getting provider links. Ignoring it. CONTEXT: {"gateway":"woocommerce_payments_ideal","country":""}
2026-02-21T18:44:04+00:00 DEBUG Received invalid country code when getting provider links. Ignoring it. CONTEXT: {"gateway":"woocommerce_payments_au_becs_debit","country":""}
2026-02-21T18:44:04+00:00 DEBUG Received invalid country code when getting provider links. Ignoring it. CONTEXT: {"gateway":"woocommerce_payments_eps","country":""}
2026-02-21T18:44:04+00:00 DEBUG Received invalid country code when getting provider links. Ignoring it. CONTEXT: {"gateway":"woocommerce_payments_affirm","country":""}
2026-02-21T18:44:04+00:00 DEBUG Received invalid country code when getting provider links. Ignoring it. CONTEXT: {"gateway":"woocommerce_payments_afterpay_clearpay","country":""}
2026-02-21T18:44:04+00:00 DEBUG Received invalid country code when getting provider links. Ignoring it. CONTEXT: {"gateway":"woocommerce_payments_klarna","country":""}
2026-02-21T18:44:04+00:00 DEBUG Received invalid country code when getting provider links. Ignoring it. CONTEXT: {"gateway":"woocommerce_payments_multibanco","country":""}
2026-02-21T18:44:04+00:00 DEBUG Received invalid country code when getting provider links. Ignoring it. CONTEXT: {"gateway":"woocommerce_payments_grabpay","country":""}
2026-02-21T18:44:04+00:00 DEBUG Received invalid country code when getting provider links. Ignoring it. CONTEXT: {"gateway":"woocommerce_payments_alipay","country":""}
2026-02-21T18:44:04+00:00 DEBUG Received invalid country code when getting provider links. Ignoring it. CONTEXT: {"gateway":"woocommerce_payments_wechat_pay","country":""}
2026-02-21T18:44:04+00:00 DEBUG Received invalid country code when getting provider links. Ignoring it. CONTEXT: {"gateway":"bacs","country":""}
2026-02-21T18:44:04+00:00 DEBUG Received invalid country code when getting provider links. Ignoring it. CONTEXT: {"gateway":"cheque","country":""}
2026-02-21T18:44:04+00:00 DEBUG Received invalid country code when getting provider links. Ignoring it. CONTEXT: {"gateway":"cod","country":""}
2026-02-21T18:44:04+00:00 DEBUG Received invalid country code when getting provider links. Ignoring it. CONTEXT: {"gateway":"ppcp-gateway","country":""}
2026-02-21T18:44:04+00:00 DEBUG Received invalid country code when getting provider links. Ignoring it. CONTEXT: {"gateway":"woocommerce_payments_bancontact","country":""}
2026-02-21T18:44:04+00:00 DEBUG Received invalid country code when getting provider links. Ignoring it. CONTEXT: {"gateway":"woocommerce_payments_sepa_debit","country":""}
2026-02-21T18:44:04+00:00 DEBUG Received invalid country code when getting provider links. Ignoring it. CONTEXT: {"gateway":"woocommerce_payments_giropay","country":""}
2026-02-21T18:44:04+00:00 DEBUG Received invalid country code when getting provider links. Ignoring it. CONTEXT: {"gateway":"woocommerce_payments_sofort","country":""}
2026-02-21T18:44:04+00:00 DEBUG Received invalid country code when getting provider links. Ignoring it. CONTEXT: {"gateway":"woocommerce_payments_p24","country":""}
2026-02-21T18:44:04+00:00 DEBUG Received invalid country code when getting provider links. Ignoring it. CONTEXT: {"gateway":"woocommerce_payments_ideal","country":""}
2026-02-21T18:44:04+00:00 DEBUG Received invalid country code when getting provider links. Ignoring it. CONTEXT: {"gateway":"woocommerce_payments_au_becs_debit","country":""}
2026-02-21T18:44:04+00:00 DEBUG Received invalid country code when getting provider links. Ignoring it. CONTEXT: {"gateway":"woocommerce_payments_eps","country":""}
2026-02-21T18:44:04+00:00 DEBUG Received invalid country code when getting provider links. Ignoring it. CONTEXT: {"gateway":"woocommerce_payments_affirm","country":""}
2026-02-21T18:44:04+00:00 DEBUG Received invalid country code when getting provider links. Ignoring it. CONTEXT: {"gateway":"woocommerce_payments_afterpay_clearpay","country":""}
2026-02-21T18:44:04+00:00 DEBUG Received invalid country code when getting provider links. Ignoring it. CONTEXT: {"gateway":"woocommerce_payments_klarna","country":""}
2026-02-21T18:44:04+00:00 DEBUG Received invalid country code when getting provider links. Ignoring it. CONTEXT: {"gateway":"woocommerce_payments_multibanco","country":""}
2026-02-21T18:44:04+00:00 DEBUG Received invalid country code when getting provider links. Ignoring it. CONTEXT: {"gateway":"woocommerce_payments_grabpay","country":""}
2026-02-21T18:44:04+00:00 DEBUG Received invalid country code when getting provider links. Ignoring it. CONTEXT: {"gateway":"woocommerce_payments_alipay","country":""}
2026-02-21T18:44:04+00:00 DEBUG Received invalid country code when getting provider links. Ignoring it. CONTEXT: {"gateway":"woocommerce_payments_wechat_pay","country":""}
2026-02-21T18:44:04+00:00 DEBUG Received invalid country code when getting provider links. Ignoring it. CONTEXT: {"gateway":"woocommerce_payments","country":""}
2026-02-21T18:44:04+00:00 DEBUG Received invalid country code when getting provider links. Ignoring it. CONTEXT: {"gateway":"woocommerce_payments_bancontact","country":""}
2026-02-21T18:44:04+00:00 DEBUG Received invalid country code when getting provider links. Ignoring it. CONTEXT: {"gateway":"woocommerce_payments_sepa_debit","country":""}
2026-02-21T18:44:04+00:00 DEBUG Received invalid country code when getting provider links. Ignoring it. CONTEXT: {"gateway":"woocommerce_payments_giropay","country":""}
2026-02-21T18:44:04+00:00 DEBUG Received invalid country code when getting provider links. Ignoring it. CONTEXT: {"gateway":"woocommerce_payments_sofort","country":""}
2026-02-21T18:44:04+00:00 DEBUG Received invalid country code when getting provider links. Ignoring it. CONTEXT: {"gateway":"woocommerce_payments_p24","country":""}
2026-02-21T18:44:04+00:00 DEBUG Received invalid country code when getting provider links. Ignoring it. CONTEXT: {"gateway":"woocommerce_payments_ideal","country":""}
2026-02-21T18:44:04+00:00 DEBUG Received invalid country code when getting provider links. Ignoring it. CONTEXT: {"gateway":"woocommerce_payments_au_becs_debit","country":""}
2026-02-21T18:44:04+00:00 DEBUG Received invalid country code when getting provider links. Ignoring it. CONTEXT: {"gateway":"woocommerce_payments_eps","country":""}
2026-02-21T18:44:04+00:00 DEBUG Received invalid country code when getting provider links. Ignoring it. CONTEXT: {"gateway":"woocommerce_payments_affirm","country":""}
2026-02-21T18:44:04+00:00 DEBUG Received invalid country code when getting provider links. Ignoring it. CONTEXT: {"gateway":"woocommerce_payments_afterpay_clearpay","country":""}
2026-02-21T18:44:04+00:00 DEBUG Received invalid country code when getting provider links. Ignoring it. CONTEXT: {"gateway":"woocommerce_payments_klarna","country":""}
2026-02-21T18:44:04+00:00 DEBUG Received invalid country code when getting provider links. Ignoring it. CONTEXT: {"gateway":"woocommerce_payments_multibanco","country":""}
2026-02-21T18:44:04+00:00 DEBUG Received invalid country code when getting provider links. Ignoring it. CONTEXT: {"gateway":"woocommerce_payments_grabpay","country":""}
2026-02-21T18:44:04+00:00 DEBUG Received invalid country code when getting provider links. Ignoring it. CONTEXT: {"gateway":"woocommerce_payments_alipay","country":""}
2026-02-21T18:44:04+00:00 DEBUG Received invalid country code when getting provider links. Ignoring it. CONTEXT: {"gateway":"woocommerce_payments_wechat_pay","country":""}
2026-02-21T18:44:04+00:00 DEBUG Received invalid country code when getting provider links. Ignoring it. CONTEXT: {"gateway":"bacs","country":""}
2026-02-21T18:44:04+00:00 DEBUG Received invalid country code when getting provider links. Ignoring it. CONTEXT: {"gateway":"cheque","country":""}
2026-02-21T18:44:04+00:00 DEBUG Received invalid country code when getting provider links. Ignoring it. CONTEXT: {"gateway":"cod","country":""}
2026-02-21T18:44:04+00:00 DEBUG Received invalid country code when getting provider links. Ignoring it. CONTEXT: {"gateway":"ppcp-gateway","country":""}
2026-02-21T18:44:04+00:00 DEBUG Received invalid country code when getting provider links. Ignoring it. CONTEXT: {"gateway":"woocommerce_payments_bancontact","country":""}
2026-02-21T18:44:04+00:00 DEBUG Received invalid country code when getting provider links. Ignoring it. CONTEXT: {"gateway":"woocommerce_payments_sepa_debit","country":""}
2026-02-21T18:44:04+00:00 DEBUG Received invalid country code when getting provider links. Ignoring it. CONTEXT: {"gateway":"woocommerce_payments_giropay","country":""}
2026-02-21T18:44:04+00:00 DEBUG Received invalid country code when getting provider links. Ignoring it. CONTEXT: {"gateway":"woocommerce_payments_sofort","country":""}
2026-02-21T18:44:04+00:00 DEBUG Received invalid country code when getting provider links. Ignoring it. CONTEXT: {"gateway":"woocommerce_payments_p24","country":""}
2026-02-21T18:44:04+00:00 DEBUG Received invalid country code when getting provider links. Ignoring it. CONTEXT: {"gateway":"woocommerce_payments_ideal","country":""}
2026-02-21T18:44:04+00:00 DEBUG Received invalid country code when getting provider links. Ignoring it. CONTEXT: {"gateway":"woocommerce_payments_au_becs_debit","country":""}
2026-02-21T18:44:04+00:00 DEBUG Received invalid country code when getting provider links. Ignoring it. CONTEXT: {"gateway":"woocommerce_payments_eps","country":""}
2026-02-21T18:44:04+00:00 DEBUG Received invalid country code when getting provider links. Ignoring it. CONTEXT: {"gateway":"woocommerce_payments_affirm","country":""}
2026-02-21T18:44:04+00:00 DEBUG Received invalid country code when getting provider links. Ignoring it. CONTEXT: {"gateway":"woocommerce_payments_afterpay_clearpay","country":""}
2026-02-21T18:44:04+00:00 DEBUG Received invalid country code when getting provider links. Ignoring it. CONTEXT: {"gateway":"woocommerce_payments_klarna","country":""}
2026-02-21T18:44:04+00:00 DEBUG Received invalid country code when getting provider links. Ignoring it. CONTEXT: {"gateway":"woocommerce_payments_multibanco","country":""}
2026-02-21T18:44:04+00:00 DEBUG Received invalid country code when getting provider links. Ignoring it. CONTEXT: {"gateway":"woocommerce_payments_grabpay","country":""}
2026-02-21T18:44:04+00:00 DEBUG Received invalid country code when getting provider links. Ignoring it. CONTEXT: {"gateway":"woocommerce_payments_alipay","country":""}
2026-02-21T18:44:04+00:00 DEBUG Received invalid country code when getting provider links. Ignoring it. CONTEXT: {"gateway":"woocommerce_payments_wechat_pay","country":""}
2026-02-21T18:44:04+00:00 DEBUG Received invalid country code when getting provider links. Ignoring it. CONTEXT: {"gateway":"woocommerce_payments","country":""}
2026-02-21T18:44:04+00:00 DEBUG Received invalid country code when getting provider links. Ignoring it. CONTEXT: {"gateway":"woocommerce_payments_bancontact","country":""}
2026-02-21T18:44:04+00:00 DEBUG Received invalid country code when getting provider links. Ignoring it. CONTEXT: {"gateway":"woocommerce_payments_sepa_debit","country":""}
2026-02-21T18:44:04+00:00 DEBUG Received invalid country code when getting provider links. Ignoring it. CONTEXT: {"gateway":"woocommerce_payments_giropay","country":""}
2026-02-21T18:44:04+00:00 DEBUG Received invalid country code when getting provider links. Ignoring it. CONTEXT: {"gateway":"woocommerce_payments_sofort","country":""}
2026-02-21T18:44:04+00:00 DEBUG Received invalid country code when getting provider links. Ignoring it. CONTEXT: {"gateway":"woocommerce_payments_p24","country":""}
2026-02-21T18:44:04+00:00 DEBUG Received invalid country code when getting provider links. Ignoring it. CONTEXT: {"gateway":"woocommerce_payments_ideal","country":""}
2026-02-21T18:44:04+00:00 DEBUG Received invalid country code when getting provider links. Ignoring it. CONTEXT: {"gateway":"woocommerce_payments_au_becs_debit","country":""}
2026-02-21T18:44:04+00:00 DEBUG Received invalid country code when getting provider links. Ignoring it. CONTEXT: {"gateway":"woocommerce_payments_eps","country":""}
2026-02-21T18:44:04+00:00 DEBUG Received invalid country code when getting provider links. Ignoring it. CONTEXT: {"gateway":"woocommerce_payments_affirm","country":""}
2026-02-21T18:44:04+00:00 DEBUG Received invalid country code when getting provider links. Ignoring it. CONTEXT: {"gateway":"woocommerce_payments_afterpay_clearpay","country":""}
2026-02-21T18:44:04+00:00 DEBUG Received invalid country code when getting provider links. Ignoring it. CONTEXT: {"gateway":"woocommerce_payments_klarna","country":""}
2026-02-21T18:44:04+00:00 DEBUG Received invalid country code when getting provider links. Ignoring it. CONTEXT: {"gateway":"woocommerce_payments_multibanco","country":""}
2026-02-21T18:44:04+00:00 DEBUG Received invalid country code when getting provider links. Ignoring it. CONTEXT: {"gateway":"woocommerce_payments_grabpay","country":""}
2026-02-21T18:44:04+00:00 DEBUG Received invalid country code when getting provider links. Ignoring it. CONTEXT: {"gateway":"woocommerce_payments_alipay","country":""}
2026-02-21T18:44:04+00:00 DEBUG Received invalid country code when getting provider links. Ignoring it. CONTEXT: {"gateway":"woocommerce_payments_wechat_pay","country":""}
2026-02-21T18:44:04+00:00 DEBUG Received invalid country code when getting provider links. Ignoring it. CONTEXT: {"gateway":"bacs","country":""}
2026-02-21T18:44:04+00:00 DEBUG Received invalid country code when getting provider links. Ignoring it. CONTEXT: {"gateway":"cheque","country":""}
2026-02-21T18:44:04+00:00 DEBUG Received invalid country code when getting provider links. Ignoring it. CONTEXT: {"gateway":"cod","country":""}
2026-02-21T18:44:04+00:00 DEBUG Received invalid country code when getting provider links. Ignoring it. CONTEXT: {"gateway":"ppcp-gateway","country":""}
2026-02-21T18:44:04+00:00 DEBUG Received invalid country code when getting provider links. Ignoring it. CONTEXT: {"gateway":"woocommerce_payments_bancontact","country":""}
2026-02-21T18:44:04+00:00 DEBUG Received invalid country code when getting provider links. Ignoring it. CONTEXT: {"gateway":"woocommerce_payments_sepa_debit","country":""}
2026-02-21T18:44:04+00:00 DEBUG Received invalid country code when getting provider links. Ignoring it. CONTEXT: {"gateway":"woocommerce_payments_giropay","country":""}
2026-02-21T18:44:04+00:00 DEBUG Received invalid country code when getting provider links. Ignoring it. CONTEXT: {"gateway":"woocommerce_payments_sofort","country":""}
2026-02-21T18:44:04+00:00 DEBUG Received invalid country code when getting provider links. Ignoring it. CONTEXT: {"gateway":"woocommerce_payments_p24","country":""}
2026-02-21T18:44:04+00:00 DEBUG Received invalid country code when getting provider links. Ignoring it. CONTEXT: {"gateway":"woocommerce_payments_ideal","country":""}
2026-02-21T18:44:04+00:00 DEBUG Received invalid country code when getting provider links. Ignoring it. CONTEXT: {"gateway":"woocommerce_payments_au_becs_debit","country":""}
2026-02-21T18:44:04+00:00 DEBUG Received invalid country code when getting provider links. Ignoring it. CONTEXT: {"gateway":"woocommerce_payments_eps","country":""}
2026-02-21T18:44:04+00:00 DEBUG Received invalid country code when getting provider links. Ignoring it. CONTEXT: {"gateway":"woocommerce_payments_affirm","country":""}
2026-02-21T18:44:04+00:00 DEBUG Received invalid country code when getting provider links. Ignoring it. CONTEXT: {"gateway":"woocommerce_payments_afterpay_clearpay","country":""}
2026-02-21T18:44:04+00:00 DEBUG Received invalid country code when getting provider links. Ignoring it. CONTEXT: {"gateway":"woocommerce_payments_klarna","country":""}
2026-02-21T18:44:04+00:00 DEBUG Received invalid country code when getting provider links. Ignoring it. CONTEXT: {"gateway":"woocommerce_payments_multibanco","country":""}
2026-02-21T18:44:04+00:00 DEBUG Received invalid country code when getting provider links. Ignoring it. CONTEXT: {"gateway":"woocommerce_payments_grabpay","country":""}
2026-02-21T18:44:04+00:00 DEBUG Received invalid country code when getting provider links. Ignoring it. CONTEXT: {"gateway":"woocommerce_payments_alipay","country":""}
2026-02-21T18:44:04+00:00 DEBUG Received invalid country code when getting provider links. Ignoring it. CONTEXT: {"gateway":"woocommerce_payments_wechat_pay","country":""}
2026-02-21T18:44:04+00:00 DEBUG Received invalid country code when getting provider links. Ignoring it. CONTEXT: {"gateway":"woocommerce_payments","country":""}
2026-02-21T18:44:04+00:00 DEBUG Received invalid country code when getting provider links. Ignoring it. CONTEXT: {"gateway":"woocommerce_payments_bancontact","country":""}
2026-02-21T18:44:04+00:00 DEBUG Received invalid country code when getting provider links. Ignoring it. CONTEXT: {"gateway":"woocommerce_payments_sepa_debit","country":""}
2026-02-21T18:44:04+00:00 DEBUG Received invalid country code when getting provider links. Ignoring it. CONTEXT: {"gateway":"woocommerce_payments_giropay","country":""}
2026-02-21T18:44:04+00:00 DEBUG Received invalid country code when getting provider links. Ignoring it. CONTEXT: {"gateway":"woocommerce_payments_sofort","country":""}
2026-02-21T18:44:04+00:00 DEBUG Received invalid country code when getting provider links. Ignoring it. CONTEXT: {"gateway":"woocommerce_payments_p24","country":""}
2026-02-21T18:44:04+00:00 DEBUG Received invalid country code when getting provider links. Ignoring it. CONTEXT: {"gateway":"woocommerce_payments_ideal","country":""}
2026-02-21T18:44:04+00:00 DEBUG Received invalid country code when getting provider links. Ignoring it. CONTEXT: {"gateway":"woocommerce_payments_au_becs_debit","country":""}
2026-02-21T18:44:04+00:00 DEBUG Received invalid country code when getting provider links. Ignoring it. CONTEXT: {"gateway":"woocommerce_payments_eps","country":""}
2026-02-21T18:44:04+00:00 DEBUG Received invalid country code when getting provider links. Ignoring it. CONTEXT: {"gateway":"woocommerce_payments_affirm","country":""}
2026-02-21T18:44:04+00:00 DEBUG Received invalid country code when getting provider links. Ignoring it. CONTEXT: {"gateway":"woocommerce_payments_afterpay_clearpay","country":""}
2026-02-21T18:44:04+00:00 DEBUG Received invalid country code when getting provider links. Ignoring it. CONTEXT: {"gateway":"woocommerce_payments_klarna","country":""}
2026-02-21T18:44:04+00:00 DEBUG Received invalid country code when getting provider links. Ignoring it. CONTEXT: {"gateway":"woocommerce_payments_multibanco","country":""}
2026-02-21T18:44:04+00:00 DEBUG Received invalid country code when getting provider links. Ignoring it. CONTEXT: {"gateway":"woocommerce_payments_grabpay","country":""}
2026-02-21T18:44:04+00:00 DEBUG Received invalid country code when getting provider links. Ignoring it. CONTEXT: {"gateway":"woocommerce_payments_alipay","country":""}
2026-02-21T18:44:04+00:00 DEBUG Received invalid country code when getting provider links. Ignoring it. CONTEXT: {"gateway":"woocommerce_payments_wechat_pay","country":""}
2026-02-21T18:44:04+00:00 DEBUG Received invalid country code when getting provider links. Ignoring it. CONTEXT: {"gateway":"bacs","country":""}
2026-02-21T18:44:04+00:00 DEBUG Received invalid country code when getting provider links. Ignoring it. CONTEXT: {"gateway":"cheque","country":""}
2026-02-21T18:44:04+00:00 DEBUG Received invalid country code when getting provider links. Ignoring it. CONTEXT: {"gateway":"cod","country":""}
2026-02-21T18:44:04+00:00 DEBUG Received invalid country code when getting provider links. Ignoring it. CONTEXT: {"gateway":"ppcp-gateway","country":""}
2026-02-21T18:44:04+00:00 DEBUG Received invalid country code when getting provider links. Ignoring it. CONTEXT: {"gateway":"woocommerce_payments_bancontact","country":""}
2026-02-21T18:44:04+00:00 DEBUG Received invalid country code when getting provider links. Ignoring it. CONTEXT: {"gateway":"woocommerce_payments_sepa_debit","country":""}
2026-02-21T18:44:04+00:00 DEBUG Received invalid country code when getting provider links. Ignoring it. CONTEXT: {"gateway":"woocommerce_payments_giropay","country":""}
2026-02-21T18:44:04+00:00 DEBUG Received invalid country code when getting provider links. Ignoring it. CONTEXT: {"gateway":"woocommerce_payments_sofort","country":""}
2026-02-21T18:44:04+00:00 DEBUG Received invalid country code when getting provider links. Ignoring it. CONTEXT: {"gateway":"woocommerce_payments_p24","country":""}
2026-02-21T18:44:04+00:00 DEBUG Received invalid country code when getting provider links. Ignoring it. CONTEXT: {"gateway":"woocommerce_payments_ideal","country":""}
2026-02-21T18:44:04+00:00 DEBUG Received invalid country code when getting provider links. Ignoring it. CONTEXT: {"gateway":"woocommerce_payments_au_becs_debit","country":""}
2026-02-21T18:44:04+00:00 DEBUG Received invalid country code when getting provider links. Ignoring it. CONTEXT: {"gateway":"woocommerce_payments_eps","country":""}
2026-02-21T18:44:04+00:00 DEBUG Received invalid country code when getting provider links. Ignoring it. CONTEXT: {"gateway":"woocommerce_payments_affirm","country":""}
2026-02-21T18:44:04+00:00 DEBUG Received invalid country code when getting provider links. Ignoring it. CONTEXT: {"gateway":"woocommerce_payments_afterpay_clearpay","country":""}
2026-02-21T18:44:04+00:00 DEBUG Received invalid country code when getting provider links. Ignoring it. CONTEXT: {"gateway":"woocommerce_payments_klarna","country":""}
2026-02-21T18:44:04+00:00 DEBUG Received invalid country code when getting provider links. Ignoring it. CONTEXT: {"gateway":"woocommerce_payments_multibanco","country":""}
2026-02-21T18:44:04+00:00 DEBUG Received invalid country code when getting provider links. Ignoring it. CONTEXT: {"gateway":"woocommerce_payments_grabpay","country":""}
2026-02-21T18:44:04+00:00 DEBUG Received invalid country code when getting provider links. Ignoring it. CONTEXT: {"gateway":"woocommerce_payments_alipay","country":""}
2026-02-21T18:44:04+00:00 DEBUG Received invalid country code when getting provider links. Ignoring it. CONTEXT: {"gateway":"woocommerce_payments_wechat_pay","country":""}
2026-02-21T18:44:04+00:00 DEBUG Received invalid country code when getting provider links. Ignoring it. CONTEXT: {"gateway":"woocommerce_payments","country":""}
2026-02-21T18:44:04+00:00 DEBUG Received invalid country code when getting provider links. Ignoring it. CONTEXT: {"gateway":"woocommerce_payments_bancontact","country":""}
2026-02-21T18:44:04+00:00 DEBUG Received invalid country code when getting provider links. Ignoring it. CONTEXT: {"gateway":"woocommerce_payments_sepa_debit","country":""}
2026-02-21T18:44:04+00:00 DEBUG Received invalid country code when getting provider links. Ignoring it. CONTEXT: {"gateway":"woocommerce_payments_giropay","country":""}
2026-02-21T18:44:04+00:00 DEBUG Received invalid country code when getting provider links. Ignoring it. CONTEXT: {"gateway":"woocommerce_payments_sofort","country":""}
2026-02-21T18:44:04+00:00 DEBUG Received invalid country code when getting provider links. Ignoring it. CONTEXT: {"gateway":"woocommerce_payments_p24","country":""}
2026-02-21T18:44:04+00:00 DEBUG Received invalid country code when getting provider links. Ignoring it. CONTEXT: {"gateway":"woocommerce_payments_ideal","country":""}
2026-02-21T18:44:04+00:00 DEBUG Received invalid country code when getting provider links. Ignoring it. CONTEXT: {"gateway":"woocommerce_payments_au_becs_debit","country":""}
2026-02-21T18:44:04+00:00 DEBUG Received invalid country code when getting provider links. Ignoring it. CONTEXT: {"gateway":"woocommerce_payments_eps","country":""}
2026-02-21T18:44:04+00:00 DEBUG Received invalid country code when getting provider links. Ignoring it. CONTEXT: {"gateway":"woocommerce_payments_affirm","country":""}
2026-02-21T18:44:04+00:00 DEBUG Received invalid country code when getting provider links. Ignoring it. CONTEXT: {"gateway":"woocommerce_payments_afterpay_clearpay","country":""}
2026-02-21T18:44:04+00:00 DEBUG Received invalid country code when getting provider links. Ignoring it. CONTEXT: {"gateway":"woocommerce_payments_klarna","country":""}
2026-02-21T18:44:04+00:00 DEBUG Received invalid country code when getting provider links. Ignoring it. CONTEXT: {"gateway":"woocommerce_payments_multibanco","country":""}
2026-02-21T18:44:04+00:00 DEBUG Received invalid country code when getting provider links. Ignoring it. CONTEXT: {"gateway":"woocommerce_payments_grabpay","country":""}
2026-02-21T18:44:04+00:00 DEBUG Received invalid country code when getting provider links. Ignoring it. CONTEXT: {"gateway":"woocommerce_payments_alipay","country":""}
2026-02-21T18:44:04+00:00 DEBUG Received invalid country code when getting provider links. Ignoring it. CONTEXT: {"gateway":"woocommerce_payments_wechat_pay","country":""}
2026-02-21T18:44:04+00:00 DEBUG Received invalid country code when getting provider links. Ignoring it. CONTEXT: {"gateway":"bacs","country":""}
2026-02-21T18:44:04+00:00 DEBUG Received invalid country code when getting provider links. Ignoring it. CONTEXT: {"gateway":"cheque","country":""}
2026-02-21T18:44:04+00:00 DEBUG Received invalid country code when getting provider links. Ignoring it. CONTEXT: {"gateway":"cod","country":""}
2026-02-21T18:44:04+00:00 DEBUG Received invalid country code when getting provider links. Ignoring it. CONTEXT: {"gateway":"ppcp-gateway","country":""}
2026-02-21T18:44:04+00:00 DEBUG Received invalid country code when getting provider links. Ignoring it. CONTEXT: {"gateway":"woocommerce_payments_bancontact","country":""}
2026-02-21T18:44:04+00:00 DEBUG Received invalid country code when getting provider links. Ignoring it. CONTEXT: {"gateway":"woocommerce_payments_sepa_debit","country":""}
2026-02-21T18:44:04+00:00 DEBUG Received invalid country code when getting provider links. Ignoring it. CONTEXT: {"gateway":"woocommerce_payments_giropay","country":""}
2026-02-21T18:44:04+00:00 DEBUG Received invalid country code when getting provider links. Ignoring it. CONTEXT: {"gateway":"woocommerce_payments_sofort","country":""}
2026-02-21T18:44:04+00:00 DEBUG Received invalid country code when getting provider links. Ignoring it. CONTEXT: {"gateway":"woocommerce_payments_p24","country":""}
2026-02-21T18:44:04+00:00 DEBUG Received invalid country code when getting provider links. Ignoring it. CONTEXT: {"gateway":"woocommerce_payments_ideal","country":""}
2026-02-21T18:44:04+00:00 DEBUG Received invalid country code when getting provider links. Ignoring it. CONTEXT: {"gateway":"woocommerce_payments_au_becs_debit","country":""}
2026-02-21T18:44:04+00:00 DEBUG Received invalid country code when getting provider links. Ignoring it. CONTEXT: {"gateway":"woocommerce_payments_eps","country":""}
2026-02-21T18:44:04+00:00 DEBUG Received invalid country code when getting provider links. Ignoring it. CONTEXT: {"gateway":"woocommerce_payments_affirm","country":""}
2026-02-21T18:44:04+00:00 DEBUG Received invalid country code when getting provider links. Ignoring it. CONTEXT: {"gateway":"woocommerce_payments_afterpay_clearpay","country":""}
2026-02-21T18:44:04+00:00 DEBUG Received invalid country code when getting provider links. Ignoring it. CONTEXT: {"gateway":"woocommerce_payments_klarna","country":""}
2026-02-21T18:44:04+00:00 DEBUG Received invalid country code when getting provider links. Ignoring it. CONTEXT: {"gateway":"woocommerce_payments_multibanco","country":""}
2026-02-21T18:44:04+00:00 DEBUG Received invalid country code when getting provider links. Ignoring it. CONTEXT: {"gateway":"woocommerce_payments_grabpay","country":""}
2026-02-21T18:44:04+00:00 DEBUG Received invalid country code when getting provider links. Ignoring it. CONTEXT: {"gateway":"woocommerce_payments_alipay","country":""}
2026-02-21T18:44:04+00:00 DEBUG Received invalid country code when getting provider links. Ignoring it. CONTEXT: {"gateway":"woocommerce_payments_wechat_pay","country":""}
2026-02-21T18:44:04+00:00 DEBUG Received invalid country code when getting provider links. Ignoring it. CONTEXT: {"gateway":"woocommerce_payments","country":""}
2026-02-21T18:44:04+00:00 DEBUG Received invalid country code when getting provider links. Ignoring it. CONTEXT: {"gateway":"woocommerce_payments_bancontact","country":""}
2026-02-21T18:44:04+00:00 DEBUG Received invalid country code when getting provider links. Ignoring it. CONTEXT: {"gateway":"woocommerce_payments_sepa_debit","country":""}
2026-02-21T18:44:04+00:00 DEBUG Received invalid country code when getting provider links. Ignoring it. CONTEXT: {"gateway":"woocommerce_payments_giropay","country":""}
2026-02-21T18:44:04+00:00 DEBUG Received invalid country code when getting provider links. Ignoring it. CONTEXT: {"gateway":"woocommerce_payments_sofort","country":""}
2026-02-21T18:44:04+00:00 DEBUG Received invalid country code when getting provider links. Ignoring it. CONTEXT: {"gateway":"woocommerce_payments_p24","country":""}
2026-02-21T18:44:04+00:00 DEBUG Received invalid country code when getting provider links. Ignoring it. CONTEXT: {"gateway":"woocommerce_payments_ideal","country":""}
2026-02-21T18:44:04+00:00 DEBUG Received invalid country code when getting provider links. Ignoring it. CONTEXT: {"gateway":"woocommerce_payments_au_becs_debit","country":""}
2026-02-21T18:44:04+00:00 DEBUG Received invalid country code when getting provider links. Ignoring it. CONTEXT: {"gateway":"woocommerce_payments_eps","country":""}
2026-02-21T18:44:04+00:00 DEBUG Received invalid country code when getting provider links. Ignoring it. CONTEXT: {"gateway":"woocommerce_payments_affirm","country":""}
2026-02-21T18:44:04+00:00 DEBUG Received invalid country code when getting provider links. Ignoring it. CONTEXT: {"gateway":"woocommerce_payments_afterpay_clearpay","country":""}
2026-02-21T18:44:04+00:00 DEBUG Received invalid country code when getting provider links. Ignoring it. CONTEXT: {"gateway":"woocommerce_payments_klarna","country":""}
2026-02-21T18:44:04+00:00 DEBUG Received invalid country code when getting provider links. Ignoring it. CONTEXT: {"gateway":"woocommerce_payments_multibanco","country":""}
2026-02-21T18:44:04+00:00 DEBUG Received invalid country code when getting provider links. Ignoring it. CONTEXT: {"gateway":"woocommerce_payments_grabpay","country":""}
2026-02-21T18:44:04+00:00 DEBUG Received invalid country code when getting provider links. Ignoring it. CONTEXT: {"gateway":"woocommerce_payments_alipay","country":""}
2026-02-21T18:44:04+00:00 DEBUG Received invalid country code when getting provider links. Ignoring it. CONTEXT: {"gateway":"woocommerce_payments_wechat_pay","country":""}
2026-02-21T18:44:04+00:00 DEBUG Received invalid country code when getting provider links. Ignoring it. CONTEXT: {"gateway":"bacs","country":""}
2026-02-21T18:44:04+00:00 DEBUG Received invalid country code when getting provider links. Ignoring it. CONTEXT: {"gateway":"cheque","country":""}
2026-02-21T18:44:04+00:00 DEBUG Received invalid country code when getting provider links. Ignoring it. CONTEXT: {"gateway":"cod","country":""}
2026-02-21T18:44:04+00:00 DEBUG Received invalid country code when getting provider links. Ignoring it. CONTEXT: {"gateway":"ppcp-gateway","country":""}
2026-02-21T18:44:04+00:00 DEBUG Received invalid country code when getting provider links. Ignoring it. CONTEXT: {"gateway":"woocommerce_payments_bancontact","country":""}
2026-02-21T18:44:04+00:00 DEBUG Received invalid country code when getting provider links. Ignoring it. CONTEXT: {"gateway":"woocommerce_payments_sepa_debit","country":""}
2026-02-21T18:44:04+00:00 DEBUG Received invalid country code when getting provider links. Ignoring it. CONTEXT: {"gateway":"woocommerce_payments_giropay","country":""}
2026-02-21T18:44:04+00:00 DEBUG Received invalid country code when getting provider links. Ignoring it. CONTEXT: {"gateway":"woocommerce_payments_sofort","country":""}
2026-02-21T18:44:04+00:00 DEBUG Received invalid country code when getting provider links. Ignoring it. CONTEXT: {"gateway":"woocommerce_payments_p24","country":""}
2026-02-21T18:44:04+00:00 DEBUG Received invalid country code when getting provider links. Ignoring it. CONTEXT: {"gateway":"woocommerce_payments_ideal","country":""}
2026-02-21T18:44:04+00:00 DEBUG Received invalid country code when getting provider links. Ignoring it. CONTEXT: {"gateway":"woocommerce_payments_au_becs_debit","country":""}
2026-02-21T18:44:04+00:00 DEBUG Received invalid country code when getting provider links. Ignoring it. CONTEXT: {"gateway":"woocommerce_payments_eps","country":""}
2026-02-21T18:44:04+00:00 DEBUG Received invalid country code when getting provider links. Ignoring it. CONTEXT: {"gateway":"woocommerce_payments_affirm","country":""}
2026-02-21T18:44:04+00:00 DEBUG Received invalid country code when getting provider links. Ignoring it. CONTEXT: {"gateway":"woocommerce_payments_afterpay_clearpay","country":""}
2026-02-21T18:44:04+00:00 DEBUG Received invalid country code when getting provider links. Ignoring it. CONTEXT: {"gateway":"woocommerce_payments_klarna","country":""}
2026-02-21T18:44:04+00:00 DEBUG Received invalid country code when getting provider links. Ignoring it. CONTEXT: {"gateway":"woocommerce_payments_multibanco","country":""}
2026-02-21T18:44:04+00:00 DEBUG Received invalid country code when getting provider links. Ignoring it. CONTEXT: {"gateway":"woocommerce_payments_grabpay","country":""}
2026-02-21T18:44:04+00:00 DEBUG Received invalid country code when getting provider links. Ignoring it. CONTEXT: {"gateway":"woocommerce_payments_alipay","country":""}
2026-02-21T18:44:04+00:00 DEBUG Received invalid country code when getting provider links. Ignoring it. CONTEXT: {"gateway":"woocommerce_payments_wechat_pay","country":""}
2026-02-21T18:44:04+00:00 DEBUG Received invalid country code when getting provider links. Ignoring it. CONTEXT: {"gateway":"woocommerce_payments","country":""}
2026-02-21T18:44:04+00:00 DEBUG Received invalid country code when getting provider links. Ignoring it. CONTEXT: {"gateway":"woocommerce_payments_bancontact","country":""}
2026-02-21T18:44:04+00:00 DEBUG Received invalid country code when getting provider links. Ignoring it. CONTEXT: {"gateway":"woocommerce_payments_sepa_debit","country":""}
2026-02-21T18:44:04+00:00 DEBUG Received invalid country code when getting provider links. Ignoring it. CONTEXT: {"gateway":"woocommerce_payments_giropay","country":""}
2026-02-21T18:44:04+00:00 DEBUG Received invalid country code when getting provider links. Ignoring it. CONTEXT: {"gateway":"woocommerce_payments_sofort","country":""}
2026-02-21T18:44:04+00:00 DEBUG Received invalid country code when getting provider links. Ignoring it. CONTEXT: {"gateway":"woocommerce_payments_p24","country":""}
2026-02-21T18:44:04+00:00 DEBUG Received invalid country code when getting provider links. Ignoring it. CONTEXT: {"gateway":"woocommerce_payments_ideal","country":""}
2026-02-21T18:44:04+00:00 DEBUG Received invalid country code when getting provider links. Ignoring it. CONTEXT: {"gateway":"woocommerce_payments_au_becs_debit","country":""}
2026-02-21T18:44:04+00:00 DEBUG Received invalid country code when getting provider links. Ignoring it. CONTEXT: {"gateway":"woocommerce_payments_eps","country":""}
2026-02-21T18:44:04+00:00 DEBUG Received invalid country code when getting provider links. Ignoring it. CONTEXT: {"gateway":"woocommerce_payments_affirm","country":""}
2026-02-21T18:44:04+00:00 DEBUG Received invalid country code when getting provider links. Ignoring it. CONTEXT: {"gateway":"woocommerce_payments_afterpay_clearpay","country":""}
2026-02-21T18:44:04+00:00 DEBUG Received invalid country code when getting provider links. Ignoring it. CONTEXT: {"gateway":"woocommerce_payments_klarna","country":""}
2026-02-21T18:44:04+00:00 DEBUG Received invalid country code when getting provider links. Ignoring it. CONTEXT: {"gateway":"woocommerce_payments_multibanco","country":""}
2026-02-21T18:44:04+00:00 DEBUG Received invalid country code when getting provider links. Ignoring it. CONTEXT: {"gateway":"woocommerce_payments_grabpay","country":""}
2026-02-21T18:44:04+00:00 DEBUG Received invalid country code when getting provider links. Ignoring it. CONTEXT: {"gateway":"woocommerce_payments_alipay","country":""}
2026-02-21T18:44:04+00:00 DEBUG Received invalid country code when getting provider links. Ignoring it. CONTEXT: {"gateway":"woocommerce_payments_wechat_pay","country":""}
2026-02-21T18:44:04+00:00 DEBUG Received invalid country code when getting provider links. Ignoring it. CONTEXT: {"gateway":"bacs","country":""}
2026-02-21T18:44:04+00:00 DEBUG Received invalid country code when getting provider links. Ignoring it. CONTEXT: {"gateway":"cheque","country":""}
2026-02-21T18:44:04+00:00 DEBUG Received invalid country code when getting provider links. Ignoring it. CONTEXT: {"gateway":"cod","country":""}
2026-02-21T18:44:04+00:00 DEBUG Received invalid country code when getting provider links. Ignoring it. CONTEXT: {"gateway":"ppcp-gateway","country":""}
2026-02-21T18:44:04+00:00 DEBUG Received invalid country code when getting provider links. Ignoring it. CONTEXT: {"gateway":"woocommerce_payments_bancontact","country":""}
2026-02-21T18:44:04+00:00 DEBUG Received invalid country code when getting provider links. Ignoring it. CONTEXT: {"gateway":"woocommerce_payments_sepa_debit","country":""}
2026-02-21T18:44:04+00:00 DEBUG Received invalid country code when getting provider links. Ignoring it. CONTEXT: {"gateway":"woocommerce_payments_giropay","country":""}
2026-02-21T18:44:04+00:00 DEBUG Received invalid country code when getting provider links. Ignoring it. CONTEXT: {"gateway":"woocommerce_payments_sofort","country":""}
2026-02-21T18:44:04+00:00 DEBUG Received invalid country code when getting provider links. Ignoring it. CONTEXT: {"gateway":"woocommerce_payments_p24","country":""}
2026-02-21T18:44:04+00:00 DEBUG Received invalid country code when getting provider links. Ignoring it. CONTEXT: {"gateway":"woocommerce_payments_ideal","country":""}
2026-02-21T18:44:04+00:00 DEBUG Received invalid country code when getting provider links. Ignoring it. CONTEXT: {"gateway":"woocommerce_payments_au_becs_debit","country":""}
2026-02-21T18:44:04+00:00 DEBUG Received invalid country code when getting provider links. Ignoring it. CONTEXT: {"gateway":"woocommerce_payments_eps","country":""}
2026-02-21T18:44:04+00:00 DEBUG Received invalid country code when getting provider links. Ignoring it. CONTEXT: {"gateway":"woocommerce_payments_affirm","country":""}
2026-02-21T18:44:04+00:00 DEBUG Received invalid country code when getting provider links. Ignoring it. CONTEXT: {"gateway":"woocommerce_payments_afterpay_clearpay","country":""}
2026-02-21T18:44:04+00:00 DEBUG Received invalid country code when getting provider links. Ignoring it. CONTEXT: {"gateway":"woocommerce_payments_klarna","country":""}
2026-02-21T18:44:04+00:00 DEBUG Received invalid country code when getting provider links. Ignoring it. CONTEXT: {"gateway":"woocommerce_payments_multibanco","country":""}
2026-02-21T18:44:04+00:00 DEBUG Received invalid country code when getting provider links. Ignoring it. CONTEXT: {"gateway":"woocommerce_payments_grabpay","country":""}
2026-02-21T18:44:04+00:00 DEBUG Received invalid country code when getting provider links. Ignoring it. CONTEXT: {"gateway":"woocommerce_payments_alipay","country":""}
2026-02-21T18:44:04+00:00 DEBUG Received invalid country code when getting provider links. Ignoring it. CONTEXT: {"gateway":"woocommerce_payments_wechat_pay","country":""}
2026-02-21T18:44:04+00:00 DEBUG Received invalid country code when getting provider links. Ignoring it. CONTEXT: {"gateway":"woocommerce_payments","country":""}
2026-02-21T18:44:04+00:00 DEBUG Received invalid country code when getting provider links. Ignoring it. CONTEXT: {"gateway":"woocommerce_payments_bancontact","country":""}
2026-02-21T18:44:04+00:00 DEBUG Received invalid country code when getting provider links. Ignoring it. CONTEXT: {"gateway":"woocommerce_payments_sepa_debit","country":""}
2026-02-21T18:44:04+00:00 DEBUG Received invalid country code when getting provider links. Ignoring it. CONTEXT: {"gateway":"woocommerce_payments_giropay","country":""}
2026-02-21T18:44:04+00:00 DEBUG Received invalid country code when getting provider links. Ignoring it. CONTEXT: {"gateway":"woocommerce_payments_sofort","country":""}
2026-02-21T18:44:04+00:00 DEBUG Received invalid country code when getting provider links. Ignoring it. CONTEXT: {"gateway":"woocommerce_payments_p24","country":""}
2026-02-21T18:44:04+00:00 DEBUG Received invalid country code when getting provider links. Ignoring it. CONTEXT: {"gateway":"woocommerce_payments_ideal","country":""}
2026-02-21T18:44:04+00:00 DEBUG Received invalid country code when getting provider links. Ignoring it. CONTEXT: {"gateway":"woocommerce_payments_au_becs_debit","country":""}
2026-02-21T18:44:04+00:00 DEBUG Received invalid country code when getting provider links. Ignoring it. CONTEXT: {"gateway":"woocommerce_payments_eps","country":""}
2026-02-21T18:44:04+00:00 DEBUG Received invalid country code when getting provider links. Ignoring it. CONTEXT: {"gateway":"woocommerce_payments_affirm","country":""}
2026-02-21T18:44:04+00:00 DEBUG Received invalid country code when getting provider links. Ignoring it. CONTEXT: {"gateway":"woocommerce_payments_afterpay_clearpay","country":""}
2026-02-21T18:44:04+00:00 DEBUG Received invalid country code when getting provider links. Ignoring it. CONTEXT: {"gateway":"woocommerce_payments_klarna","country":""}
2026-02-21T18:44:04+00:00 DEBUG Received invalid country code when getting provider links. Ignoring it. CONTEXT: {"gateway":"woocommerce_payments_multibanco","country":""}
2026-02-21T18:44:04+00:00 DEBUG Received invalid country code when getting provider links. Ignoring it. CONTEXT: {"gateway":"woocommerce_payments_grabpay","country":""}
2026-02-21T18:44:04+00:00 DEBUG Received invalid country code when getting provider links. Ignoring it. CONTEXT: {"gateway":"woocommerce_payments_alipay","country":""}
2026-02-21T18:44:04+00:00 DEBUG Received invalid country code when getting provider links. Ignoring it. CONTEXT: {"gateway":"woocommerce_payments_wechat_pay","country":""}
2026-02-21T18:44:04+00:00 DEBUG Received invalid country code when getting provider links. Ignoring it. CONTEXT: {"gateway":"bacs","country":""}
2026-02-21T18:44:04+00:00 DEBUG Received invalid country code when getting provider links. Ignoring it. CONTEXT: {"gateway":"cheque","country":""}
2026-02-21T18:44:04+00:00 DEBUG Received invalid country code when getting provider links. Ignoring it. CONTEXT: {"gateway":"cod","country":""}
2026-02-21T18:44:04+00:00 DEBUG Received invalid country code when getting provider links. Ignoring it. CONTEXT: {"gateway":"ppcp-gateway","country":""}
2026-02-21T18:44:04+00:00 DEBUG Received invalid country code when getting provider links. Ignoring it. CONTEXT: {"gateway":"woocommerce_payments_bancontact","country":""}
2026-02-21T18:44:04+00:00 DEBUG Received invalid country code when getting provider links. Ignoring it. CONTEXT: {"gateway":"woocommerce_payments_sepa_debit","country":""}
2026-02-21T18:44:04+00:00 DEBUG Received invalid country code when getting provider links. Ignoring it. CONTEXT: {"gateway":"woocommerce_payments_giropay","country":""}
2026-02-21T18:44:04+00:00 DEBUG Received invalid country code when getting provider links. Ignoring it. CONTEXT: {"gateway":"woocommerce_payments_sofort","country":""}
2026-02-21T18:44:04+00:00 DEBUG Received invalid country code when getting provider links. Ignoring it. CONTEXT: {"gateway":"woocommerce_payments_p24","country":""}
2026-02-21T18:44:04+00:00 DEBUG Received invalid country code when getting provider links. Ignoring it. CONTEXT: {"gateway":"woocommerce_payments_ideal","country":""}
2026-02-21T18:44:04+00:00 DEBUG Received invalid country code when getting provider links. Ignoring it. CONTEXT: {"gateway":"woocommerce_payments_au_becs_debit","country":""}
2026-02-21T18:44:04+00:00 DEBUG Received invalid country code when getting provider links. Ignoring it. CONTEXT: {"gateway":"woocommerce_payments_eps","country":""}
2026-02-21T18:44:04+00:00 DEBUG Received invalid country code when getting provider links. Ignoring it. CONTEXT: {"gateway":"woocommerce_payments_affirm","country":""}
2026-02-21T18:44:04+00:00 DEBUG Received invalid country code when getting provider links. Ignoring it. CONTEXT: {"gateway":"woocommerce_payments_afterpay_clearpay","country":""}
2026-02-21T18:44:04+00:00 DEBUG Received invalid country code when getting provider links. Ignoring it. CONTEXT: {"gateway":"woocommerce_payments_klarna","country":""}
2026-02-21T18:44:04+00:00 DEBUG Received invalid country code when getting provider links. Ignoring it. CONTEXT: {"gateway":"woocommerce_payments_multibanco","country":""}
2026-02-21T18:44:04+00:00 DEBUG Received invalid country code when getting provider links. Ignoring it. CONTEXT: {"gateway":"woocommerce_payments_grabpay","country":""}
2026-02-21T18:44:04+00:00 DEBUG Received invalid country code when getting provider links. Ignoring it. CONTEXT: {"gateway":"woocommerce_payments_alipay","country":""}
2026-02-21T18:44:04+00:00 DEBUG Received invalid country code when getting provider links. Ignoring it. CONTEXT: {"gateway":"woocommerce_payments_wechat_pay","country":""}
2026-02-21T18:44:04+00:00 DEBUG Received invalid country code when getting provider links. Ignoring it. CONTEXT: {"gateway":"woocommerce_payments","country":""}
2026-02-21T18:44:04+00:00 DEBUG Received invalid country code when getting provider links. Ignoring it. CONTEXT: {"gateway":"woocommerce_payments_bancontact","country":""}
2026-02-21T18:44:04+00:00 DEBUG Received invalid country code when getting provider links. Ignoring it. CONTEXT: {"gateway":"woocommerce_payments_sepa_debit","country":""}
2026-02-21T18:44:04+00:00 DEBUG Received invalid country code when getting provider links. Ignoring it. CONTEXT: {"gateway":"woocommerce_payments_giropay","country":""}
2026-02-21T18:44:04+00:00 DEBUG Received invalid country code when getting provider links. Ignoring it. CONTEXT: {"gateway":"woocommerce_payments_sofort","country":""}
2026-02-21T18:44:04+00:00 DEBUG Received invalid country code when getting provider links. Ignoring it. CONTEXT: {"gateway":"woocommerce_payments_p24","country":""}
2026-02-21T18:44:04+00:00 DEBUG Received invalid country code when getting provider links. Ignoring it. CONTEXT: {"gateway":"woocommerce_payments_ideal","country":""}
2026-02-21T18:44:04+00:00 DEBUG Received invalid country code when getting provider links. Ignoring it. CONTEXT: {"gateway":"woocommerce_payments_au_becs_debit","country":""}
2026-02-21T18:44:04+00:00 DEBUG Received invalid country code when getting provider links. Ignoring it. CONTEXT: {"gateway":"woocommerce_payments_eps","country":""}
2026-02-21T18:44:04+00:00 DEBUG Received invalid country code when getting provider links. Ignoring it. CONTEXT: {"gateway":"woocommerce_payments_affirm","country":""}
2026-02-21T18:44:04+00:00 DEBUG Received invalid country code when getting provider links. Ignoring it. CONTEXT: {"gateway":"woocommerce_payments_afterpay_clearpay","country":""}
2026-02-21T18:44:04+00:00 DEBUG Received invalid country code when getting provider links. Ignoring it. CONTEXT: {"gateway":"woocommerce_payments_klarna","country":""}
2026-02-21T18:44:04+00:00 DEBUG Received invalid country code when getting provider links. Ignoring it. CONTEXT: {"gateway":"woocommerce_payments_multibanco","country":""}
2026-02-21T18:44:04+00:00 DEBUG Received invalid country code when getting provider links. Ignoring it. CONTEXT: {"gateway":"woocommerce_payments_grabpay","country":""}
2026-02-21T18:44:04+00:00 DEBUG Received invalid country code when getting provider links. Ignoring it. CONTEXT: {"gateway":"woocommerce_payments_alipay","country":""}
2026-02-21T18:44:04+00:00 DEBUG Received invalid country code when getting provider links. Ignoring it. CONTEXT: {"gateway":"woocommerce_payments_wechat_pay","country":""}
2026-02-21T18:44:04+00:00 DEBUG Received invalid country code when getting provider links. Ignoring it. CONTEXT: {"gateway":"bacs","country":""}
2026-02-21T18:44:04+00:00 DEBUG Received invalid country code when getting provider links. Ignoring it. CONTEXT: {"gateway":"cheque","country":""}
2026-02-21T18:44:04+00:00 DEBUG Received invalid country code when getting provider links. Ignoring it. CONTEXT: {"gateway":"cod","country":""}
2026-02-21T18:44:04+00:00 DEBUG Received invalid country code when getting provider links. Ignoring it. CONTEXT: {"gateway":"ppcp-gateway","country":""}
2026-02-21T18:44:04+00:00 DEBUG Received invalid country code when getting provider links. Ignoring it. CONTEXT: {"gateway":"woocommerce_payments_bancontact","country":""}
2026-02-21T18:44:04+00:00 DEBUG Received invalid country code when getting provider links. Ignoring it. CONTEXT: {"gateway":"woocommerce_payments_sepa_debit","country":""}
2026-02-21T18:44:04+00:00 DEBUG Received invalid country code when getting provider links. Ignoring it. CONTEXT: {"gateway":"woocommerce_payments_giropay","country":""}
2026-02-21T18:44:04+00:00 DEBUG Received invalid country code when getting provider links. Ignoring it. CONTEXT: {"gateway":"woocommerce_payments_sofort","country":""}
2026-02-21T18:44:04+00:00 DEBUG Received invalid country code when getting provider links. Ignoring it. CONTEXT: {"gateway":"woocommerce_payments_p24","country":""}
2026-02-21T18:44:04+00:00 DEBUG Received invalid country code when getting provider links. Ignoring it. CONTEXT: {"gateway":"woocommerce_payments_ideal","country":""}
2026-02-21T18:44:04+00:00 DEBUG Received invalid country code when getting provider links. Ignoring it. CONTEXT: {"gateway":"woocommerce_payments_au_becs_debit","country":""}
2026-02-21T18:44:04+00:00 DEBUG Received invalid country code when getting provider links. Ignoring it. CONTEXT: {"gateway":"woocommerce_payments_eps","country":""}
2026-02-21T18:44:04+00:00 DEBUG Received invalid country code when getting provider links. Ignoring it. CONTEXT: {"gateway":"woocommerce_payments_affirm","country":""}
2026-02-21T18:44:04+00:00 DEBUG Received invalid country code when getting provider links. Ignoring it. CONTEXT: {"gateway":"woocommerce_payments_afterpay_clearpay","country":""}
2026-02-21T18:44:04+00:00 DEBUG Received invalid country code when getting provider links. Ignoring it. CONTEXT: {"gateway":"woocommerce_payments_klarna","country":""}
2026-02-21T18:44:04+00:00 DEBUG Received invalid country code when getting provider links. Ignoring it. CONTEXT: {"gateway":"woocommerce_payments_multibanco","country":""}
2026-02-21T18:44:04+00:00 DEBUG Received invalid country code when getting provider links. Ignoring it. CONTEXT: {"gateway":"woocommerce_payments_grabpay","country":""}
2026-02-21T18:44:04+00:00 DEBUG Received invalid country code when getting provider links. Ignoring it. CONTEXT: {"gateway":"woocommerce_payments_alipay","country":""}
2026-02-21T18:44:04+00:00 DEBUG Received invalid country code when getting provider links. Ignoring it. CONTEXT: {"gateway":"woocommerce_payments_wechat_pay","country":""}
2026-02-21T18:44:14+00:00 DEBUG Received invalid country code when getting provider links. Ignoring it. CONTEXT: {"gateway":"woocommerce_payments","country":""}
2026-02-21T18:44:14+00:00 DEBUG Received invalid country code when getting provider links. Ignoring it. CONTEXT: {"gateway":"woocommerce_payments_bancontact","country":""}
2026-02-21T18:44:14+00:00 DEBUG Received invalid country code when getting provider links. Ignoring it. CONTEXT: {"gateway":"woocommerce_payments_sepa_debit","country":""}
2026-02-21T18:44:14+00:00 DEBUG Received invalid country code when getting provider links. Ignoring it. CONTEXT: {"gateway":"woocommerce_payments_giropay","country":""}
2026-02-21T18:44:14+00:00 DEBUG Received invalid country code when getting provider links. Ignoring it. CONTEXT: {"gateway":"woocommerce_payments_sofort","country":""}
2026-02-21T18:44:14+00:00 DEBUG Received invalid country code when getting provider links. Ignoring it. CONTEXT: {"gateway":"woocommerce_payments_p24","country":""}
2026-02-21T18:44:14+00:00 DEBUG Received invalid country code when getting provider links. Ignoring it. CONTEXT: {"gateway":"woocommerce_payments_ideal","country":""}
2026-02-21T18:44:14+00:00 DEBUG Received invalid country code when getting provider links. Ignoring it. CONTEXT: {"gateway":"woocommerce_payments_au_becs_debit","country":""}
2026-02-21T18:44:14+00:00 DEBUG Received invalid country code when getting provider links. Ignoring it. CONTEXT: {"gateway":"woocommerce_payments_eps","country":""}
2026-02-21T18:44:14+00:00 DEBUG Received invalid country code when getting provider links. Ignoring it. CONTEXT: {"gateway":"woocommerce_payments_affirm","country":""}
2026-02-21T18:44:14+00:00 DEBUG Received invalid country code when getting provider links. Ignoring it. CONTEXT: {"gateway":"woocommerce_payments_afterpay_clearpay","country":""}
2026-02-21T18:44:14+00:00 DEBUG Received invalid country code when getting provider links. Ignoring it. CONTEXT: {"gateway":"woocommerce_payments_klarna","country":""}
2026-02-21T18:44:14+00:00 DEBUG Received invalid country code when getting provider links. Ignoring it. CONTEXT: {"gateway":"woocommerce_payments_multibanco","country":""}
2026-02-21T18:44:14+00:00 DEBUG Received invalid country code when getting provider links. Ignoring it. CONTEXT: {"gateway":"woocommerce_payments_grabpay","country":""}
2026-02-21T18:44:14+00:00 DEBUG Received invalid country code when getting provider links. Ignoring it. CONTEXT: {"gateway":"woocommerce_payments_alipay","country":""}
2026-02-21T18:44:14+00:00 DEBUG Received invalid country code when getting provider links. Ignoring it. CONTEXT: {"gateway":"woocommerce_payments_wechat_pay","country":""}
2026-02-21T18:44:14+00:00 DEBUG Received invalid country code when getting provider links. Ignoring it. CONTEXT: {"gateway":"bacs","country":""}
2026-02-21T18:44:14+00:00 DEBUG Received invalid country code when getting provider links. Ignoring it. CONTEXT: {"gateway":"cheque","country":""}
2026-02-21T18:44:14+00:00 DEBUG Received invalid country code when getting provider links. Ignoring it. CONTEXT: {"gateway":"cod","country":""}
2026-02-21T18:44:14+00:00 DEBUG Received invalid country code when getting provider links. Ignoring it. CONTEXT: {"gateway":"ppcp-gateway","country":""}
2026-02-21T18:44:14+00:00 DEBUG Received invalid country code when getting provider links. Ignoring it. CONTEXT: {"gateway":"woocommerce_payments_bancontact","country":""}
2026-02-21T18:44:14+00:00 DEBUG Received invalid country code when getting provider links. Ignoring it. CONTEXT: {"gateway":"woocommerce_payments_sepa_debit","country":""}
2026-02-21T18:44:14+00:00 DEBUG Received invalid country code when getting provider links. Ignoring it. CONTEXT: {"gateway":"woocommerce_payments_giropay","country":""}
2026-02-21T18:44:14+00:00 DEBUG Received invalid country code when getting provider links. Ignoring it. CONTEXT: {"gateway":"woocommerce_payments_sofort","country":""}
2026-02-21T18:44:14+00:00 DEBUG Received invalid country code when getting provider links. Ignoring it. CONTEXT: {"gateway":"woocommerce_payments_p24","country":""}
2026-02-21T18:44:14+00:00 DEBUG Received invalid country code when getting provider links. Ignoring it. CONTEXT: {"gateway":"woocommerce_payments_ideal","country":""}
2026-02-21T18:44:14+00:00 DEBUG Received invalid country code when getting provider links. Ignoring it. CONTEXT: {"gateway":"woocommerce_payments_au_becs_debit","country":""}
2026-02-21T18:44:14+00:00 DEBUG Received invalid country code when getting provider links. Ignoring it. CONTEXT: {"gateway":"woocommerce_payments_eps","country":""}
2026-02-21T18:44:14+00:00 DEBUG Received invalid country code when getting provider links. Ignoring it. CONTEXT: {"gateway":"woocommerce_payments_affirm","country":""}
2026-02-21T18:44:14+00:00 DEBUG Received invalid country code when getting provider links. Ignoring it. CONTEXT: {"gateway":"woocommerce_payments_afterpay_clearpay","country":""}
2026-02-21T18:44:14+00:00 DEBUG Received invalid country code when getting provider links. Ignoring it. CONTEXT: {"gateway":"woocommerce_payments_klarna","country":""}
2026-02-21T18:44:14+00:00 DEBUG Received invalid country code when getting provider links. Ignoring it. CONTEXT: {"gateway":"woocommerce_payments_multibanco","country":""}
2026-02-21T18:44:14+00:00 DEBUG Received invalid country code when getting provider links. Ignoring it. CONTEXT: {"gateway":"woocommerce_payments_grabpay","country":""}
2026-02-21T18:44:14+00:00 DEBUG Received invalid country code when getting provider links. Ignoring it. CONTEXT: {"gateway":"woocommerce_payments_alipay","country":""}
2026-02-21T18:44:14+00:00 DEBUG Received invalid country code when getting provider links. Ignoring it. CONTEXT: {"gateway":"woocommerce_payments_wechat_pay","country":""}
2026-02-21T18:44:14+00:00 DEBUG Received invalid country code when getting provider links. Ignoring it. CONTEXT: {"gateway":"woocommerce_payments","country":""}
2026-02-21T18:44:14+00:00 DEBUG Received invalid country code when getting provider links. Ignoring it. CONTEXT: {"gateway":"woocommerce_payments_bancontact","country":""}
2026-02-21T18:44:14+00:00 DEBUG Received invalid country code when getting provider links. Ignoring it. CONTEXT: {"gateway":"woocommerce_payments_sepa_debit","country":""}
2026-02-21T18:44:14+00:00 DEBUG Received invalid country code when getting provider links. Ignoring it. CONTEXT: {"gateway":"woocommerce_payments_giropay","country":""}
2026-02-21T18:44:14+00:00 DEBUG Received invalid country code when getting provider links. Ignoring it. CONTEXT: {"gateway":"woocommerce_payments_sofort","country":""}
2026-02-21T18:44:14+00:00 DEBUG Received invalid country code when getting provider links. Ignoring it. CONTEXT: {"gateway":"woocommerce_payments_p24","country":""}
2026-02-21T18:44:14+00:00 DEBUG Received invalid country code when getting provider links. Ignoring it. CONTEXT: {"gateway":"woocommerce_payments_ideal","country":""}
2026-02-21T18:44:14+00:00 DEBUG Received invalid country code when getting provider links. Ignoring it. CONTEXT: {"gateway":"woocommerce_payments_au_becs_debit","country":""}
2026-02-21T18:44:14+00:00 DEBUG Received invalid country code when getting provider links. Ignoring it. CONTEXT: {"gateway":"woocommerce_payments_eps","country":""}
2026-02-21T18:44:14+00:00 DEBUG Received invalid country code when getting provider links. Ignoring it. CONTEXT: {"gateway":"woocommerce_payments_affirm","country":""}
2026-02-21T18:44:14+00:00 DEBUG Received invalid country code when getting provider links. Ignoring it. CONTEXT: {"gateway":"woocommerce_payments_afterpay_clearpay","country":""}
2026-02-21T18:44:14+00:00 DEBUG Received invalid country code when getting provider links. Ignoring it. CONTEXT: {"gateway":"woocommerce_payments_klarna","country":""}
2026-02-21T18:44:14+00:00 DEBUG Received invalid country code when getting provider links. Ignoring it. CONTEXT: {"gateway":"woocommerce_payments_multibanco","country":""}
2026-02-21T18:44:14+00:00 DEBUG Received invalid country code when getting provider links. Ignoring it. CONTEXT: {"gateway":"woocommerce_payments_grabpay","country":""}
2026-02-21T18:44:14+00:00 DEBUG Received invalid country code when getting provider links. Ignoring it. CONTEXT: {"gateway":"woocommerce_payments_alipay","country":""}
2026-02-21T18:44:14+00:00 DEBUG Received invalid country code when getting provider links. Ignoring it. CONTEXT: {"gateway":"woocommerce_payments_wechat_pay","country":""}
2026-02-21T18:44:14+00:00 DEBUG Received invalid country code when getting provider links. Ignoring it. CONTEXT: {"gateway":"bacs","country":""}
2026-02-21T18:44:14+00:00 DEBUG Received invalid country code when getting provider links. Ignoring it. CONTEXT: {"gateway":"cheque","country":""}
2026-02-21T18:44:14+00:00 DEBUG Received invalid country code when getting provider links. Ignoring it. CONTEXT: {"gateway":"cod","country":""}
2026-02-21T18:44:14+00:00 DEBUG Received invalid country code when getting provider links. Ignoring it. CONTEXT: {"gateway":"ppcp-gateway","country":""}
2026-02-21T18:44:14+00:00 DEBUG Received invalid country code when getting provider links. Ignoring it. CONTEXT: {"gateway":"woocommerce_payments_bancontact","country":""}
2026-02-21T18:44:14+00:00 DEBUG Received invalid country code when getting provider links. Ignoring it. CONTEXT: {"gateway":"woocommerce_payments_sepa_debit","country":""}
2026-02-21T18:44:14+00:00 DEBUG Received invalid country code when getting provider links. Ignoring it. CONTEXT: {"gateway":"woocommerce_payments_giropay","country":""}
2026-02-21T18:44:14+00:00 DEBUG Received invalid country code when getting provider links. Ignoring it. CONTEXT: {"gateway":"woocommerce_payments_sofort","country":""}
2026-02-21T18:44:14+00:00 DEBUG Received invalid country code when getting provider links. Ignoring it. CONTEXT: {"gateway":"woocommerce_payments_p24","country":""}
2026-02-21T18:44:14+00:00 DEBUG Received invalid country code when getting provider links. Ignoring it. CONTEXT: {"gateway":"woocommerce_payments_ideal","country":""}
2026-02-21T18:44:14+00:00 DEBUG Received invalid country code when getting provider links. Ignoring it. CONTEXT: {"gateway":"woocommerce_payments_au_becs_debit","country":""}
2026-02-21T18:44:14+00:00 DEBUG Received invalid country code when getting provider links. Ignoring it. CONTEXT: {"gateway":"woocommerce_payments_eps","country":""}
2026-02-21T18:44:14+00:00 DEBUG Received invalid country code when getting provider links. Ignoring it. CONTEXT: {"gateway":"woocommerce_payments_affirm","country":""}
2026-02-21T18:44:14+00:00 DEBUG Received invalid country code when getting provider links. Ignoring it. CONTEXT: {"gateway":"woocommerce_payments_afterpay_clearpay","country":""}
2026-02-21T18:44:14+00:00 DEBUG Received invalid country code when getting provider links. Ignoring it. CONTEXT: {"gateway":"woocommerce_payments_klarna","country":""}
2026-02-21T18:44:14+00:00 DEBUG Received invalid country code when getting provider links. Ignoring it. CONTEXT: {"gateway":"woocommerce_payments_multibanco","country":""}
2026-02-21T18:44:14+00:00 DEBUG Received invalid country code when getting provider links. Ignoring it. CONTEXT: {"gateway":"woocommerce_payments_grabpay","country":""}
2026-02-21T18:44:14+00:00 DEBUG Received invalid country code when getting provider links. Ignoring it. CONTEXT: {"gateway":"woocommerce_payments_alipay","country":""}
2026-02-21T18:44:14+00:00 DEBUG Received invalid country code when getting provider links. Ignoring it. CONTEXT: {"gateway":"woocommerce_payments_wechat_pay","country":""}
2026-02-21T18:44:14+00:00 DEBUG Received invalid country code when getting provider links. Ignoring it. CONTEXT: {"gateway":"woocommerce_payments","country":""}
2026-02-21T18:44:14+00:00 DEBUG Received invalid country code when getting provider links. Ignoring it. CONTEXT: {"gateway":"woocommerce_payments_bancontact","country":""}
2026-02-21T18:44:14+00:00 DEBUG Received invalid country code when getting provider links. Ignoring it. CONTEXT: {"gateway":"woocommerce_payments_sepa_debit","country":""}
2026-02-21T18:44:14+00:00 DEBUG Received invalid country code when getting provider links. Ignoring it. CONTEXT: {"gateway":"woocommerce_payments_giropay","country":""}
2026-02-21T18:44:14+00:00 DEBUG Received invalid country code when getting provider links. Ignoring it. CONTEXT: {"gateway":"woocommerce_payments_sofort","country":""}
2026-02-21T18:44:14+00:00 DEBUG Received invalid country code when getting provider links. Ignoring it. CONTEXT: {"gateway":"woocommerce_payments_p24","country":""}
2026-02-21T18:44:14+00:00 DEBUG Received invalid country code when getting provider links. Ignoring it. CONTEXT: {"gateway":"woocommerce_payments_ideal","country":""}
2026-02-21T18:44:14+00:00 DEBUG Received invalid country code when getting provider links. Ignoring it. CONTEXT: {"gateway":"woocommerce_payments_au_becs_debit","country":""}
2026-02-21T18:44:14+00:00 DEBUG Received invalid country code when getting provider links. Ignoring it. CONTEXT: {"gateway":"woocommerce_payments_eps","country":""}
2026-02-21T18:44:14+00:00 DEBUG Received invalid country code when getting provider links. Ignoring it. CONTEXT: {"gateway":"woocommerce_payments_affirm","country":""}
2026-02-21T18:44:14+00:00 DEBUG Received invalid country code when getting provider links. Ignoring it. CONTEXT: {"gateway":"woocommerce_payments_afterpay_clearpay","country":""}
2026-02-21T18:44:14+00:00 DEBUG Received invalid country code when getting provider links. Ignoring it. CONTEXT: {"gateway":"woocommerce_payments_klarna","country":""}
2026-02-21T18:44:14+00:00 DEBUG Received invalid country code when getting provider links. Ignoring it. CONTEXT: {"gateway":"woocommerce_payments_multibanco","country":""}
2026-02-21T18:44:14+00:00 DEBUG Received invalid country code when getting provider links. Ignoring it. CONTEXT: {"gateway":"woocommerce_payments_grabpay","country":""}
2026-02-21T18:44:14+00:00 DEBUG Received invalid country code when getting provider links. Ignoring it. CONTEXT: {"gateway":"woocommerce_payments_alipay","country":""}
2026-02-21T18:44:14+00:00 DEBUG Received invalid country code when getting provider links. Ignoring it. CONTEXT: {"gateway":"woocommerce_payments_wechat_pay","country":""}
2026-02-21T18:44:14+00:00 DEBUG Received invalid country code when getting provider links. Ignoring it. CONTEXT: {"gateway":"bacs","country":""}
2026-02-21T18:44:14+00:00 DEBUG Received invalid country code when getting provider links. Ignoring it. CONTEXT: {"gateway":"cheque","country":""}
2026-02-21T18:44:14+00:00 DEBUG Received invalid country code when getting provider links. Ignoring it. CONTEXT: {"gateway":"cod","country":""}
2026-02-21T18:44:14+00:00 DEBUG Received invalid country code when getting provider links. Ignoring it. CONTEXT: {"gateway":"ppcp-gateway","country":""}
2026-02-21T18:44:14+00:00 DEBUG Received invalid country code when getting provider links. Ignoring it. CONTEXT: {"gateway":"woocommerce_payments_bancontact","country":""}
2026-02-21T18:44:14+00:00 DEBUG Received invalid country code when getting provider links. Ignoring it. CONTEXT: {"gateway":"woocommerce_payments_sepa_debit","country":""}
2026-02-21T18:44:14+00:00 DEBUG Received invalid country code when getting provider links. Ignoring it. CONTEXT: {"gateway":"woocommerce_payments_giropay","country":""}
2026-02-21T18:44:14+00:00 DEBUG Received invalid country code when getting provider links. Ignoring it. CONTEXT: {"gateway":"woocommerce_payments_sofort","country":""}
2026-02-21T18:44:14+00:00 DEBUG Received invalid country code when getting provider links. Ignoring it. CONTEXT: {"gateway":"woocommerce_payments_p24","country":""}
2026-02-21T18:44:14+00:00 DEBUG Received invalid country code when getting provider links. Ignoring it. CONTEXT: {"gateway":"woocommerce_payments_ideal","country":""}
2026-02-21T18:44:14+00:00 DEBUG Received invalid country code when getting provider links. Ignoring it. CONTEXT: {"gateway":"woocommerce_payments_au_becs_debit","country":""}
2026-02-21T18:44:14+00:00 DEBUG Received invalid country code when getting provider links. Ignoring it. CONTEXT: {"gateway":"woocommerce_payments_eps","country":""}
2026-02-21T18:44:14+00:00 DEBUG Received invalid country code when getting provider links. Ignoring it. CONTEXT: {"gateway":"woocommerce_payments_affirm","country":""}
2026-02-21T18:44:14+00:00 DEBUG Received invalid country code when getting provider links. Ignoring it. CONTEXT: {"gateway":"woocommerce_payments_afterpay_clearpay","country":""}
2026-02-21T18:44:14+00:00 DEBUG Received invalid country code when getting provider links. Ignoring it. CONTEXT: {"gateway":"woocommerce_payments_klarna","country":""}
2026-02-21T18:44:14+00:00 DEBUG Received invalid country code when getting provider links. Ignoring it. CONTEXT: {"gateway":"woocommerce_payments_multibanco","country":""}
2026-02-21T18:44:14+00:00 DEBUG Received invalid country code when getting provider links. Ignoring it. CONTEXT: {"gateway":"woocommerce_payments_grabpay","country":""}
2026-02-21T18:44:14+00:00 DEBUG Received invalid country code when getting provider links. Ignoring it. CONTEXT: {"gateway":"woocommerce_payments_alipay","country":""}
2026-02-21T18:44:14+00:00 DEBUG Received invalid country code when getting provider links. Ignoring it. CONTEXT: {"gateway":"woocommerce_payments_wechat_pay","country":""}
2026-02-21T18:44:14+00:00 DEBUG Received invalid country code when getting provider links. Ignoring it. CONTEXT: {"gateway":"woocommerce_payments","country":""}
2026-02-21T18:44:14+00:00 DEBUG Received invalid country code when getting provider links. Ignoring it. CONTEXT: {"gateway":"woocommerce_payments_bancontact","country":""}
2026-02-21T18:44:14+00:00 DEBUG Received invalid country code when getting provider links. Ignoring it. CONTEXT: {"gateway":"woocommerce_payments_sepa_debit","country":""}
2026-02-21T18:44:14+00:00 DEBUG Received invalid country code when getting provider links. Ignoring it. CONTEXT: {"gateway":"woocommerce_payments_giropay","country":""}
2026-02-21T18:44:14+00:00 DEBUG Received invalid country code when getting provider links. Ignoring it. CONTEXT: {"gateway":"woocommerce_payments_sofort","country":""}
2026-02-21T18:44:14+00:00 DEBUG Received invalid country code when getting provider links. Ignoring it. CONTEXT: {"gateway":"woocommerce_payments_p24","country":""}
2026-02-21T18:44:14+00:00 DEBUG Received invalid country code when getting provider links. Ignoring it. CONTEXT: {"gateway":"woocommerce_payments_ideal","country":""}
2026-02-21T18:44:14+00:00 DEBUG Received invalid country code when getting provider links. Ignoring it. CONTEXT: {"gateway":"woocommerce_payments_au_becs_debit","country":""}
2026-02-21T18:44:14+00:00 DEBUG Received invalid country code when getting provider links. Ignoring it. CONTEXT: {"gateway":"woocommerce_payments_eps","country":""}
2026-02-21T18:44:14+00:00 DEBUG Received invalid country code when getting provider links. Ignoring it. CONTEXT: {"gateway":"woocommerce_payments_affirm","country":""}
2026-02-21T18:44:14+00:00 DEBUG Received invalid country code when getting provider links. Ignoring it. CONTEXT: {"gateway":"woocommerce_payments_afterpay_clearpay","country":""}
2026-02-21T18:44:14+00:00 DEBUG Received invalid country code when getting provider links. Ignoring it. CONTEXT: {"gateway":"woocommerce_payments_klarna","country":""}
2026-02-21T18:44:14+00:00 DEBUG Received invalid country code when getting provider links. Ignoring it. CONTEXT: {"gateway":"woocommerce_payments_multibanco","country":""}
2026-02-21T18:44:14+00:00 DEBUG Received invalid country code when getting provider links. Ignoring it. CONTEXT: {"gateway":"woocommerce_payments_grabpay","country":""}
2026-02-21T18:44:14+00:00 DEBUG Received invalid country code when getting provider links. Ignoring it. CONTEXT: {"gateway":"woocommerce_payments_alipay","country":""}
2026-02-21T18:44:14+00:00 DEBUG Received invalid country code when getting provider links. Ignoring it. CONTEXT: {"gateway":"woocommerce_payments_wechat_pay","country":""}
2026-02-21T18:44:14+00:00 DEBUG Received invalid country code when getting provider links. Ignoring it. CONTEXT: {"gateway":"bacs","country":""}
2026-02-21T18:44:14+00:00 DEBUG Received invalid country code when getting provider links. Ignoring it. CONTEXT: {"gateway":"cheque","country":""}
2026-02-21T18:44:14+00:00 DEBUG Received invalid country code when getting provider links. Ignoring it. CONTEXT: {"gateway":"cod","country":""}
2026-02-21T18:44:14+00:00 DEBUG Received invalid country code when getting provider links. Ignoring it. CONTEXT: {"gateway":"ppcp-gateway","country":""}
2026-02-21T18:44:14+00:00 DEBUG Received invalid country code when getting provider links. Ignoring it. CONTEXT: {"gateway":"woocommerce_payments_bancontact","country":""}
2026-02-21T18:44:14+00:00 DEBUG Received invalid country code when getting provider links. Ignoring it. CONTEXT: {"gateway":"woocommerce_payments_sepa_debit","country":""}
2026-02-21T18:44:14+00:00 DEBUG Received invalid country code when getting provider links. Ignoring it. CONTEXT: {"gateway":"woocommerce_payments_giropay","country":""}
2026-02-21T18:44:14+00:00 DEBUG Received invalid country code when getting provider links. Ignoring it. CONTEXT: {"gateway":"woocommerce_payments_sofort","country":""}
2026-02-21T18:44:14+00:00 DEBUG Received invalid country code when getting provider links. Ignoring it. CONTEXT: {"gateway":"woocommerce_payments_p24","country":""}
2026-02-21T18:44:14+00:00 DEBUG Received invalid country code when getting provider links. Ignoring it. CONTEXT: {"gateway":"woocommerce_payments_ideal","country":""}
2026-02-21T18:44:14+00:00 DEBUG Received invalid country code when getting provider links. Ignoring it. CONTEXT: {"gateway":"woocommerce_payments_au_becs_debit","country":""}
2026-02-21T18:44:14+00:00 DEBUG Received invalid country code when getting provider links. Ignoring it. CONTEXT: {"gateway":"woocommerce_payments_eps","country":""}
2026-02-21T18:44:14+00:00 DEBUG Received invalid country code when getting provider links. Ignoring it. CONTEXT: {"gateway":"woocommerce_payments_affirm","country":""}
2026-02-21T18:44:14+00:00 DEBUG Received invalid country code when getting provider links. Ignoring it. CONTEXT: {"gateway":"woocommerce_payments_afterpay_clearpay","country":""}
2026-02-21T18:44:14+00:00 DEBUG Received invalid country code when getting provider links. Ignoring it. CONTEXT: {"gateway":"woocommerce_payments_klarna","country":""}
2026-02-21T18:44:14+00:00 DEBUG Received invalid country code when getting provider links. Ignoring it. CONTEXT: {"gateway":"woocommerce_payments_multibanco","country":""}
2026-02-21T18:44:14+00:00 DEBUG Received invalid country code when getting provider links. Ignoring it. CONTEXT: {"gateway":"woocommerce_payments_grabpay","country":""}
2026-02-21T18:44:14+00:00 DEBUG Received invalid country code when getting provider links. Ignoring it. CONTEXT: {"gateway":"woocommerce_payments_alipay","country":""}
2026-02-21T18:44:14+00:00 DEBUG Received invalid country code when getting provider links. Ignoring it. CONTEXT: {"gateway":"woocommerce_payments_wechat_pay","country":""}
2026-02-21T18:44:14+00:00 DEBUG Received invalid country code when getting provider links. Ignoring it. CONTEXT: {"gateway":"woocommerce_payments","country":""}
2026-02-21T18:44:14+00:00 DEBUG Received invalid country code when getting provider links. Ignoring it. CONTEXT: {"gateway":"woocommerce_payments_bancontact","country":""}
2026-02-21T18:44:14+00:00 DEBUG Received invalid country code when getting provider links. Ignoring it. CONTEXT: {"gateway":"woocommerce_payments_sepa_debit","country":""}
2026-02-21T18:44:14+00:00 DEBUG Received invalid country code when getting provider links. Ignoring it. CONTEXT: {"gateway":"woocommerce_payments_giropay","country":""}
2026-02-21T18:44:14+00:00 DEBUG Received invalid country code when getting provider links. Ignoring it. CONTEXT: {"gateway":"woocommerce_payments_sofort","country":""}
2026-02-21T18:44:14+00:00 DEBUG Received invalid country code when getting provider links. Ignoring it. CONTEXT: {"gateway":"woocommerce_payments_p24","country":""}
2026-02-21T18:44:14+00:00 DEBUG Received invalid country code when getting provider links. Ignoring it. CONTEXT: {"gateway":"woocommerce_payments_ideal","country":""}
2026-02-21T18:44:14+00:00 DEBUG Received invalid country code when getting provider links. Ignoring it. CONTEXT: {"gateway":"woocommerce_payments_au_becs_debit","country":""}
2026-02-21T18:44:14+00:00 DEBUG Received invalid country code when getting provider links. Ignoring it. CONTEXT: {"gateway":"woocommerce_payments_eps","country":""}
2026-02-21T18:44:14+00:00 DEBUG Received invalid country code when getting provider links. Ignoring it. CONTEXT: {"gateway":"woocommerce_payments_affirm","country":""}
2026-02-21T18:44:14+00:00 DEBUG Received invalid country code when getting provider links. Ignoring it. CONTEXT: {"gateway":"woocommerce_payments_afterpay_clearpay","country":""}
2026-02-21T18:44:14+00:00 DEBUG Received invalid country code when getting provider links. Ignoring it. CONTEXT: {"gateway":"woocommerce_payments_klarna","country":""}
2026-02-21T18:44:14+00:00 DEBUG Received invalid country code when getting provider links. Ignoring it. CONTEXT: {"gateway":"woocommerce_payments_multibanco","country":""}
2026-02-21T18:44:14+00:00 DEBUG Received invalid country code when getting provider links. Ignoring it. CONTEXT: {"gateway":"woocommerce_payments_grabpay","country":""}
2026-02-21T18:44:14+00:00 DEBUG Received invalid country code when getting provider links. Ignoring it. CONTEXT: {"gateway":"woocommerce_payments_alipay","country":""}
2026-02-21T18:44:14+00:00 DEBUG Received invalid country code when getting provider links. Ignoring it. CONTEXT: {"gateway":"woocommerce_payments_wechat_pay","country":""}
2026-02-21T18:44:14+00:00 DEBUG Received invalid country code when getting provider links. Ignoring it. CONTEXT: {"gateway":"bacs","country":""}
2026-02-21T18:44:14+00:00 DEBUG Received invalid country code when getting provider links. Ignoring it. CONTEXT: {"gateway":"cheque","country":""}
2026-02-21T18:44:14+00:00 DEBUG Received invalid country code when getting provider links. Ignoring it. CONTEXT: {"gateway":"cod","country":""}
2026-02-21T18:44:14+00:00 DEBUG Received invalid country code when getting provider links. Ignoring it. CONTEXT: {"gateway":"ppcp-gateway","country":""}
2026-02-21T18:44:14+00:00 DEBUG Received invalid country code when getting provider links. Ignoring it. CONTEXT: {"gateway":"woocommerce_payments_bancontact","country":""}
2026-02-21T18:44:14+00:00 DEBUG Received invalid country code when getting provider links. Ignoring it. CONTEXT: {"gateway":"woocommerce_payments_sepa_debit","country":""}
2026-02-21T18:44:14+00:00 DEBUG Received invalid country code when getting provider links. Ignoring it. CONTEXT: {"gateway":"woocommerce_payments_giropay","country":""}
2026-02-21T18:44:14+00:00 DEBUG Received invalid country code when getting provider links. Ignoring it. CONTEXT: {"gateway":"woocommerce_payments_sofort","country":""}
2026-02-21T18:44:14+00:00 DEBUG Received invalid country code when getting provider links. Ignoring it. CONTEXT: {"gateway":"woocommerce_payments_p24","country":""}
2026-02-21T18:44:14+00:00 DEBUG Received invalid country code when getting provider links. Ignoring it. CONTEXT: {"gateway":"woocommerce_payments_ideal","country":""}
2026-02-21T18:44:14+00:00 DEBUG Received invalid country code when getting provider links. Ignoring it. CONTEXT: {"gateway":"woocommerce_payments_au_becs_debit","country":""}
2026-02-21T18:44:14+00:00 DEBUG Received invalid country code when getting provider links. Ignoring it. CONTEXT: {"gateway":"woocommerce_payments_eps","country":""}
2026-02-21T18:44:14+00:00 DEBUG Received invalid country code when getting provider links. Ignoring it. CONTEXT: {"gateway":"woocommerce_payments_affirm","country":""}
2026-02-21T18:44:14+00:00 DEBUG Received invalid country code when getting provider links. Ignoring it. CONTEXT: {"gateway":"woocommerce_payments_afterpay_clearpay","country":""}
2026-02-21T18:44:14+00:00 DEBUG Received invalid country code when getting provider links. Ignoring it. CONTEXT: {"gateway":"woocommerce_payments_klarna","country":""}
2026-02-21T18:44:14+00:00 DEBUG Received invalid country code when getting provider links. Ignoring it. CONTEXT: {"gateway":"woocommerce_payments_multibanco","country":""}
2026-02-21T18:44:14+00:00 DEBUG Received invalid country code when getting provider links. Ignoring it. CONTEXT: {"gateway":"woocommerce_payments_grabpay","country":""}
2026-02-21T18:44:14+00:00 DEBUG Received invalid country code when getting provider links. Ignoring it. CONTEXT: {"gateway":"woocommerce_payments_alipay","country":""}
2026-02-21T18:44:14+00:00 DEBUG Received invalid country code when getting provider links. Ignoring it. CONTEXT: {"gateway":"woocommerce_payments_wechat_pay","country":""}
2026-02-21T18:44:14+00:00 DEBUG Received invalid country code when getting provider links. Ignoring it. CONTEXT: {"gateway":"woocommerce_payments","country":""}
2026-02-21T18:44:14+00:00 DEBUG Received invalid country code when getting provider links. Ignoring it. CONTEXT: {"gateway":"woocommerce_payments_bancontact","country":""}
2026-02-21T18:44:14+00:00 DEBUG Received invalid country code when getting provider links. Ignoring it. CONTEXT: {"gateway":"woocommerce_payments_sepa_debit","country":""}
2026-02-21T18:44:14+00:00 DEBUG Received invalid country code when getting provider links. Ignoring it. CONTEXT: {"gateway":"woocommerce_payments_giropay","country":""}
2026-02-21T18:44:14+00:00 DEBUG Received invalid country code when getting provider links. Ignoring it. CONTEXT: {"gateway":"woocommerce_payments_sofort","country":""}
2026-02-21T18:44:14+00:00 DEBUG Received invalid country code when getting provider links. Ignoring it. CONTEXT: {"gateway":"woocommerce_payments_p24","country":""}
2026-02-21T18:44:14+00:00 DEBUG Received invalid country code when getting provider links. Ignoring it. CONTEXT: {"gateway":"woocommerce_payments_ideal","country":""}
2026-02-21T18:44:14+00:00 DEBUG Received invalid country code when getting provider links. Ignoring it. CONTEXT: {"gateway":"woocommerce_payments_au_becs_debit","country":""}
2026-02-21T18:44:14+00:00 DEBUG Received invalid country code when getting provider links. Ignoring it. CONTEXT: {"gateway":"woocommerce_payments_eps","country":""}
2026-02-21T18:44:14+00:00 DEBUG Received invalid country code when getting provider links. Ignoring it. CONTEXT: {"gateway":"woocommerce_payments_affirm","country":""}
2026-02-21T18:44:14+00:00 DEBUG Received invalid country code when getting provider links. Ignoring it. CONTEXT: {"gateway":"woocommerce_payments_afterpay_clearpay","country":""}
2026-02-21T18:44:14+00:00 DEBUG Received invalid country code when getting provider links. Ignoring it. CONTEXT: {"gateway":"woocommerce_payments_klarna","country":""}
2026-02-21T18:44:14+00:00 DEBUG Received invalid country code when getting provider links. Ignoring it. CONTEXT: {"gateway":"woocommerce_payments_multibanco","country":""}
2026-02-21T18:44:14+00:00 DEBUG Received invalid country code when getting provider links. Ignoring it. CONTEXT: {"gateway":"woocommerce_payments_grabpay","country":""}
2026-02-21T18:44:14+00:00 DEBUG Received invalid country code when getting provider links. Ignoring it. CONTEXT: {"gateway":"woocommerce_payments_alipay","country":""}
2026-02-21T18:44:14+00:00 DEBUG Received invalid country code when getting provider links. Ignoring it. CONTEXT: {"gateway":"woocommerce_payments_wechat_pay","country":""}
2026-02-21T18:44:14+00:00 DEBUG Received invalid country code when getting provider links. Ignoring it. CONTEXT: {"gateway":"bacs","country":""}
2026-02-21T18:44:14+00:00 DEBUG Received invalid country code when getting provider links. Ignoring it. CONTEXT: {"gateway":"cheque","country":""}
2026-02-21T18:44:14+00:00 DEBUG Received invalid country code when getting provider links. Ignoring it. CONTEXT: {"gateway":"cod","country":""}
2026-02-21T18:44:14+00:00 DEBUG Received invalid country code when getting provider links. Ignoring it. CONTEXT: {"gateway":"ppcp-gateway","country":""}
2026-02-21T18:44:14+00:00 DEBUG Received invalid country code when getting provider links. Ignoring it. CONTEXT: {"gateway":"woocommerce_payments_bancontact","country":""}
2026-02-21T18:44:14+00:00 DEBUG Received invalid country code when getting provider links. Ignoring it. CONTEXT: {"gateway":"woocommerce_payments_sepa_debit","country":""}
2026-02-21T18:44:14+00:00 DEBUG Received invalid country code when getting provider links. Ignoring it. CONTEXT: {"gateway":"woocommerce_payments_giropay","country":""}
2026-02-21T18:44:14+00:00 DEBUG Received invalid country code when getting provider links. Ignoring it. CONTEXT: {"gateway":"woocommerce_payments_sofort","country":""}
2026-02-21T18:44:14+00:00 DEBUG Received invalid country code when getting provider links. Ignoring it. CONTEXT: {"gateway":"woocommerce_payments_p24","country":""}
2026-02-21T18:44:14+00:00 DEBUG Received invalid country code when getting provider links. Ignoring it. CONTEXT: {"gateway":"woocommerce_payments_ideal","country":""}
2026-02-21T18:44:14+00:00 DEBUG Received invalid country code when getting provider links. Ignoring it. CONTEXT: {"gateway":"woocommerce_payments_au_becs_debit","country":""}
2026-02-21T18:44:14+00:00 DEBUG Received invalid country code when getting provider links. Ignoring it. CONTEXT: {"gateway":"woocommerce_payments_eps","country":""}
2026-02-21T18:44:14+00:00 DEBUG Received invalid country code when getting provider links. Ignoring it. CONTEXT: {"gateway":"woocommerce_payments_affirm","country":""}
2026-02-21T18:44:14+00:00 DEBUG Received invalid country code when getting provider links. Ignoring it. CONTEXT: {"gateway":"woocommerce_payments_afterpay_clearpay","country":""}
2026-02-21T18:44:14+00:00 DEBUG Received invalid country code when getting provider links. Ignoring it. CONTEXT: {"gateway":"woocommerce_payments_klarna","country":""}
2026-02-21T18:44:14+00:00 DEBUG Received invalid country code when getting provider links. Ignoring it. CONTEXT: {"gateway":"woocommerce_payments_multibanco","country":""}
2026-02-21T18:44:14+00:00 DEBUG Received invalid country code when getting provider links. Ignoring it. CONTEXT: {"gateway":"woocommerce_payments_grabpay","country":""}
2026-02-21T18:44:14+00:00 DEBUG Received invalid country code when getting provider links. Ignoring it. CONTEXT: {"gateway":"woocommerce_payments_alipay","country":""}
2026-02-21T18:44:14+00:00 DEBUG Received invalid country code when getting provider links. Ignoring it. CONTEXT: {"gateway":"woocommerce_payments_wechat_pay","country":""}
2026-02-21T18:44:14+00:00 DEBUG Received invalid country code when getting provider links. Ignoring it. CONTEXT: {"gateway":"woocommerce_payments","country":""}
2026-02-21T18:44:14+00:00 DEBUG Received invalid country code when getting provider links. Ignoring it. CONTEXT: {"gateway":"woocommerce_payments_bancontact","country":""}
2026-02-21T18:44:14+00:00 DEBUG Received invalid country code when getting provider links. Ignoring it. CONTEXT: {"gateway":"woocommerce_payments_sepa_debit","country":""}
2026-02-21T18:44:14+00:00 DEBUG Received invalid country code when getting provider links. Ignoring it. CONTEXT: {"gateway":"woocommerce_payments_giropay","country":""}
2026-02-21T18:44:14+00:00 DEBUG Received invalid country code when getting provider links. Ignoring it. CONTEXT: {"gateway":"woocommerce_payments_sofort","country":""}
2026-02-21T18:44:14+00:00 DEBUG Received invalid country code when getting provider links. Ignoring it. CONTEXT: {"gateway":"woocommerce_payments_p24","country":""}
2026-02-21T18:44:14+00:00 DEBUG Received invalid country code when getting provider links. Ignoring it. CONTEXT: {"gateway":"woocommerce_payments_ideal","country":""}
2026-02-21T18:44:14+00:00 DEBUG Received invalid country code when getting provider links. Ignoring it. CONTEXT: {"gateway":"woocommerce_payments_au_becs_debit","country":""}
2026-02-21T18:44:14+00:00 DEBUG Received invalid country code when getting provider links. Ignoring it. CONTEXT: {"gateway":"woocommerce_payments_eps","country":""}
2026-02-21T18:44:14+00:00 DEBUG Received invalid country code when getting provider links. Ignoring it. CONTEXT: {"gateway":"woocommerce_payments_affirm","country":""}
2026-02-21T18:44:14+00:00 DEBUG Received invalid country code when getting provider links. Ignoring it. CONTEXT: {"gateway":"woocommerce_payments_afterpay_clearpay","country":""}
2026-02-21T18:44:14+00:00 DEBUG Received invalid country code when getting provider links. Ignoring it. CONTEXT: {"gateway":"woocommerce_payments_klarna","country":""}
2026-02-21T18:44:14+00:00 DEBUG Received invalid country code when getting provider links. Ignoring it. CONTEXT: {"gateway":"woocommerce_payments_multibanco","country":""}
2026-02-21T18:44:14+00:00 DEBUG Received invalid country code when getting provider links. Ignoring it. CONTEXT: {"gateway":"woocommerce_payments_grabpay","country":""}
2026-02-21T18:44:14+00:00 DEBUG Received invalid country code when getting provider links. Ignoring it. CONTEXT: {"gateway":"woocommerce_payments_alipay","country":""}
2026-02-21T18:44:14+00:00 DEBUG Received invalid country code when getting provider links. Ignoring it. CONTEXT: {"gateway":"woocommerce_payments_wechat_pay","country":""}
2026-02-21T18:44:14+00:00 DEBUG Received invalid country code when getting provider links. Ignoring it. CONTEXT: {"gateway":"bacs","country":""}
2026-02-21T18:44:14+00:00 DEBUG Received invalid country code when getting provider links. Ignoring it. CONTEXT: {"gateway":"cheque","country":""}
2026-02-21T18:44:14+00:00 DEBUG Received invalid country code when getting provider links. Ignoring it. CONTEXT: {"gateway":"cod","country":""}
2026-02-21T18:44:14+00:00 DEBUG Received invalid country code when getting provider links. Ignoring it. CONTEXT: {"gateway":"ppcp-gateway","country":""}
2026-02-21T18:44:14+00:00 DEBUG Received invalid country code when getting provider links. Ignoring it. CONTEXT: {"gateway":"woocommerce_payments_bancontact","country":""}
2026-02-21T18:44:14+00:00 DEBUG Received invalid country code when getting provider links. Ignoring it. CONTEXT: {"gateway":"woocommerce_payments_sepa_debit","country":""}
2026-02-21T18:44:14+00:00 DEBUG Received invalid country code when getting provider links. Ignoring it. CONTEXT: {"gateway":"woocommerce_payments_giropay","country":""}
2026-02-21T18:44:14+00:00 DEBUG Received invalid country code when getting provider links. Ignoring it. CONTEXT: {"gateway":"woocommerce_payments_sofort","country":""}
2026-02-21T18:44:14+00:00 DEBUG Received invalid country code when getting provider links. Ignoring it. CONTEXT: {"gateway":"woocommerce_payments_p24","country":""}
2026-02-21T18:44:14+00:00 DEBUG Received invalid country code when getting provider links. Ignoring it. CONTEXT: {"gateway":"woocommerce_payments_ideal","country":""}
2026-02-21T18:44:14+00:00 DEBUG Received invalid country code when getting provider links. Ignoring it. CONTEXT: {"gateway":"woocommerce_payments_au_becs_debit","country":""}
2026-02-21T18:44:14+00:00 DEBUG Received invalid country code when getting provider links. Ignoring it. CONTEXT: {"gateway":"woocommerce_payments_eps","country":""}
2026-02-21T18:44:14+00:00 DEBUG Received invalid country code when getting provider links. Ignoring it. CONTEXT: {"gateway":"woocommerce_payments_affirm","country":""}
2026-02-21T18:44:14+00:00 DEBUG Received invalid country code when getting provider links. Ignoring it. CONTEXT: {"gateway":"woocommerce_payments_afterpay_clearpay","country":""}
2026-02-21T18:44:14+00:00 DEBUG Received invalid country code when getting provider links. Ignoring it. CONTEXT: {"gateway":"woocommerce_payments_klarna","country":""}
2026-02-21T18:44:14+00:00 DEBUG Received invalid country code when getting provider links. Ignoring it. CONTEXT: {"gateway":"woocommerce_payments_multibanco","country":""}
2026-02-21T18:44:14+00:00 DEBUG Received invalid country code when getting provider links. Ignoring it. CONTEXT: {"gateway":"woocommerce_payments_grabpay","country":""}
2026-02-21T18:44:14+00:00 DEBUG Received invalid country code when getting provider links. Ignoring it. CONTEXT: {"gateway":"woocommerce_payments_alipay","country":""}
2026-02-21T18:44:14+00:00 DEBUG Received invalid country code when getting provider links. Ignoring it. CONTEXT: {"gateway":"woocommerce_payments_wechat_pay","country":""}
2026-02-21T18:44:14+00:00 DEBUG Received invalid country code when getting provider links. Ignoring it. CONTEXT: {"gateway":"woocommerce_payments","country":""}
2026-02-21T18:44:14+00:00 DEBUG Received invalid country code when getting provider links. Ignoring it. CONTEXT: {"gateway":"woocommerce_payments_bancontact","country":""}
2026-02-21T18:44:14+00:00 DEBUG Received invalid country code when getting provider links. Ignoring it. CONTEXT: {"gateway":"woocommerce_payments_sepa_debit","country":""}
2026-02-21T18:44:14+00:00 DEBUG Received invalid country code when getting provider links. Ignoring it. CONTEXT: {"gateway":"woocommerce_payments_giropay","country":""}
2026-02-21T18:44:14+00:00 DEBUG Received invalid country code when getting provider links. Ignoring it. CONTEXT: {"gateway":"woocommerce_payments_sofort","country":""}
2026-02-21T18:44:14+00:00 DEBUG Received invalid country code when getting provider links. Ignoring it. CONTEXT: {"gateway":"woocommerce_payments_p24","country":""}
2026-02-21T18:44:14+00:00 DEBUG Received invalid country code when getting provider links. Ignoring it. CONTEXT: {"gateway":"woocommerce_payments_ideal","country":""}
2026-02-21T18:44:14+00:00 DEBUG Received invalid country code when getting provider links. Ignoring it. CONTEXT: {"gateway":"woocommerce_payments_au_becs_debit","country":""}
2026-02-21T18:44:14+00:00 DEBUG Received invalid country code when getting provider links. Ignoring it. CONTEXT: {"gateway":"woocommerce_payments_eps","country":""}
2026-02-21T18:44:14+00:00 DEBUG Received invalid country code when getting provider links. Ignoring it. CONTEXT: {"gateway":"woocommerce_payments_affirm","country":""}
2026-02-21T18:44:14+00:00 DEBUG Received invalid country code when getting provider links. Ignoring it. CONTEXT: {"gateway":"woocommerce_payments_afterpay_clearpay","country":""}
2026-02-21T18:44:14+00:00 DEBUG Received invalid country code when getting provider links. Ignoring it. CONTEXT: {"gateway":"woocommerce_payments_klarna","country":""}
2026-02-21T18:44:14+00:00 DEBUG Received invalid country code when getting provider links. Ignoring it. CONTEXT: {"gateway":"woocommerce_payments_multibanco","country":""}
2026-02-21T18:44:14+00:00 DEBUG Received invalid country code when getting provider links. Ignoring it. CONTEXT: {"gateway":"woocommerce_payments_grabpay","country":""}
2026-02-21T18:44:14+00:00 DEBUG Received invalid country code when getting provider links. Ignoring it. CONTEXT: {"gateway":"woocommerce_payments_alipay","country":""}
2026-02-21T18:44:14+00:00 DEBUG Received invalid country code when getting provider links. Ignoring it. CONTEXT: {"gateway":"woocommerce_payments_wechat_pay","country":""}
2026-02-21T18:44:14+00:00 DEBUG Received invalid country code when getting provider links. Ignoring it. CONTEXT: {"gateway":"bacs","country":""}
2026-02-21T18:44:14+00:00 DEBUG Received invalid country code when getting provider links. Ignoring it. CONTEXT: {"gateway":"cheque","country":""}
2026-02-21T18:44:14+00:00 DEBUG Received invalid country code when getting provider links. Ignoring it. CONTEXT: {"gateway":"cod","country":""}
2026-02-21T18:44:14+00:00 DEBUG Received invalid country code when getting provider links. Ignoring it. CONTEXT: {"gateway":"ppcp-gateway","country":""}
2026-02-21T18:44:14+00:00 DEBUG Received invalid country code when getting provider links. Ignoring it. CONTEXT: {"gateway":"woocommerce_payments_bancontact","country":""}
2026-02-21T18:44:14+00:00 DEBUG Received invalid country code when getting provider links. Ignoring it. CONTEXT: {"gateway":"woocommerce_payments_sepa_debit","country":""}
2026-02-21T18:44:14+00:00 DEBUG Received invalid country code when getting provider links. Ignoring it. CONTEXT: {"gateway":"woocommerce_payments_giropay","country":""}
2026-02-21T18:44:14+00:00 DEBUG Received invalid country code when getting provider links. Ignoring it. CONTEXT: {"gateway":"woocommerce_payments_sofort","country":""}
2026-02-21T18:44:14+00:00 DEBUG Received invalid country code when getting provider links. Ignoring it. CONTEXT: {"gateway":"woocommerce_payments_p24","country":""}
2026-02-21T18:44:14+00:00 DEBUG Received invalid country code when getting provider links. Ignoring it. CONTEXT: {"gateway":"woocommerce_payments_ideal","country":""}
2026-02-21T18:44:14+00:00 DEBUG Received invalid country code when getting provider links. Ignoring it. CONTEXT: {"gateway":"woocommerce_payments_au_becs_debit","country":""}
2026-02-21T18:44:14+00:00 DEBUG Received invalid country code when getting provider links. Ignoring it. CONTEXT: {"gateway":"woocommerce_payments_eps","country":""}
2026-02-21T18:44:14+00:00 DEBUG Received invalid country code when getting provider links. Ignoring it. CONTEXT: {"gateway":"woocommerce_payments_affirm","country":""}
2026-02-21T18:44:14+00:00 DEBUG Received invalid country code when getting provider links. Ignoring it. CONTEXT: {"gateway":"woocommerce_payments_afterpay_clearpay","country":""}
2026-02-21T18:44:14+00:00 DEBUG Received invalid country code when getting provider links. Ignoring it. CONTEXT: {"gateway":"woocommerce_payments_klarna","country":""}
2026-02-21T18:44:14+00:00 DEBUG Received invalid country code when getting provider links. Ignoring it. CONTEXT: {"gateway":"woocommerce_payments_multibanco","country":""}
2026-02-21T18:44:14+00:00 DEBUG Received invalid country code when getting provider links. Ignoring it. CONTEXT: {"gateway":"woocommerce_payments_grabpay","country":""}
2026-02-21T18:44:14+00:00 DEBUG Received invalid country code when getting provider links. Ignoring it. CONTEXT: {"gateway":"woocommerce_payments_alipay","country":""}
2026-02-21T18:44:14+00:00 DEBUG Received invalid country code when getting provider links. Ignoring it. CONTEXT: {"gateway":"woocommerce_payments_wechat_pay","country":""}
2026-02-21T18:44:14+00:00 DEBUG Received invalid country code when getting provider links. Ignoring it. CONTEXT: {"gateway":"woocommerce_payments","country":""}
2026-02-21T18:44:14+00:00 DEBUG Received invalid country code when getting provider links. Ignoring it. CONTEXT: {"gateway":"woocommerce_payments_bancontact","country":""}
2026-02-21T18:44:14+00:00 DEBUG Received invalid country code when getting provider links. Ignoring it. CONTEXT: {"gateway":"woocommerce_payments_sepa_debit","country":""}
2026-02-21T18:44:14+00:00 DEBUG Received invalid country code when getting provider links. Ignoring it. CONTEXT: {"gateway":"woocommerce_payments_giropay","country":""}
2026-02-21T18:44:14+00:00 DEBUG Received invalid country code when getting provider links. Ignoring it. CONTEXT: {"gateway":"woocommerce_payments_sofort","country":""}
2026-02-21T18:44:14+00:00 DEBUG Received invalid country code when getting provider links. Ignoring it. CONTEXT: {"gateway":"woocommerce_payments_p24","country":""}
2026-02-21T18:44:14+00:00 DEBUG Received invalid country code when getting provider links. Ignoring it. CONTEXT: {"gateway":"woocommerce_payments_ideal","country":""}
2026-02-21T18:44:14+00:00 DEBUG Received invalid country code when getting provider links. Ignoring it. CONTEXT: {"gateway":"woocommerce_payments_au_becs_debit","country":""}
2026-02-21T18:44:14+00:00 DEBUG Received invalid country code when getting provider links. Ignoring it. CONTEXT: {"gateway":"woocommerce_payments_eps","country":""}
2026-02-21T18:44:14+00:00 DEBUG Received invalid country code when getting provider links. Ignoring it. CONTEXT: {"gateway":"woocommerce_payments_affirm","country":""}
2026-02-21T18:44:14+00:00 DEBUG Received invalid country code when getting provider links. Ignoring it. CONTEXT: {"gateway":"woocommerce_payments_afterpay_clearpay","country":""}
2026-02-21T18:44:14+00:00 DEBUG Received invalid country code when getting provider links. Ignoring it. CONTEXT: {"gateway":"woocommerce_payments_klarna","country":""}
2026-02-21T18:44:14+00:00 DEBUG Received invalid country code when getting provider links. Ignoring it. CONTEXT: {"gateway":"woocommerce_payments_multibanco","country":""}
2026-02-21T18:44:14+00:00 DEBUG Received invalid country code when getting provider links. Ignoring it. CONTEXT: {"gateway":"woocommerce_payments_grabpay","country":""}
2026-02-21T18:44:14+00:00 DEBUG Received invalid country code when getting provider links. Ignoring it. CONTEXT: {"gateway":"woocommerce_payments_alipay","country":""}
2026-02-21T18:44:14+00:00 DEBUG Received invalid country code when getting provider links. Ignoring it. CONTEXT: {"gateway":"woocommerce_payments_wechat_pay","country":""}
2026-02-21T18:44:14+00:00 DEBUG Received invalid country code when getting provider links. Ignoring it. CONTEXT: {"gateway":"bacs","country":""}
2026-02-21T18:44:14+00:00 DEBUG Received invalid country code when getting provider links. Ignoring it. CONTEXT: {"gateway":"cheque","country":""}
2026-02-21T18:44:14+00:00 DEBUG Received invalid country code when getting provider links. Ignoring it. CONTEXT: {"gateway":"cod","country":""}
2026-02-21T18:44:14+00:00 DEBUG Received invalid country code when getting provider links. Ignoring it. CONTEXT: {"gateway":"ppcp-gateway","country":""}
2026-02-21T18:44:14+00:00 DEBUG Received invalid country code when getting provider links. Ignoring it. CONTEXT: {"gateway":"woocommerce_payments_bancontact","country":""}
2026-02-21T18:44:14+00:00 DEBUG Received invalid country code when getting provider links. Ignoring it. CONTEXT: {"gateway":"woocommerce_payments_sepa_debit","country":""}
2026-02-21T18:44:14+00:00 DEBUG Received invalid country code when getting provider links. Ignoring it. CONTEXT: {"gateway":"woocommerce_payments_giropay","country":""}
2026-02-21T18:44:14+00:00 DEBUG Received invalid country code when getting provider links. Ignoring it. CONTEXT: {"gateway":"woocommerce_payments_sofort","country":""}
2026-02-21T18:44:14+00:00 DEBUG Received invalid country code when getting provider links. Ignoring it. CONTEXT: {"gateway":"woocommerce_payments_p24","country":""}
2026-02-21T18:44:14+00:00 DEBUG Received invalid country code when getting provider links. Ignoring it. CONTEXT: {"gateway":"woocommerce_payments_ideal","country":""}
2026-02-21T18:44:14+00:00 DEBUG Received invalid country code when getting provider links. Ignoring it. CONTEXT: {"gateway":"woocommerce_payments_au_becs_debit","country":""}
2026-02-21T18:44:14+00:00 DEBUG Received invalid country code when getting provider links. Ignoring it. CONTEXT: {"gateway":"woocommerce_payments_eps","country":""}
2026-02-21T18:44:14+00:00 DEBUG Received invalid country code when getting provider links. Ignoring it. CONTEXT: {"gateway":"woocommerce_payments_affirm","country":""}
2026-02-21T18:44:14+00:00 DEBUG Received invalid country code when getting provider links. Ignoring it. CONTEXT: {"gateway":"woocommerce_payments_afterpay_clearpay","country":""}
2026-02-21T18:44:14+00:00 DEBUG Received invalid country code when getting provider links. Ignoring it. CONTEXT: {"gateway":"woocommerce_payments_klarna","country":""}
2026-02-21T18:44:14+00:00 DEBUG Received invalid country code when getting provider links. Ignoring it. CONTEXT: {"gateway":"woocommerce_payments_multibanco","country":""}
2026-02-21T18:44:14+00:00 DEBUG Received invalid country code when getting provider links. Ignoring it. CONTEXT: {"gateway":"woocommerce_payments_grabpay","country":""}
2026-02-21T18:44:14+00:00 DEBUG Received invalid country code when getting provider links. Ignoring it. CONTEXT: {"gateway":"woocommerce_payments_alipay","country":""}
2026-02-21T18:44:14+00:00 DEBUG Received invalid country code when getting provider links. Ignoring it. CONTEXT: {"gateway":"woocommerce_payments_wechat_pay","country":""}
2026-02-21T18:44:14+00:00 DEBUG Received invalid country code when getting provider links. Ignoring it. CONTEXT: {"gateway":"woocommerce_payments","country":""}
2026-02-21T18:44:14+00:00 DEBUG Received invalid country code when getting provider links. Ignoring it. CONTEXT: {"gateway":"woocommerce_payments_bancontact","country":""}
2026-02-21T18:44:14+00:00 DEBUG Received invalid country code when getting provider links. Ignoring it. CONTEXT: {"gateway":"woocommerce_payments_sepa_debit","country":""}
2026-02-21T18:44:14+00:00 DEBUG Received invalid country code when getting provider links. Ignoring it. CONTEXT: {"gateway":"woocommerce_payments_giropay","country":""}
2026-02-21T18:44:14+00:00 DEBUG Received invalid country code when getting provider links. Ignoring it. CONTEXT: {"gateway":"woocommerce_payments_sofort","country":""}
2026-02-21T18:44:14+00:00 DEBUG Received invalid country code when getting provider links. Ignoring it. CONTEXT: {"gateway":"woocommerce_payments_p24","country":""}
2026-02-21T18:44:14+00:00 DEBUG Received invalid country code when getting provider links. Ignoring it. CONTEXT: {"gateway":"woocommerce_payments_ideal","country":""}
2026-02-21T18:44:14+00:00 DEBUG Received invalid country code when getting provider links. Ignoring it. CONTEXT: {"gateway":"woocommerce_payments_au_becs_debit","country":""}
2026-02-21T18:44:14+00:00 DEBUG Received invalid country code when getting provider links. Ignoring it. CONTEXT: {"gateway":"woocommerce_payments_eps","country":""}
2026-02-21T18:44:14+00:00 DEBUG Received invalid country code when getting provider links. Ignoring it. CONTEXT: {"gateway":"woocommerce_payments_affirm","country":""}
2026-02-21T18:44:14+00:00 DEBUG Received invalid country code when getting provider links. Ignoring it. CONTEXT: {"gateway":"woocommerce_payments_afterpay_clearpay","country":""}
2026-02-21T18:44:14+00:00 DEBUG Received invalid country code when getting provider links. Ignoring it. CONTEXT: {"gateway":"woocommerce_payments_klarna","country":""}
2026-02-21T18:44:14+00:00 DEBUG Received invalid country code when getting provider links. Ignoring it. CONTEXT: {"gateway":"woocommerce_payments_multibanco","country":""}
2026-02-21T18:44:14+00:00 DEBUG Received invalid country code when getting provider links. Ignoring it. CONTEXT: {"gateway":"woocommerce_payments_grabpay","country":""}
2026-02-21T18:44:14+00:00 DEBUG Received invalid country code when getting provider links. Ignoring it. CONTEXT: {"gateway":"woocommerce_payments_alipay","country":""}
2026-02-21T18:44:14+00:00 DEBUG Received invalid country code when getting provider links. Ignoring it. CONTEXT: {"gateway":"woocommerce_payments_wechat_pay","country":""}
2026-02-21T18:44:14+00:00 DEBUG Received invalid country code when getting provider links. Ignoring it. CONTEXT: {"gateway":"bacs","country":""}
2026-02-21T18:44:14+00:00 DEBUG Received invalid country code when getting provider links. Ignoring it. CONTEXT: {"gateway":"cheque","country":""}
2026-02-21T18:44:14+00:00 DEBUG Received invalid country code when getting provider links. Ignoring it. CONTEXT: {"gateway":"cod","country":""}
2026-02-21T18:44:14+00:00 DEBUG Received invalid country code when getting provider links. Ignoring it. CONTEXT: {"gateway":"ppcp-gateway","country":""}
2026-02-21T18:44:14+00:00 DEBUG Received invalid country code when getting provider links. Ignoring it. CONTEXT: {"gateway":"woocommerce_payments_bancontact","country":""}
2026-02-21T18:44:14+00:00 DEBUG Received invalid country code when getting provider links. Ignoring it. CONTEXT: {"gateway":"woocommerce_payments_sepa_debit","country":""}
2026-02-21T18:44:14+00:00 DEBUG Received invalid country code when getting provider links. Ignoring it. CONTEXT: {"gateway":"woocommerce_payments_giropay","country":""}
2026-02-21T18:44:14+00:00 DEBUG Received invalid country code when getting provider links. Ignoring it. CONTEXT: {"gateway":"woocommerce_payments_sofort","country":""}
2026-02-21T18:44:14+00:00 DEBUG Received invalid country code when getting provider links. Ignoring it. CONTEXT: {"gateway":"woocommerce_payments_p24","country":""}
2026-02-21T18:44:14+00:00 DEBUG Received invalid country code when getting provider links. Ignoring it. CONTEXT: {"gateway":"woocommerce_payments_ideal","country":""}
2026-02-21T18:44:14+00:00 DEBUG Received invalid country code when getting provider links. Ignoring it. CONTEXT: {"gateway":"woocommerce_payments_au_becs_debit","country":""}
2026-02-21T18:44:14+00:00 DEBUG Received invalid country code when getting provider links. Ignoring it. CONTEXT: {"gateway":"woocommerce_payments_eps","country":""}
2026-02-21T18:44:14+00:00 DEBUG Received invalid country code when getting provider links. Ignoring it. CONTEXT: {"gateway":"woocommerce_payments_affirm","country":""}
2026-02-21T18:44:14+00:00 DEBUG Received invalid country code when getting provider links. Ignoring it. CONTEXT: {"gateway":"woocommerce_payments_afterpay_clearpay","country":""}
2026-02-21T18:44:14+00:00 DEBUG Received invalid country code when getting provider links. Ignoring it. CONTEXT: {"gateway":"woocommerce_payments_klarna","country":""}
2026-02-21T18:44:14+00:00 DEBUG Received invalid country code when getting provider links. Ignoring it. CONTEXT: {"gateway":"woocommerce_payments_multibanco","country":""}
2026-02-21T18:44:14+00:00 DEBUG Received invalid country code when getting provider links. Ignoring it. CONTEXT: {"gateway":"woocommerce_payments_grabpay","country":""}
2026-02-21T18:44:14+00:00 DEBUG Received invalid country code when getting provider links. Ignoring it. CONTEXT: {"gateway":"woocommerce_payments_alipay","country":""}
2026-02-21T18:44:14+00:00 DEBUG Received invalid country code when getting provider links. Ignoring it. CONTEXT: {"gateway":"woocommerce_payments_wechat_pay","country":""}
2026-02-21T18:44:14+00:00 DEBUG Received invalid country code when getting provider links. Ignoring it. CONTEXT: {"gateway":"woocommerce_payments","country":""}
2026-02-21T18:44:14+00:00 DEBUG Received invalid country code when getting provider links. Ignoring it. CONTEXT: {"gateway":"woocommerce_payments_bancontact","country":""}
2026-02-21T18:44:14+00:00 DEBUG Received invalid country code when getting provider links. Ignoring it. CONTEXT: {"gateway":"woocommerce_payments_sepa_debit","country":""}
2026-02-21T18:44:14+00:00 DEBUG Received invalid country code when getting provider links. Ignoring it. CONTEXT: {"gateway":"woocommerce_payments_giropay","country":""}
2026-02-21T18:44:14+00:00 DEBUG Received invalid country code when getting provider links. Ignoring it. CONTEXT: {"gateway":"woocommerce_payments_sofort","country":""}
2026-02-21T18:44:14+00:00 DEBUG Received invalid country code when getting provider links. Ignoring it. CONTEXT: {"gateway":"woocommerce_payments_p24","country":""}
2026-02-21T18:44:14+00:00 DEBUG Received invalid country code when getting provider links. Ignoring it. CONTEXT: {"gateway":"woocommerce_payments_ideal","country":""}
2026-02-21T18:44:14+00:00 DEBUG Received invalid country code when getting provider links. Ignoring it. CONTEXT: {"gateway":"woocommerce_payments_au_becs_debit","country":""}
2026-02-21T18:44:14+00:00 DEBUG Received invalid country code when getting provider links. Ignoring it. CONTEXT: {"gateway":"woocommerce_payments_eps","country":""}
2026-02-21T18:44:14+00:00 DEBUG Received invalid country code when getting provider links. Ignoring it. CONTEXT: {"gateway":"woocommerce_payments_affirm","country":""}
2026-02-21T18:44:14+00:00 DEBUG Received invalid country code when getting provider links. Ignoring it. CONTEXT: {"gateway":"woocommerce_payments_afterpay_clearpay","country":""}
2026-02-21T18:44:14+00:00 DEBUG Received invalid country code when getting provider links. Ignoring it. CONTEXT: {"gateway":"woocommerce_payments_klarna","country":""}
2026-02-21T18:44:14+00:00 DEBUG Received invalid country code when getting provider links. Ignoring it. CONTEXT: {"gateway":"woocommerce_payments_multibanco","country":""}
2026-02-21T18:44:14+00:00 DEBUG Received invalid country code when getting provider links. Ignoring it. CONTEXT: {"gateway":"woocommerce_payments_grabpay","country":""}
2026-02-21T18:44:14+00:00 DEBUG Received invalid country code when getting provider links. Ignoring it. CONTEXT: {"gateway":"woocommerce_payments_alipay","country":""}
2026-02-21T18:44:14+00:00 DEBUG Received invalid country code when getting provider links. Ignoring it. CONTEXT: {"gateway":"woocommerce_payments_wechat_pay","country":""}
2026-02-21T18:44:14+00:00 DEBUG Received invalid country code when getting provider links. Ignoring it. CONTEXT: {"gateway":"bacs","country":""}
2026-02-21T18:44:14+00:00 DEBUG Received invalid country code when getting provider links. Ignoring it. CONTEXT: {"gateway":"cheque","country":""}
2026-02-21T18:44:14+00:00 DEBUG Received invalid country code when getting provider links. Ignoring it. CONTEXT: {"gateway":"cod","country":""}
2026-02-21T18:44:14+00:00 DEBUG Received invalid country code when getting provider links. Ignoring it. CONTEXT: {"gateway":"ppcp-gateway","country":""}
2026-02-21T18:44:14+00:00 DEBUG Received invalid country code when getting provider links. Ignoring it. CONTEXT: {"gateway":"woocommerce_payments_bancontact","country":""}
2026-02-21T18:44:14+00:00 DEBUG Received invalid country code when getting provider links. Ignoring it. CONTEXT: {"gateway":"woocommerce_payments_sepa_debit","country":""}
2026-02-21T18:44:14+00:00 DEBUG Received invalid country code when getting provider links. Ignoring it. CONTEXT: {"gateway":"woocommerce_payments_giropay","country":""}
2026-02-21T18:44:14+00:00 DEBUG Received invalid country code when getting provider links. Ignoring it. CONTEXT: {"gateway":"woocommerce_payments_sofort","country":""}
2026-02-21T18:44:14+00:00 DEBUG Received invalid country code when getting provider links. Ignoring it. CONTEXT: {"gateway":"woocommerce_payments_p24","country":""}
2026-02-21T18:44:14+00:00 DEBUG Received invalid country code when getting provider links. Ignoring it. CONTEXT: {"gateway":"woocommerce_payments_ideal","country":""}
2026-02-21T18:44:14+00:00 DEBUG Received invalid country code when getting provider links. Ignoring it. CONTEXT: {"gateway":"woocommerce_payments_au_becs_debit","country":""}
2026-02-21T18:44:14+00:00 DEBUG Received invalid country code when getting provider links. Ignoring it. CONTEXT: {"gateway":"woocommerce_payments_eps","country":""}
2026-02-21T18:44:14+00:00 DEBUG Received invalid country code when getting provider links. Ignoring it. CONTEXT: {"gateway":"woocommerce_payments_affirm","country":""}
2026-02-21T18:44:14+00:00 DEBUG Received invalid country code when getting provider links. Ignoring it. CONTEXT: {"gateway":"woocommerce_payments_afterpay_clearpay","country":""}
2026-02-21T18:44:14+00:00 DEBUG Received invalid country code when getting provider links. Ignoring it. CONTEXT: {"gateway":"woocommerce_payments_klarna","country":""}
2026-02-21T18:44:14+00:00 DEBUG Received invalid country code when getting provider links. Ignoring it. CONTEXT: {"gateway":"woocommerce_payments_multibanco","country":""}
2026-02-21T18:44:14+00:00 DEBUG Received invalid country code when getting provider links. Ignoring it. CONTEXT: {"gateway":"woocommerce_payments_grabpay","country":""}
2026-02-21T18:44:14+00:00 DEBUG Received invalid country code when getting provider links. Ignoring it. CONTEXT: {"gateway":"woocommerce_payments_alipay","country":""}
2026-02-21T18:44:14+00:00 DEBUG Received invalid country code when getting provider links. Ignoring it. CONTEXT: {"gateway":"woocommerce_payments_wechat_pay","country":""}
2026-02-21T18:44:14+00:00 DEBUG Received invalid country code when getting provider links. Ignoring it. CONTEXT: {"gateway":"woocommerce_payments","country":""}
2026-02-21T18:44:14+00:00 DEBUG Received invalid country code when getting provider links. Ignoring it. CONTEXT: {"gateway":"woocommerce_payments_bancontact","country":""}
2026-02-21T18:44:14+00:00 DEBUG Received invalid country code when getting provider links. Ignoring it. CONTEXT: {"gateway":"woocommerce_payments_sepa_debit","country":""}
2026-02-21T18:44:14+00:00 DEBUG Received invalid country code when getting provider links. Ignoring it. CONTEXT: {"gateway":"woocommerce_payments_giropay","country":""}
2026-02-21T18:44:14+00:00 DEBUG Received invalid country code when getting provider links. Ignoring it. CONTEXT: {"gateway":"woocommerce_payments_sofort","country":""}
2026-02-21T18:44:14+00:00 DEBUG Received invalid country code when getting provider links. Ignoring it. CONTEXT: {"gateway":"woocommerce_payments_p24","country":""}
2026-02-21T18:44:14+00:00 DEBUG Received invalid country code when getting provider links. Ignoring it. CONTEXT: {"gateway":"woocommerce_payments_ideal","country":""}
2026-02-21T18:44:14+00:00 DEBUG Received invalid country code when getting provider links. Ignoring it. CONTEXT: {"gateway":"woocommerce_payments_au_becs_debit","country":""}
2026-02-21T18:44:14+00:00 DEBUG Received invalid country code when getting provider links. Ignoring it. CONTEXT: {"gateway":"woocommerce_payments_eps","country":""}
2026-02-21T18:44:14+00:00 DEBUG Received invalid country code when getting provider links. Ignoring it. CONTEXT: {"gateway":"woocommerce_payments_affirm","country":""}
2026-02-21T18:44:14+00:00 DEBUG Received invalid country code when getting provider links. Ignoring it. CONTEXT: {"gateway":"woocommerce_payments_afterpay_clearpay","country":""}
2026-02-21T18:44:14+00:00 DEBUG Received invalid country code when getting provider links. Ignoring it. CONTEXT: {"gateway":"woocommerce_payments_klarna","country":""}
2026-02-21T18:44:14+00:00 DEBUG Received invalid country code when getting provider links. Ignoring it. CONTEXT: {"gateway":"woocommerce_payments_multibanco","country":""}
2026-02-21T18:44:14+00:00 DEBUG Received invalid country code when getting provider links. Ignoring it. CONTEXT: {"gateway":"woocommerce_payments_grabpay","country":""}
2026-02-21T18:44:14+00:00 DEBUG Received invalid country code when getting provider links. Ignoring it. CONTEXT: {"gateway":"woocommerce_payments_alipay","country":""}
2026-02-21T18:44:14+00:00 DEBUG Received invalid country code when getting provider links. Ignoring it. CONTEXT: {"gateway":"woocommerce_payments_wechat_pay","country":""}
2026-02-21T18:44:14+00:00 DEBUG Received invalid country code when getting provider links. Ignoring it. CONTEXT: {"gateway":"bacs","country":""}
2026-02-21T18:44:14+00:00 DEBUG Received invalid country code when getting provider links. Ignoring it. CONTEXT: {"gateway":"cheque","country":""}
2026-02-21T18:44:14+00:00 DEBUG Received invalid country code when getting provider links. Ignoring it. CONTEXT: {"gateway":"cod","country":""}
2026-02-21T18:44:14+00:00 DEBUG Received invalid country code when getting provider links. Ignoring it. CONTEXT: {"gateway":"ppcp-gateway","country":""}
2026-02-21T18:44:14+00:00 DEBUG Received invalid country code when getting provider links. Ignoring it. CONTEXT: {"gateway":"woocommerce_payments_bancontact","country":""}
2026-02-21T18:44:14+00:00 DEBUG Received invalid country code when getting provider links. Ignoring it. CONTEXT: {"gateway":"woocommerce_payments_sepa_debit","country":""}
2026-02-21T18:44:14+00:00 DEBUG Received invalid country code when getting provider links. Ignoring it. CONTEXT: {"gateway":"woocommerce_payments_giropay","country":""}
2026-02-21T18:44:14+00:00 DEBUG Received invalid country code when getting provider links. Ignoring it. CONTEXT: {"gateway":"woocommerce_payments_sofort","country":""}
2026-02-21T18:44:14+00:00 DEBUG Received invalid country code when getting provider links. Ignoring it. CONTEXT: {"gateway":"woocommerce_payments_p24","country":""}
2026-02-21T18:44:14+00:00 DEBUG Received invalid country code when getting provider links. Ignoring it. CONTEXT: {"gateway":"woocommerce_payments_ideal","country":""}
2026-02-21T18:44:14+00:00 DEBUG Received invalid country code when getting provider links. Ignoring it. CONTEXT: {"gateway":"woocommerce_payments_au_becs_debit","country":""}
2026-02-21T18:44:14+00:00 DEBUG Received invalid country code when getting provider links. Ignoring it. CONTEXT: {"gateway":"woocommerce_payments_eps","country":""}
2026-02-21T18:44:14+00:00 DEBUG Received invalid country code when getting provider links. Ignoring it. CONTEXT: {"gateway":"woocommerce_payments_affirm","country":""}
2026-02-21T18:44:14+00:00 DEBUG Received invalid country code when getting provider links. Ignoring it. CONTEXT: {"gateway":"woocommerce_payments_afterpay_clearpay","country":""}
2026-02-21T18:44:14+00:00 DEBUG Received invalid country code when getting provider links. Ignoring it. CONTEXT: {"gateway":"woocommerce_payments_klarna","country":""}
2026-02-21T18:44:14+00:00 DEBUG Received invalid country code when getting provider links. Ignoring it. CONTEXT: {"gateway":"woocommerce_payments_multibanco","country":""}
2026-02-21T18:44:14+00:00 DEBUG Received invalid country code when getting provider links. Ignoring it. CONTEXT: {"gateway":"woocommerce_payments_grabpay","country":""}
2026-02-21T18:44:14+00:00 DEBUG Received invalid country code when getting provider links. Ignoring it. CONTEXT: {"gateway":"woocommerce_payments_alipay","country":""}
2026-02-21T18:44:14+00:00 DEBUG Received invalid country code when getting provider links. Ignoring it. CONTEXT: {"gateway":"woocommerce_payments_wechat_pay","country":""}
2026-02-21T18:44:14+00:00 DEBUG Received invalid country code when getting provider links. Ignoring it. CONTEXT: {"gateway":"woocommerce_payments","country":""}
2026-02-21T18:44:14+00:00 DEBUG Received invalid country code when getting provider links. Ignoring it. CONTEXT: {"gateway":"woocommerce_payments_bancontact","country":""}
2026-02-21T18:44:14+00:00 DEBUG Received invalid country code when getting provider links. Ignoring it. CONTEXT: {"gateway":"woocommerce_payments_sepa_debit","country":""}
2026-02-21T18:44:14+00:00 DEBUG Received invalid country code when getting provider links. Ignoring it. CONTEXT: {"gateway":"woocommerce_payments_giropay","country":""}
2026-02-21T18:44:14+00:00 DEBUG Received invalid country code when getting provider links. Ignoring it. CONTEXT: {"gateway":"woocommerce_payments_sofort","country":""}
2026-02-21T18:44:14+00:00 DEBUG Received invalid country code when getting provider links. Ignoring it. CONTEXT: {"gateway":"woocommerce_payments_p24","country":""}
2026-02-21T18:44:14+00:00 DEBUG Received invalid country code when getting provider links. Ignoring it. CONTEXT: {"gateway":"woocommerce_payments_ideal","country":""}
2026-02-21T18:44:14+00:00 DEBUG Received invalid country code when getting provider links. Ignoring it. CONTEXT: {"gateway":"woocommerce_payments_au_becs_debit","country":""}
2026-02-21T18:44:14+00:00 DEBUG Received invalid country code when getting provider links. Ignoring it. CONTEXT: {"gateway":"woocommerce_payments_eps","country":""}
2026-02-21T18:44:14+00:00 DEBUG Received invalid country code when getting provider links. Ignoring it. CONTEXT: {"gateway":"woocommerce_payments_affirm","country":""}
2026-02-21T18:44:14+00:00 DEBUG Received invalid country code when getting provider links. Ignoring it. CONTEXT: {"gateway":"woocommerce_payments_afterpay_clearpay","country":""}
2026-02-21T18:44:14+00:00 DEBUG Received invalid country code when getting provider links. Ignoring it. CONTEXT: {"gateway":"woocommerce_payments_klarna","country":""}
2026-02-21T18:44:14+00:00 DEBUG Received invalid country code when getting provider links. Ignoring it. CONTEXT: {"gateway":"woocommerce_payments_multibanco","country":""}
2026-02-21T18:44:14+00:00 DEBUG Received invalid country code when getting provider links. Ignoring it. CONTEXT: {"gateway":"woocommerce_payments_grabpay","country":""}
2026-02-21T18:44:14+00:00 DEBUG Received invalid country code when getting provider links. Ignoring it. CONTEXT: {"gateway":"woocommerce_payments_alipay","country":""}
2026-02-21T18:44:14+00:00 DEBUG Received invalid country code when getting provider links. Ignoring it. CONTEXT: {"gateway":"woocommerce_payments_wechat_pay","country":""}
2026-02-21T18:44:14+00:00 DEBUG Received invalid country code when getting provider links. Ignoring it. CONTEXT: {"gateway":"bacs","country":""}
2026-02-21T18:44:14+00:00 DEBUG Received invalid country code when getting provider links. Ignoring it. CONTEXT: {"gateway":"cheque","country":""}
2026-02-21T18:44:14+00:00 DEBUG Received invalid country code when getting provider links. Ignoring it. CONTEXT: {"gateway":"cod","country":""}
2026-02-21T18:44:14+00:00 DEBUG Received invalid country code when getting provider links. Ignoring it. CONTEXT: {"gateway":"ppcp-gateway","country":""}
2026-02-21T18:44:14+00:00 DEBUG Received invalid country code when getting provider links. Ignoring it. CONTEXT: {"gateway":"woocommerce_payments_bancontact","country":""}
2026-02-21T18:44:14+00:00 DEBUG Received invalid country code when getting provider links. Ignoring it. CONTEXT: {"gateway":"woocommerce_payments_sepa_debit","country":""}
2026-02-21T18:44:14+00:00 DEBUG Received invalid country code when getting provider links. Ignoring it. CONTEXT: {"gateway":"woocommerce_payments_giropay","country":""}
2026-02-21T18:44:14+00:00 DEBUG Received invalid country code when getting provider links. Ignoring it. CONTEXT: {"gateway":"woocommerce_payments_sofort","country":""}
2026-02-21T18:44:14+00:00 DEBUG Received invalid country code when getting provider links. Ignoring it. CONTEXT: {"gateway":"woocommerce_payments_p24","country":""}
2026-02-21T18:44:14+00:00 DEBUG Received invalid country code when getting provider links. Ignoring it. CONTEXT: {"gateway":"woocommerce_payments_ideal","country":""}
2026-02-21T18:44:14+00:00 DEBUG Received invalid country code when getting provider links. Ignoring it. CONTEXT: {"gateway":"woocommerce_payments_au_becs_debit","country":""}
2026-02-21T18:44:14+00:00 DEBUG Received invalid country code when getting provider links. Ignoring it. CONTEXT: {"gateway":"woocommerce_payments_eps","country":""}
2026-02-21T18:44:14+00:00 DEBUG Received invalid country code when getting provider links. Ignoring it. CONTEXT: {"gateway":"woocommerce_payments_affirm","country":""}
2026-02-21T18:44:14+00:00 DEBUG Received invalid country code when getting provider links. Ignoring it. CONTEXT: {"gateway":"woocommerce_payments_afterpay_clearpay","country":""}
2026-02-21T18:44:14+00:00 DEBUG Received invalid country code when getting provider links. Ignoring it. CONTEXT: {"gateway":"woocommerce_payments_klarna","country":""}
2026-02-21T18:44:14+00:00 DEBUG Received invalid country code when getting provider links. Ignoring it. CONTEXT: {"gateway":"woocommerce_payments_multibanco","country":""}
2026-02-21T18:44:14+00:00 DEBUG Received invalid country code when getting provider links. Ignoring it. CONTEXT: {"gateway":"woocommerce_payments_grabpay","country":""}
2026-02-21T18:44:14+00:00 DEBUG Received invalid country code when getting provider links. Ignoring it. CONTEXT: {"gateway":"woocommerce_payments_alipay","country":""}
2026-02-21T18:44:14+00:00 DEBUG Received invalid country code when getting provider links. Ignoring it. CONTEXT: {"gateway":"woocommerce_payments_wechat_pay","country":""}
2026-02-21T18:44:15+00:00 DEBUG Received invalid country code when getting provider links. Ignoring it. CONTEXT: {"gateway":"woocommerce_payments","country":""}
2026-02-21T18:44:15+00:00 DEBUG Received invalid country code when getting provider links. Ignoring it. CONTEXT: {"gateway":"woocommerce_payments_bancontact","country":""}
2026-02-21T18:44:15+00:00 DEBUG Received invalid country code when getting provider links. Ignoring it. CONTEXT: {"gateway":"woocommerce_payments_sepa_debit","country":""}
2026-02-21T18:44:15+00:00 DEBUG Received invalid country code when getting provider links. Ignoring it. CONTEXT: {"gateway":"woocommerce_payments_giropay","country":""}
2026-02-21T18:44:15+00:00 DEBUG Received invalid country code when getting provider links. Ignoring it. CONTEXT: {"gateway":"woocommerce_payments_sofort","country":""}
2026-02-21T18:44:15+00:00 DEBUG Received invalid country code when getting provider links. Ignoring it. CONTEXT: {"gateway":"woocommerce_payments_p24","country":""}
2026-02-21T18:44:15+00:00 DEBUG Received invalid country code when getting provider links. Ignoring it. CONTEXT: {"gateway":"woocommerce_payments_ideal","country":""}
2026-02-21T18:44:15+00:00 DEBUG Received invalid country code when getting provider links. Ignoring it. CONTEXT: {"gateway":"woocommerce_payments_au_becs_debit","country":""}
2026-02-21T18:44:15+00:00 DEBUG Received invalid country code when getting provider links. Ignoring it. CONTEXT: {"gateway":"woocommerce_payments_eps","country":""}
2026-02-21T18:44:15+00:00 DEBUG Received invalid country code when getting provider links. Ignoring it. CONTEXT: {"gateway":"woocommerce_payments_affirm","country":""}
2026-02-21T18:44:15+00:00 DEBUG Received invalid country code when getting provider links. Ignoring it. CONTEXT: {"gateway":"woocommerce_payments_afterpay_clearpay","country":""}
2026-02-21T18:44:15+00:00 DEBUG Received invalid country code when getting provider links. Ignoring it. CONTEXT: {"gateway":"woocommerce_payments_klarna","country":""}
2026-02-21T18:44:15+00:00 DEBUG Received invalid country code when getting provider links. Ignoring it. CONTEXT: {"gateway":"woocommerce_payments_multibanco","country":""}
2026-02-21T18:44:15+00:00 DEBUG Received invalid country code when getting provider links. Ignoring it. CONTEXT: {"gateway":"woocommerce_payments_grabpay","country":""}
2026-02-21T18:44:15+00:00 DEBUG Received invalid country code when getting provider links. Ignoring it. CONTEXT: {"gateway":"woocommerce_payments_alipay","country":""}
2026-02-21T18:44:15+00:00 DEBUG Received invalid country code when getting provider links. Ignoring it. CONTEXT: {"gateway":"woocommerce_payments_wechat_pay","country":""}
2026-02-21T18:44:15+00:00 DEBUG Received invalid country code when getting provider links. Ignoring it. CONTEXT: {"gateway":"bacs","country":""}
2026-02-21T18:44:15+00:00 DEBUG Received invalid country code when getting provider links. Ignoring it. CONTEXT: {"gateway":"cheque","country":""}
2026-02-21T18:44:15+00:00 DEBUG Received invalid country code when getting provider links. Ignoring it. CONTEXT: {"gateway":"cod","country":""}
2026-02-21T18:44:15+00:00 DEBUG Received invalid country code when getting provider links. Ignoring it. CONTEXT: {"gateway":"ppcp-gateway","country":""}
2026-02-21T18:44:15+00:00 DEBUG Received invalid country code when getting provider links. Ignoring it. CONTEXT: {"gateway":"woocommerce_payments_bancontact","country":""}
2026-02-21T18:44:15+00:00 DEBUG Received invalid country code when getting provider links. Ignoring it. CONTEXT: {"gateway":"woocommerce_payments_sepa_debit","country":""}
2026-02-21T18:44:15+00:00 DEBUG Received invalid country code when getting provider links. Ignoring it. CONTEXT: {"gateway":"woocommerce_payments_giropay","country":""}
2026-02-21T18:44:15+00:00 DEBUG Received invalid country code when getting provider links. Ignoring it. CONTEXT: {"gateway":"woocommerce_payments_sofort","country":""}
2026-02-21T18:44:15+00:00 DEBUG Received invalid country code when getting provider links. Ignoring it. CONTEXT: {"gateway":"woocommerce_payments_p24","country":""}
2026-02-21T18:44:15+00:00 DEBUG Received invalid country code when getting provider links. Ignoring it. CONTEXT: {"gateway":"woocommerce_payments_ideal","country":""}
2026-02-21T18:44:15+00:00 DEBUG Received invalid country code when getting provider links. Ignoring it. CONTEXT: {"gateway":"woocommerce_payments_au_becs_debit","country":""}
2026-02-21T18:44:15+00:00 DEBUG Received invalid country code when getting provider links. Ignoring it. CONTEXT: {"gateway":"woocommerce_payments_eps","country":""}
2026-02-21T18:44:15+00:00 DEBUG Received invalid country code when getting provider links. Ignoring it. CONTEXT: {"gateway":"woocommerce_payments_affirm","country":""}
2026-02-21T18:44:15+00:00 DEBUG Received invalid country code when getting provider links. Ignoring it. CONTEXT: {"gateway":"woocommerce_payments_afterpay_clearpay","country":""}
2026-02-21T18:44:15+00:00 DEBUG Received invalid country code when getting provider links. Ignoring it. CONTEXT: {"gateway":"woocommerce_payments_klarna","country":""}
2026-02-21T18:44:15+00:00 DEBUG Received invalid country code when getting provider links. Ignoring it. CONTEXT: {"gateway":"woocommerce_payments_multibanco","country":""}
2026-02-21T18:44:15+00:00 DEBUG Received invalid country code when getting provider links. Ignoring it. CONTEXT: {"gateway":"woocommerce_payments_grabpay","country":""}
2026-02-21T18:44:15+00:00 DEBUG Received invalid country code when getting provider links. Ignoring it. CONTEXT: {"gateway":"woocommerce_payments_alipay","country":""}
2026-02-21T18:44:15+00:00 DEBUG Received invalid country code when getting provider links. Ignoring it. CONTEXT: {"gateway":"woocommerce_payments_wechat_pay","country":""}
2026-02-21T18:44:15+00:00 DEBUG Received invalid country code when getting provider links. Ignoring it. CONTEXT: {"gateway":"woocommerce_payments","country":""}
2026-02-21T18:44:15+00:00 DEBUG Received invalid country code when getting provider links. Ignoring it. CONTEXT: {"gateway":"woocommerce_payments_bancontact","country":""}
2026-02-21T18:44:15+00:00 DEBUG Received invalid country code when getting provider links. Ignoring it. CONTEXT: {"gateway":"woocommerce_payments_sepa_debit","country":""}
2026-02-21T18:44:15+00:00 DEBUG Received invalid country code when getting provider links. Ignoring it. CONTEXT: {"gateway":"woocommerce_payments_giropay","country":""}
2026-02-21T18:44:15+00:00 DEBUG Received invalid country code when getting provider links. Ignoring it. CONTEXT: {"gateway":"woocommerce_payments_sofort","country":""}
2026-02-21T18:44:15+00:00 DEBUG Received invalid country code when getting provider links. Ignoring it. CONTEXT: {"gateway":"woocommerce_payments_p24","country":""}
2026-02-21T18:44:15+00:00 DEBUG Received invalid country code when getting provider links. Ignoring it. CONTEXT: {"gateway":"woocommerce_payments_ideal","country":""}
2026-02-21T18:44:15+00:00 DEBUG Received invalid country code when getting provider links. Ignoring it. CONTEXT: {"gateway":"woocommerce_payments_au_becs_debit","country":""}
2026-02-21T18:44:15+00:00 DEBUG Received invalid country code when getting provider links. Ignoring it. CONTEXT: {"gateway":"woocommerce_payments_eps","country":""}
2026-02-21T18:44:15+00:00 DEBUG Received invalid country code when getting provider links. Ignoring it. CONTEXT: {"gateway":"woocommerce_payments_affirm","country":""}
2026-02-21T18:44:15+00:00 DEBUG Received invalid country code when getting provider links. Ignoring it. CONTEXT: {"gateway":"woocommerce_payments_afterpay_clearpay","country":""}
2026-02-21T18:44:15+00:00 DEBUG Received invalid country code when getting provider links. Ignoring it. CONTEXT: {"gateway":"woocommerce_payments_klarna","country":""}
2026-02-21T18:44:15+00:00 DEBUG Received invalid country code when getting provider links. Ignoring it. CONTEXT: {"gateway":"woocommerce_payments_multibanco","country":""}
2026-02-21T18:44:15+00:00 DEBUG Received invalid country code when getting provider links. Ignoring it. CONTEXT: {"gateway":"woocommerce_payments_grabpay","country":""}
2026-02-21T18:44:15+00:00 DEBUG Received invalid country code when getting provider links. Ignoring it. CONTEXT: {"gateway":"woocommerce_payments_alipay","country":""}
2026-02-21T18:44:15+00:00 DEBUG Received invalid country code when getting provider links. Ignoring it. CONTEXT: {"gateway":"woocommerce_payments_wechat_pay","country":""}
2026-02-21T18:44:15+00:00 DEBUG Received invalid country code when getting provider links. Ignoring it. CONTEXT: {"gateway":"bacs","country":""}
2026-02-21T18:44:15+00:00 DEBUG Received invalid country code when getting provider links. Ignoring it. CONTEXT: {"gateway":"cheque","country":""}
2026-02-21T18:44:15+00:00 DEBUG Received invalid country code when getting provider links. Ignoring it. CONTEXT: {"gateway":"cod","country":""}
2026-02-21T18:44:15+00:00 DEBUG Received invalid country code when getting provider links. Ignoring it. CONTEXT: {"gateway":"ppcp-gateway","country":""}
2026-02-21T18:44:15+00:00 DEBUG Received invalid country code when getting provider links. Ignoring it. CONTEXT: {"gateway":"woocommerce_payments_bancontact","country":""}
2026-02-21T18:44:15+00:00 DEBUG Received invalid country code when getting provider links. Ignoring it. CONTEXT: {"gateway":"woocommerce_payments_sepa_debit","country":""}
2026-02-21T18:44:15+00:00 DEBUG Received invalid country code when getting provider links. Ignoring it. CONTEXT: {"gateway":"woocommerce_payments_giropay","country":""}
2026-02-21T18:44:15+00:00 DEBUG Received invalid country code when getting provider links. Ignoring it. CONTEXT: {"gateway":"woocommerce_payments_sofort","country":""}
2026-02-21T18:44:15+00:00 DEBUG Received invalid country code when getting provider links. Ignoring it. CONTEXT: {"gateway":"woocommerce_payments_p24","country":""}
2026-02-21T18:44:15+00:00 DEBUG Received invalid country code when getting provider links. Ignoring it. CONTEXT: {"gateway":"woocommerce_payments_ideal","country":""}
2026-02-21T18:44:15+00:00 DEBUG Received invalid country code when getting provider links. Ignoring it. CONTEXT: {"gateway":"woocommerce_payments_au_becs_debit","country":""}
2026-02-21T18:44:15+00:00 DEBUG Received invalid country code when getting provider links. Ignoring it. CONTEXT: {"gateway":"woocommerce_payments_eps","country":""}
2026-02-21T18:44:15+00:00 DEBUG Received invalid country code when getting provider links. Ignoring it. CONTEXT: {"gateway":"woocommerce_payments_affirm","country":""}
2026-02-21T18:44:15+00:00 DEBUG Received invalid country code when getting provider links. Ignoring it. CONTEXT: {"gateway":"woocommerce_payments_afterpay_clearpay","country":""}
2026-02-21T18:44:15+00:00 DEBUG Received invalid country code when getting provider links. Ignoring it. CONTEXT: {"gateway":"woocommerce_payments_klarna","country":""}
2026-02-21T18:44:15+00:00 DEBUG Received invalid country code when getting provider links. Ignoring it. CONTEXT: {"gateway":"woocommerce_payments_multibanco","country":""}
2026-02-21T18:44:15+00:00 DEBUG Received invalid country code when getting provider links. Ignoring it. CONTEXT: {"gateway":"woocommerce_payments_grabpay","country":""}
2026-02-21T18:44:15+00:00 DEBUG Received invalid country code when getting provider links. Ignoring it. CONTEXT: {"gateway":"woocommerce_payments_alipay","country":""}
2026-02-21T18:44:15+00:00 DEBUG Received invalid country code when getting provider links. Ignoring it. CONTEXT: {"gateway":"woocommerce_payments_wechat_pay","country":""}
2026-02-21T18:44:15+00:00 DEBUG Received invalid country code when getting provider links. Ignoring it. CONTEXT: {"gateway":"woocommerce_payments","country":""}
2026-02-21T18:44:15+00:00 DEBUG Received invalid country code when getting provider links. Ignoring it. CONTEXT: {"gateway":"woocommerce_payments_bancontact","country":""}
2026-02-21T18:44:15+00:00 DEBUG Received invalid country code when getting provider links. Ignoring it. CONTEXT: {"gateway":"woocommerce_payments_sepa_debit","country":""}
2026-02-21T18:44:15+00:00 DEBUG Received invalid country code when getting provider links. Ignoring it. CONTEXT: {"gateway":"woocommerce_payments_giropay","country":""}
2026-02-21T18:44:15+00:00 DEBUG Received invalid country code when getting provider links. Ignoring it. CONTEXT: {"gateway":"woocommerce_payments_sofort","country":""}
2026-02-21T18:44:15+00:00 DEBUG Received invalid country code when getting provider links. Ignoring it. CONTEXT: {"gateway":"woocommerce_payments_p24","country":""}
2026-02-21T18:44:15+00:00 DEBUG Received invalid country code when getting provider links. Ignoring it. CONTEXT: {"gateway":"woocommerce_payments_ideal","country":""}
2026-02-21T18:44:15+00:00 DEBUG Received invalid country code when getting provider links. Ignoring it. CONTEXT: {"gateway":"woocommerce_payments_au_becs_debit","country":""}
2026-02-21T18:44:15+00:00 DEBUG Received invalid country code when getting provider links. Ignoring it. CONTEXT: {"gateway":"woocommerce_payments_eps","country":""}
2026-02-21T18:44:15+00:00 DEBUG Received invalid country code when getting provider links. Ignoring it. CONTEXT: {"gateway":"woocommerce_payments_affirm","country":""}
2026-02-21T18:44:15+00:00 DEBUG Received invalid country code when getting provider links. Ignoring it. CONTEXT: {"gateway":"woocommerce_payments_afterpay_clearpay","country":""}
2026-02-21T18:44:15+00:00 DEBUG Received invalid country code when getting provider links. Ignoring it. CONTEXT: {"gateway":"woocommerce_payments_klarna","country":""}
2026-02-21T18:44:15+00:00 DEBUG Received invalid country code when getting provider links. Ignoring it. CONTEXT: {"gateway":"woocommerce_payments_multibanco","country":""}
2026-02-21T18:44:15+00:00 DEBUG Received invalid country code when getting provider links. Ignoring it. CONTEXT: {"gateway":"woocommerce_payments_grabpay","country":""}
2026-02-21T18:44:15+00:00 DEBUG Received invalid country code when getting provider links. Ignoring it. CONTEXT: {"gateway":"woocommerce_payments_alipay","country":""}
2026-02-21T18:44:15+00:00 DEBUG Received invalid country code when getting provider links. Ignoring it. CONTEXT: {"gateway":"woocommerce_payments_wechat_pay","country":""}
2026-02-21T18:44:15+00:00 DEBUG Received invalid country code when getting provider links. Ignoring it. CONTEXT: {"gateway":"bacs","country":""}
2026-02-21T18:44:15+00:00 DEBUG Received invalid country code when getting provider links. Ignoring it. CONTEXT: {"gateway":"cheque","country":""}
2026-02-21T18:44:15+00:00 DEBUG Received invalid country code when getting provider links. Ignoring it. CONTEXT: {"gateway":"cod","country":""}
2026-02-21T18:44:15+00:00 DEBUG Received invalid country code when getting provider links. Ignoring it. CONTEXT: {"gateway":"ppcp-gateway","country":""}
2026-02-21T18:44:15+00:00 DEBUG Received invalid country code when getting provider links. Ignoring it. CONTEXT: {"gateway":"woocommerce_payments_bancontact","country":""}
2026-02-21T18:44:15+00:00 DEBUG Received invalid country code when getting provider links. Ignoring it. CONTEXT: {"gateway":"woocommerce_payments_sepa_debit","country":""}
2026-02-21T18:44:15+00:00 DEBUG Received invalid country code when getting provider links. Ignoring it. CONTEXT: {"gateway":"woocommerce_payments_giropay","country":""}
2026-02-21T18:44:15+00:00 DEBUG Received invalid country code when getting provider links. Ignoring it. CONTEXT: {"gateway":"woocommerce_payments_sofort","country":""}
2026-02-21T18:44:15+00:00 DEBUG Received invalid country code when getting provider links. Ignoring it. CONTEXT: {"gateway":"woocommerce_payments_p24","country":""}
2026-02-21T18:44:15+00:00 DEBUG Received invalid country code when getting provider links. Ignoring it. CONTEXT: {"gateway":"woocommerce_payments_ideal","country":""}
2026-02-21T18:44:15+00:00 DEBUG Received invalid country code when getting provider links. Ignoring it. CONTEXT: {"gateway":"woocommerce_payments_au_becs_debit","country":""}
2026-02-21T18:44:15+00:00 DEBUG Received invalid country code when getting provider links. Ignoring it. CONTEXT: {"gateway":"woocommerce_payments_eps","country":""}
2026-02-21T18:44:15+00:00 DEBUG Received invalid country code when getting provider links. Ignoring it. CONTEXT: {"gateway":"woocommerce_payments_affirm","country":""}
2026-02-21T18:44:15+00:00 DEBUG Received invalid country code when getting provider links. Ignoring it. CONTEXT: {"gateway":"woocommerce_payments_afterpay_clearpay","country":""}
2026-02-21T18:44:15+00:00 DEBUG Received invalid country code when getting provider links. Ignoring it. CONTEXT: {"gateway":"woocommerce_payments_klarna","country":""}
2026-02-21T18:44:15+00:00 DEBUG Received invalid country code when getting provider links. Ignoring it. CONTEXT: {"gateway":"woocommerce_payments_multibanco","country":""}
2026-02-21T18:44:15+00:00 DEBUG Received invalid country code when getting provider links. Ignoring it. CONTEXT: {"gateway":"woocommerce_payments_grabpay","country":""}
2026-02-21T18:44:15+00:00 DEBUG Received invalid country code when getting provider links. Ignoring it. CONTEXT: {"gateway":"woocommerce_payments_alipay","country":""}
2026-02-21T18:44:15+00:00 DEBUG Received invalid country code when getting provider links. Ignoring it. CONTEXT: {"gateway":"woocommerce_payments_wechat_pay","country":""}
2026-02-21T18:44:15+00:00 DEBUG Received invalid country code when getting provider links. Ignoring it. CONTEXT: {"gateway":"woocommerce_payments","country":""}
2026-02-21T18:44:15+00:00 DEBUG Received invalid country code when getting provider links. Ignoring it. CONTEXT: {"gateway":"woocommerce_payments_bancontact","country":""}
2026-02-21T18:44:15+00:00 DEBUG Received invalid country code when getting provider links. Ignoring it. CONTEXT: {"gateway":"woocommerce_payments_sepa_debit","country":""}
2026-02-21T18:44:15+00:00 DEBUG Received invalid country code when getting provider links. Ignoring it. CONTEXT: {"gateway":"woocommerce_payments_giropay","country":""}
2026-02-21T18:44:15+00:00 DEBUG Received invalid country code when getting provider links. Ignoring it. CONTEXT: {"gateway":"woocommerce_payments_sofort","country":""}
2026-02-21T18:44:15+00:00 DEBUG Received invalid country code when getting provider links. Ignoring it. CONTEXT: {"gateway":"woocommerce_payments_p24","country":""}
2026-02-21T18:44:15+00:00 DEBUG Received invalid country code when getting provider links. Ignoring it. CONTEXT: {"gateway":"woocommerce_payments_ideal","country":""}
2026-02-21T18:44:15+00:00 DEBUG Received invalid country code when getting provider links. Ignoring it. CONTEXT: {"gateway":"woocommerce_payments_au_becs_debit","country":""}
2026-02-21T18:44:15+00:00 DEBUG Received invalid country code when getting provider links. Ignoring it. CONTEXT: {"gateway":"woocommerce_payments_eps","country":""}
2026-02-21T18:44:15+00:00 DEBUG Received invalid country code when getting provider links. Ignoring it. CONTEXT: {"gateway":"woocommerce_payments_affirm","country":""}
2026-02-21T18:44:15+00:00 DEBUG Received invalid country code when getting provider links. Ignoring it. CONTEXT: {"gateway":"woocommerce_payments_afterpay_clearpay","country":""}
2026-02-21T18:44:15+00:00 DEBUG Received invalid country code when getting provider links. Ignoring it. CONTEXT: {"gateway":"woocommerce_payments_klarna","country":""}
2026-02-21T18:44:15+00:00 DEBUG Received invalid country code when getting provider links. Ignoring it. CONTEXT: {"gateway":"woocommerce_payments_multibanco","country":""}
2026-02-21T18:44:15+00:00 DEBUG Received invalid country code when getting provider links. Ignoring it. CONTEXT: {"gateway":"woocommerce_payments_grabpay","country":""}
2026-02-21T18:44:15+00:00 DEBUG Received invalid country code when getting provider links. Ignoring it. CONTEXT: {"gateway":"woocommerce_payments_alipay","country":""}
2026-02-21T18:44:15+00:00 DEBUG Received invalid country code when getting provider links. Ignoring it. CONTEXT: {"gateway":"woocommerce_payments_wechat_pay","country":""}
2026-02-21T18:44:15+00:00 DEBUG Received invalid country code when getting provider links. Ignoring it. CONTEXT: {"gateway":"bacs","country":""}
2026-02-21T18:44:15+00:00 DEBUG Received invalid country code when getting provider links. Ignoring it. CONTEXT: {"gateway":"cheque","country":""}
2026-02-21T18:44:15+00:00 DEBUG Received invalid country code when getting provider links. Ignoring it. CONTEXT: {"gateway":"cod","country":""}
2026-02-21T18:44:15+00:00 DEBUG Received invalid country code when getting provider links. Ignoring it. CONTEXT: {"gateway":"ppcp-gateway","country":""}
2026-02-21T18:44:15+00:00 DEBUG Received invalid country code when getting provider links. Ignoring it. CONTEXT: {"gateway":"woocommerce_payments_bancontact","country":""}
2026-02-21T18:44:15+00:00 DEBUG Received invalid country code when getting provider links. Ignoring it. CONTEXT: {"gateway":"woocommerce_payments_sepa_debit","country":""}
2026-02-21T18:44:15+00:00 DEBUG Received invalid country code when getting provider links. Ignoring it. CONTEXT: {"gateway":"woocommerce_payments_giropay","country":""}
2026-02-21T18:44:15+00:00 DEBUG Received invalid country code when getting provider links. Ignoring it. CONTEXT: {"gateway":"woocommerce_payments_sofort","country":""}
2026-02-21T18:44:15+00:00 DEBUG Received invalid country code when getting provider links. Ignoring it. CONTEXT: {"gateway":"woocommerce_payments_p24","country":""}
2026-02-21T18:44:15+00:00 DEBUG Received invalid country code when getting provider links. Ignoring it. CONTEXT: {"gateway":"woocommerce_payments_ideal","country":""}
2026-02-21T18:44:15+00:00 DEBUG Received invalid country code when getting provider links. Ignoring it. CONTEXT: {"gateway":"woocommerce_payments_au_becs_debit","country":""}
2026-02-21T18:44:15+00:00 DEBUG Received invalid country code when getting provider links. Ignoring it. CONTEXT: {"gateway":"woocommerce_payments_eps","country":""}
2026-02-21T18:44:15+00:00 DEBUG Received invalid country code when getting provider links. Ignoring it. CONTEXT: {"gateway":"woocommerce_payments_affirm","country":""}
2026-02-21T18:44:15+00:00 DEBUG Received invalid country code when getting provider links. Ignoring it. CONTEXT: {"gateway":"woocommerce_payments_afterpay_clearpay","country":""}
2026-02-21T18:44:15+00:00 DEBUG Received invalid country code when getting provider links. Ignoring it. CONTEXT: {"gateway":"woocommerce_payments_klarna","country":""}
2026-02-21T18:44:15+00:00 DEBUG Received invalid country code when getting provider links. Ignoring it. CONTEXT: {"gateway":"woocommerce_payments_multibanco","country":""}
2026-02-21T18:44:15+00:00 DEBUG Received invalid country code when getting provider links. Ignoring it. CONTEXT: {"gateway":"woocommerce_payments_grabpay","country":""}
2026-02-21T18:44:15+00:00 DEBUG Received invalid country code when getting provider links. Ignoring it. CONTEXT: {"gateway":"woocommerce_payments_alipay","country":""}
2026-02-21T18:44:15+00:00 DEBUG Received invalid country code when getting provider links. Ignoring it. CONTEXT: {"gateway":"woocommerce_payments_wechat_pay","country":""}
2026-02-21T18:44:15+00:00 DEBUG Received invalid country code when getting provider links. Ignoring it. CONTEXT: {"gateway":"woocommerce_payments","country":""}
2026-02-21T18:44:15+00:00 DEBUG Received invalid country code when getting provider links. Ignoring it. CONTEXT: {"gateway":"woocommerce_payments_bancontact","country":""}
2026-02-21T18:44:15+00:00 DEBUG Received invalid country code when getting provider links. Ignoring it. CONTEXT: {"gateway":"woocommerce_payments_sepa_debit","country":""}
2026-02-21T18:44:15+00:00 DEBUG Received invalid country code when getting provider links. Ignoring it. CONTEXT: {"gateway":"woocommerce_payments_giropay","country":""}
2026-02-21T18:44:15+00:00 DEBUG Received invalid country code when getting provider links. Ignoring it. CONTEXT: {"gateway":"woocommerce_payments_sofort","country":""}
2026-02-21T18:44:15+00:00 DEBUG Received invalid country code when getting provider links. Ignoring it. CONTEXT: {"gateway":"woocommerce_payments_p24","country":""}
2026-02-21T18:44:15+00:00 DEBUG Received invalid country code when getting provider links. Ignoring it. CONTEXT: {"gateway":"woocommerce_payments_ideal","country":""}
2026-02-21T18:44:15+00:00 DEBUG Received invalid country code when getting provider links. Ignoring it. CONTEXT: {"gateway":"woocommerce_payments_au_becs_debit","country":""}
2026-02-21T18:44:15+00:00 DEBUG Received invalid country code when getting provider links. Ignoring it. CONTEXT: {"gateway":"woocommerce_payments_eps","country":""}
2026-02-21T18:44:15+00:00 DEBUG Received invalid country code when getting provider links. Ignoring it. CONTEXT: {"gateway":"woocommerce_payments_affirm","country":""}
2026-02-21T18:44:15+00:00 DEBUG Received invalid country code when getting provider links. Ignoring it. CONTEXT: {"gateway":"woocommerce_payments_afterpay_clearpay","country":""}
2026-02-21T18:44:15+00:00 DEBUG Received invalid country code when getting provider links. Ignoring it. CONTEXT: {"gateway":"woocommerce_payments_klarna","country":""}
2026-02-21T18:44:15+00:00 DEBUG Received invalid country code when getting provider links. Ignoring it. CONTEXT: {"gateway":"woocommerce_payments_multibanco","country":""}
2026-02-21T18:44:15+00:00 DEBUG Received invalid country code when getting provider links. Ignoring it. CONTEXT: {"gateway":"woocommerce_payments_grabpay","country":""}
2026-02-21T18:44:15+00:00 DEBUG Received invalid country code when getting provider links. Ignoring it. CONTEXT: {"gateway":"woocommerce_payments_alipay","country":""}
2026-02-21T18:44:15+00:00 DEBUG Received invalid country code when getting provider links. Ignoring it. CONTEXT: {"gateway":"woocommerce_payments_wechat_pay","country":""}
2026-02-21T18:44:15+00:00 DEBUG Received invalid country code when getting provider links. Ignoring it. CONTEXT: {"gateway":"bacs","country":""}
2026-02-21T18:44:15+00:00 DEBUG Received invalid country code when getting provider links. Ignoring it. CONTEXT: {"gateway":"cheque","country":""}
2026-02-21T18:44:15+00:00 DEBUG Received invalid country code when getting provider links. Ignoring it. CONTEXT: {"gateway":"cod","country":""}
2026-02-21T18:44:15+00:00 DEBUG Received invalid country code when getting provider links. Ignoring it. CONTEXT: {"gateway":"ppcp-gateway","country":""}
2026-02-21T18:44:15+00:00 DEBUG Received invalid country code when getting provider links. Ignoring it. CONTEXT: {"gateway":"woocommerce_payments_bancontact","country":""}
2026-02-21T18:44:15+00:00 DEBUG Received invalid country code when getting provider links. Ignoring it. CONTEXT: {"gateway":"woocommerce_payments_sepa_debit","country":""}
2026-02-21T18:44:15+00:00 DEBUG Received invalid country code when getting provider links. Ignoring it. CONTEXT: {"gateway":"woocommerce_payments_giropay","country":""}
2026-02-21T18:44:15+00:00 DEBUG Received invalid country code when getting provider links. Ignoring it. CONTEXT: {"gateway":"woocommerce_payments_sofort","country":""}
2026-02-21T18:44:15+00:00 DEBUG Received invalid country code when getting provider links. Ignoring it. CONTEXT: {"gateway":"woocommerce_payments_p24","country":""}
2026-02-21T18:44:15+00:00 DEBUG Received invalid country code when getting provider links. Ignoring it. CONTEXT: {"gateway":"woocommerce_payments_ideal","country":""}
2026-02-21T18:44:15+00:00 DEBUG Received invalid country code when getting provider links. Ignoring it. CONTEXT: {"gateway":"woocommerce_payments_au_becs_debit","country":""}
2026-02-21T18:44:15+00:00 DEBUG Received invalid country code when getting provider links. Ignoring it. CONTEXT: {"gateway":"woocommerce_payments_eps","country":""}
2026-02-21T18:44:15+00:00 DEBUG Received invalid country code when getting provider links. Ignoring it. CONTEXT: {"gateway":"woocommerce_payments_affirm","country":""}
2026-02-21T18:44:15+00:00 DEBUG Received invalid country code when getting provider links. Ignoring it. CONTEXT: {"gateway":"woocommerce_payments_afterpay_clearpay","country":""}
2026-02-21T18:44:15+00:00 DEBUG Received invalid country code when getting provider links. Ignoring it. CONTEXT: {"gateway":"woocommerce_payments_klarna","country":""}
2026-02-21T18:44:15+00:00 DEBUG Received invalid country code when getting provider links. Ignoring it. CONTEXT: {"gateway":"woocommerce_payments_multibanco","country":""}
2026-02-21T18:44:15+00:00 DEBUG Received invalid country code when getting provider links. Ignoring it. CONTEXT: {"gateway":"woocommerce_payments_grabpay","country":""}
2026-02-21T18:44:15+00:00 DEBUG Received invalid country code when getting provider links. Ignoring it. CONTEXT: {"gateway":"woocommerce_payments_alipay","country":""}
2026-02-21T18:44:15+00:00 DEBUG Received invalid country code when getting provider links. Ignoring it. CONTEXT: {"gateway":"woocommerce_payments_wechat_pay","country":""}
2026-02-21T18:44:15+00:00 DEBUG Received invalid country code when getting provider links. Ignoring it. CONTEXT: {"gateway":"woocommerce_payments","country":""}
2026-02-21T18:44:15+00:00 DEBUG Received invalid country code when getting provider links. Ignoring it. CONTEXT: {"gateway":"woocommerce_payments_bancontact","country":""}
2026-02-21T18:44:15+00:00 DEBUG Received invalid country code when getting provider links. Ignoring it. CONTEXT: {"gateway":"woocommerce_payments_sepa_debit","country":""}
2026-02-21T18:44:15+00:00 DEBUG Received invalid country code when getting provider links. Ignoring it. CONTEXT: {"gateway":"woocommerce_payments_giropay","country":""}
2026-02-21T18:44:15+00:00 DEBUG Received invalid country code when getting provider links. Ignoring it. CONTEXT: {"gateway":"woocommerce_payments_sofort","country":""}
2026-02-21T18:44:15+00:00 DEBUG Received invalid country code when getting provider links. Ignoring it. CONTEXT: {"gateway":"woocommerce_payments_p24","country":""}
2026-02-21T18:44:15+00:00 DEBUG Received invalid country code when getting provider links. Ignoring it. CONTEXT: {"gateway":"woocommerce_payments_ideal","country":""}
2026-02-21T18:44:15+00:00 DEBUG Received invalid country code when getting provider links. Ignoring it. CONTEXT: {"gateway":"woocommerce_payments_au_becs_debit","country":""}
2026-02-21T18:44:15+00:00 DEBUG Received invalid country code when getting provider links. Ignoring it. CONTEXT: {"gateway":"woocommerce_payments_eps","country":""}
2026-02-21T18:44:15+00:00 DEBUG Received invalid country code when getting provider links. Ignoring it. CONTEXT: {"gateway":"woocommerce_payments_affirm","country":""}
2026-02-21T18:44:15+00:00 DEBUG Received invalid country code when getting provider links. Ignoring it. CONTEXT: {"gateway":"woocommerce_payments_afterpay_clearpay","country":""}
2026-02-21T18:44:15+00:00 DEBUG Received invalid country code when getting provider links. Ignoring it. CONTEXT: {"gateway":"woocommerce_payments_klarna","country":""}
2026-02-21T18:44:15+00:00 DEBUG Received invalid country code when getting provider links. Ignoring it. CONTEXT: {"gateway":"woocommerce_payments_multibanco","country":""}
2026-02-21T18:44:15+00:00 DEBUG Received invalid country code when getting provider links. Ignoring it. CONTEXT: {"gateway":"woocommerce_payments_grabpay","country":""}
2026-02-21T18:44:15+00:00 DEBUG Received invalid country code when getting provider links. Ignoring it. CONTEXT: {"gateway":"woocommerce_payments_alipay","country":""}
2026-02-21T18:44:15+00:00 DEBUG Received invalid country code when getting provider links. Ignoring it. CONTEXT: {"gateway":"woocommerce_payments_wechat_pay","country":""}
2026-02-21T18:44:15+00:00 DEBUG Received invalid country code when getting provider links. Ignoring it. CONTEXT: {"gateway":"bacs","country":""}
2026-02-21T18:44:15+00:00 DEBUG Received invalid country code when getting provider links. Ignoring it. CONTEXT: {"gateway":"cheque","country":""}
2026-02-21T18:44:15+00:00 DEBUG Received invalid country code when getting provider links. Ignoring it. CONTEXT: {"gateway":"cod","country":""}
2026-02-21T18:44:15+00:00 DEBUG Received invalid country code when getting provider links. Ignoring it. CONTEXT: {"gateway":"ppcp-gateway","country":""}
2026-02-21T18:44:15+00:00 DEBUG Received invalid country code when getting provider links. Ignoring it. CONTEXT: {"gateway":"woocommerce_payments_bancontact","country":""}
2026-02-21T18:44:15+00:00 DEBUG Received invalid country code when getting provider links. Ignoring it. CONTEXT: {"gateway":"woocommerce_payments_sepa_debit","country":""}
2026-02-21T18:44:15+00:00 DEBUG Received invalid country code when getting provider links. Ignoring it. CONTEXT: {"gateway":"woocommerce_payments_giropay","country":""}
2026-02-21T18:44:15+00:00 DEBUG Received invalid country code when getting provider links. Ignoring it. CONTEXT: {"gateway":"woocommerce_payments_sofort","country":""}
2026-02-21T18:44:15+00:00 DEBUG Received invalid country code when getting provider links. Ignoring it. CONTEXT: {"gateway":"woocommerce_payments_p24","country":""}
2026-02-21T18:44:15+00:00 DEBUG Received invalid country code when getting provider links. Ignoring it. CONTEXT: {"gateway":"woocommerce_payments_ideal","country":""}
2026-02-21T18:44:15+00:00 DEBUG Received invalid country code when getting provider links. Ignoring it. CONTEXT: {"gateway":"woocommerce_payments_au_becs_debit","country":""}
2026-02-21T18:44:15+00:00 DEBUG Received invalid country code when getting provider links. Ignoring it. CONTEXT: {"gateway":"woocommerce_payments_eps","country":""}
2026-02-21T18:44:15+00:00 DEBUG Received invalid country code when getting provider links. Ignoring it. CONTEXT: {"gateway":"woocommerce_payments_affirm","country":""}
2026-02-21T18:44:15+00:00 DEBUG Received invalid country code when getting provider links. Ignoring it. CONTEXT: {"gateway":"woocommerce_payments_afterpay_clearpay","country":""}
2026-02-21T18:44:15+00:00 DEBUG Received invalid country code when getting provider links. Ignoring it. CONTEXT: {"gateway":"woocommerce_payments_klarna","country":""}
2026-02-21T18:44:15+00:00 DEBUG Received invalid country code when getting provider links. Ignoring it. CONTEXT: {"gateway":"woocommerce_payments_multibanco","country":""}
2026-02-21T18:44:15+00:00 DEBUG Received invalid country code when getting provider links. Ignoring it. CONTEXT: {"gateway":"woocommerce_payments_grabpay","country":""}
2026-02-21T18:44:15+00:00 DEBUG Received invalid country code when getting provider links. Ignoring it. CONTEXT: {"gateway":"woocommerce_payments_alipay","country":""}
2026-02-21T18:44:15+00:00 DEBUG Received invalid country code when getting provider links. Ignoring it. CONTEXT: {"gateway":"woocommerce_payments_wechat_pay","country":""}
2026-02-21T18:44:15+00:00 DEBUG Received invalid country code when getting provider links. Ignoring it. CONTEXT: {"gateway":"woocommerce_payments","country":""}
2026-02-21T18:44:15+00:00 DEBUG Received invalid country code when getting provider links. Ignoring it. CONTEXT: {"gateway":"woocommerce_payments_bancontact","country":""}
2026-02-21T18:44:15+00:00 DEBUG Received invalid country code when getting provider links. Ignoring it. CONTEXT: {"gateway":"woocommerce_payments_sepa_debit","country":""}
2026-02-21T18:44:15+00:00 DEBUG Received invalid country code when getting provider links. Ignoring it. CONTEXT: {"gateway":"woocommerce_payments_giropay","country":""}
2026-02-21T18:44:15+00:00 DEBUG Received invalid country code when getting provider links. Ignoring it. CONTEXT: {"gateway":"woocommerce_payments_sofort","country":""}
2026-02-21T18:44:15+00:00 DEBUG Received invalid country code when getting provider links. Ignoring it. CONTEXT: {"gateway":"woocommerce_payments_p24","country":""}
2026-02-21T18:44:15+00:00 DEBUG Received invalid country code when getting provider links. Ignoring it. CONTEXT: {"gateway":"woocommerce_payments_ideal","country":""}
2026-02-21T18:44:15+00:00 DEBUG Received invalid country code when getting provider links. Ignoring it. CONTEXT: {"gateway":"woocommerce_payments_au_becs_debit","country":""}
2026-02-21T18:44:15+00:00 DEBUG Received invalid country code when getting provider links. Ignoring it. CONTEXT: {"gateway":"woocommerce_payments_eps","country":""}
2026-02-21T18:44:15+00:00 DEBUG Received invalid country code when getting provider links. Ignoring it. CONTEXT: {"gateway":"woocommerce_payments_affirm","country":""}
2026-02-21T18:44:15+00:00 DEBUG Received invalid country code when getting provider links. Ignoring it. CONTEXT: {"gateway":"woocommerce_payments_afterpay_clearpay","country":""}
2026-02-21T18:44:15+00:00 DEBUG Received invalid country code when getting provider links. Ignoring it. CONTEXT: {"gateway":"woocommerce_payments_klarna","country":""}
2026-02-21T18:44:15+00:00 DEBUG Received invalid country code when getting provider links. Ignoring it. CONTEXT: {"gateway":"woocommerce_payments_multibanco","country":""}
2026-02-21T18:44:15+00:00 DEBUG Received invalid country code when getting provider links. Ignoring it. CONTEXT: {"gateway":"woocommerce_payments_grabpay","country":""}
2026-02-21T18:44:15+00:00 DEBUG Received invalid country code when getting provider links. Ignoring it. CONTEXT: {"gateway":"woocommerce_payments_alipay","country":""}
2026-02-21T18:44:15+00:00 DEBUG Received invalid country code when getting provider links. Ignoring it. CONTEXT: {"gateway":"woocommerce_payments_wechat_pay","country":""}
2026-02-21T18:44:15+00:00 DEBUG Received invalid country code when getting provider links. Ignoring it. CONTEXT: {"gateway":"bacs","country":""}
2026-02-21T18:44:15+00:00 DEBUG Received invalid country code when getting provider links. Ignoring it. CONTEXT: {"gateway":"cheque","country":""}
2026-02-21T18:44:15+00:00 DEBUG Received invalid country code when getting provider links. Ignoring it. CONTEXT: {"gateway":"cod","country":""}
2026-02-21T18:44:15+00:00 DEBUG Received invalid country code when getting provider links. Ignoring it. CONTEXT: {"gateway":"ppcp-gateway","country":""}
2026-02-21T18:44:15+00:00 DEBUG Received invalid country code when getting provider links. Ignoring it. CONTEXT: {"gateway":"woocommerce_payments_bancontact","country":""}
2026-02-21T18:44:15+00:00 DEBUG Received invalid country code when getting provider links. Ignoring it. CONTEXT: {"gateway":"woocommerce_payments_sepa_debit","country":""}
2026-02-21T18:44:15+00:00 DEBUG Received invalid country code when getting provider links. Ignoring it. CONTEXT: {"gateway":"woocommerce_payments_giropay","country":""}
2026-02-21T18:44:15+00:00 DEBUG Received invalid country code when getting provider links. Ignoring it. CONTEXT: {"gateway":"woocommerce_payments_sofort","country":""}
2026-02-21T18:44:15+00:00 DEBUG Received invalid country code when getting provider links. Ignoring it. CONTEXT: {"gateway":"woocommerce_payments_p24","country":""}
2026-02-21T18:44:15+00:00 DEBUG Received invalid country code when getting provider links. Ignoring it. CONTEXT: {"gateway":"woocommerce_payments_ideal","country":""}
2026-02-21T18:44:15+00:00 DEBUG Received invalid country code when getting provider links. Ignoring it. CONTEXT: {"gateway":"woocommerce_payments_au_becs_debit","country":""}
2026-02-21T18:44:15+00:00 DEBUG Received invalid country code when getting provider links. Ignoring it. CONTEXT: {"gateway":"woocommerce_payments_eps","country":""}
2026-02-21T18:44:15+00:00 DEBUG Received invalid country code when getting provider links. Ignoring it. CONTEXT: {"gateway":"woocommerce_payments_affirm","country":""}
2026-02-21T18:44:15+00:00 DEBUG Received invalid country code when getting provider links. Ignoring it. CONTEXT: {"gateway":"woocommerce_payments_afterpay_clearpay","country":""}
2026-02-21T18:44:15+00:00 DEBUG Received invalid country code when getting provider links. Ignoring it. CONTEXT: {"gateway":"woocommerce_payments_klarna","country":""}
2026-02-21T18:44:15+00:00 DEBUG Received invalid country code when getting provider links. Ignoring it. CONTEXT: {"gateway":"woocommerce_payments_multibanco","country":""}
2026-02-21T18:44:15+00:00 DEBUG Received invalid country code when getting provider links. Ignoring it. CONTEXT: {"gateway":"woocommerce_payments_grabpay","country":""}
2026-02-21T18:44:15+00:00 DEBUG Received invalid country code when getting provider links. Ignoring it. CONTEXT: {"gateway":"woocommerce_payments_alipay","country":""}
2026-02-21T18:44:15+00:00 DEBUG Received invalid country code when getting provider links. Ignoring it. CONTEXT: {"gateway":"woocommerce_payments_wechat_pay","country":""}
2026-02-21T18:44:15+00:00 DEBUG Received invalid country code when getting provider links. Ignoring it. CONTEXT: {"gateway":"woocommerce_payments","country":""}
2026-02-21T18:44:15+00:00 DEBUG Received invalid country code when getting provider links. Ignoring it. CONTEXT: {"gateway":"woocommerce_payments_bancontact","country":""}
2026-02-21T18:44:15+00:00 DEBUG Received invalid country code when getting provider links. Ignoring it. CONTEXT: {"gateway":"woocommerce_payments_sepa_debit","country":""}
2026-02-21T18:44:15+00:00 DEBUG Received invalid country code when getting provider links. Ignoring it. CONTEXT: {"gateway":"woocommerce_payments_giropay","country":""}
2026-02-21T18:44:15+00:00 DEBUG Received invalid country code when getting provider links. Ignoring it. CONTEXT: {"gateway":"woocommerce_payments_sofort","country":""}
2026-02-21T18:44:15+00:00 DEBUG Received invalid country code when getting provider links. Ignoring it. CONTEXT: {"gateway":"woocommerce_payments_p24","country":""}
2026-02-21T18:44:15+00:00 DEBUG Received invalid country code when getting provider links. Ignoring it. CONTEXT: {"gateway":"woocommerce_payments_ideal","country":""}
2026-02-21T18:44:15+00:00 DEBUG Received invalid country code when getting provider links. Ignoring it. CONTEXT: {"gateway":"woocommerce_payments_au_becs_debit","country":""}
2026-02-21T18:44:15+00:00 DEBUG Received invalid country code when getting provider links. Ignoring it. CONTEXT: {"gateway":"woocommerce_payments_eps","country":""}
2026-02-21T18:44:15+00:00 DEBUG Received invalid country code when getting provider links. Ignoring it. CONTEXT: {"gateway":"woocommerce_payments_affirm","country":""}
2026-02-21T18:44:15+00:00 DEBUG Received invalid country code when getting provider links. Ignoring it. CONTEXT: {"gateway":"woocommerce_payments_afterpay_clearpay","country":""}
2026-02-21T18:44:15+00:00 DEBUG Received invalid country code when getting provider links. Ignoring it. CONTEXT: {"gateway":"woocommerce_payments_klarna","country":""}
2026-02-21T18:44:15+00:00 DEBUG Received invalid country code when getting provider links. Ignoring it. CONTEXT: {"gateway":"woocommerce_payments_multibanco","country":""}
2026-02-21T18:44:15+00:00 DEBUG Received invalid country code when getting provider links. Ignoring it. CONTEXT: {"gateway":"woocommerce_payments_grabpay","country":""}
2026-02-21T18:44:15+00:00 DEBUG Received invalid country code when getting provider links. Ignoring it. CONTEXT: {"gateway":"woocommerce_payments_alipay","country":""}
2026-02-21T18:44:15+00:00 DEBUG Received invalid country code when getting provider links. Ignoring it. CONTEXT: {"gateway":"woocommerce_payments_wechat_pay","country":""}
2026-02-21T18:44:15+00:00 DEBUG Received invalid country code when getting provider links. Ignoring it. CONTEXT: {"gateway":"bacs","country":""}
2026-02-21T18:44:15+00:00 DEBUG Received invalid country code when getting provider links. Ignoring it. CONTEXT: {"gateway":"cheque","country":""}
2026-02-21T18:44:15+00:00 DEBUG Received invalid country code when getting provider links. Ignoring it. CONTEXT: {"gateway":"cod","country":""}
2026-02-21T18:44:15+00:00 DEBUG Received invalid country code when getting provider links. Ignoring it. CONTEXT: {"gateway":"ppcp-gateway","country":""}
2026-02-21T18:44:15+00:00 DEBUG Received invalid country code when getting provider links. Ignoring it. CONTEXT: {"gateway":"woocommerce_payments_bancontact","country":""}
2026-02-21T18:44:15+00:00 DEBUG Received invalid country code when getting provider links. Ignoring it. CONTEXT: {"gateway":"woocommerce_payments_sepa_debit","country":""}
2026-02-21T18:44:15+00:00 DEBUG Received invalid country code when getting provider links. Ignoring it. CONTEXT: {"gateway":"woocommerce_payments_giropay","country":""}
2026-02-21T18:44:15+00:00 DEBUG Received invalid country code when getting provider links. Ignoring it. CONTEXT: {"gateway":"woocommerce_payments_sofort","country":""}
2026-02-21T18:44:15+00:00 DEBUG Received invalid country code when getting provider links. Ignoring it. CONTEXT: {"gateway":"woocommerce_payments_p24","country":""}
2026-02-21T18:44:15+00:00 DEBUG Received invalid country code when getting provider links. Ignoring it. CONTEXT: {"gateway":"woocommerce_payments_ideal","country":""}
2026-02-21T18:44:15+00:00 DEBUG Received invalid country code when getting provider links. Ignoring it. CONTEXT: {"gateway":"woocommerce_payments_au_becs_debit","country":""}
2026-02-21T18:44:15+00:00 DEBUG Received invalid country code when getting provider links. Ignoring it. CONTEXT: {"gateway":"woocommerce_payments_eps","country":""}
2026-02-21T18:44:15+00:00 DEBUG Received invalid country code when getting provider links. Ignoring it. CONTEXT: {"gateway":"woocommerce_payments_affirm","country":""}
2026-02-21T18:44:15+00:00 DEBUG Received invalid country code when getting provider links. Ignoring it. CONTEXT: {"gateway":"woocommerce_payments_afterpay_clearpay","country":""}
2026-02-21T18:44:15+00:00 DEBUG Received invalid country code when getting provider links. Ignoring it. CONTEXT: {"gateway":"woocommerce_payments_klarna","country":""}
2026-02-21T18:44:15+00:00 DEBUG Received invalid country code when getting provider links. Ignoring it. CONTEXT: {"gateway":"woocommerce_payments_multibanco","country":""}
2026-02-21T18:44:15+00:00 DEBUG Received invalid country code when getting provider links. Ignoring it. CONTEXT: {"gateway":"woocommerce_payments_grabpay","country":""}
2026-02-21T18:44:15+00:00 DEBUG Received invalid country code when getting provider links. Ignoring it. CONTEXT: {"gateway":"woocommerce_payments_alipay","country":""}
2026-02-21T18:44:15+00:00 DEBUG Received invalid country code when getting provider links. Ignoring it. CONTEXT: {"gateway":"woocommerce_payments_wechat_pay","country":""}
2026-02-21T18:44:15+00:00 DEBUG Received invalid country code when getting provider links. Ignoring it. CONTEXT: {"gateway":"woocommerce_payments","country":""}
2026-02-21T18:44:15+00:00 DEBUG Received invalid country code when getting provider links. Ignoring it. CONTEXT: {"gateway":"woocommerce_payments_bancontact","country":""}
2026-02-21T18:44:15+00:00 DEBUG Received invalid country code when getting provider links. Ignoring it. CONTEXT: {"gateway":"woocommerce_payments_sepa_debit","country":""}
2026-02-21T18:44:15+00:00 DEBUG Received invalid country code when getting provider links. Ignoring it. CONTEXT: {"gateway":"woocommerce_payments_giropay","country":""}
2026-02-21T18:44:15+00:00 DEBUG Received invalid country code when getting provider links. Ignoring it. CONTEXT: {"gateway":"woocommerce_payments_sofort","country":""}
2026-02-21T18:44:15+00:00 DEBUG Received invalid country code when getting provider links. Ignoring it. CONTEXT: {"gateway":"woocommerce_payments_p24","country":""}
2026-02-21T18:44:15+00:00 DEBUG Received invalid country code when getting provider links. Ignoring it. CONTEXT: {"gateway":"woocommerce_payments_ideal","country":""}
2026-02-21T18:44:15+00:00 DEBUG Received invalid country code when getting provider links. Ignoring it. CONTEXT: {"gateway":"woocommerce_payments_au_becs_debit","country":""}
2026-02-21T18:44:15+00:00 DEBUG Received invalid country code when getting provider links. Ignoring it. CONTEXT: {"gateway":"woocommerce_payments_eps","country":""}
2026-02-21T18:44:15+00:00 DEBUG Received invalid country code when getting provider links. Ignoring it. CONTEXT: {"gateway":"woocommerce_payments_affirm","country":""}
2026-02-21T18:44:15+00:00 DEBUG Received invalid country code when getting provider links. Ignoring it. CONTEXT: {"gateway":"woocommerce_payments_afterpay_clearpay","country":""}
2026-02-21T18:44:15+00:00 DEBUG Received invalid country code when getting provider links. Ignoring it. CONTEXT: {"gateway":"woocommerce_payments_klarna","country":""}
2026-02-21T18:44:15+00:00 DEBUG Received invalid country code when getting provider links. Ignoring it. CONTEXT: {"gateway":"woocommerce_payments_multibanco","country":""}
2026-02-21T18:44:15+00:00 DEBUG Received invalid country code when getting provider links. Ignoring it. CONTEXT: {"gateway":"woocommerce_payments_grabpay","country":""}
2026-02-21T18:44:15+00:00 DEBUG Received invalid country code when getting provider links. Ignoring it. CONTEXT: {"gateway":"woocommerce_payments_alipay","country":""}
2026-02-21T18:44:15+00:00 DEBUG Received invalid country code when getting provider links. Ignoring it. CONTEXT: {"gateway":"woocommerce_payments_wechat_pay","country":""}
2026-02-21T18:44:15+00:00 DEBUG Received invalid country code when getting provider links. Ignoring it. CONTEXT: {"gateway":"bacs","country":""}
2026-02-21T18:44:15+00:00 DEBUG Received invalid country code when getting provider links. Ignoring it. CONTEXT: {"gateway":"cheque","country":""}
2026-02-21T18:44:15+00:00 DEBUG Received invalid country code when getting provider links. Ignoring it. CONTEXT: {"gateway":"cod","country":""}
2026-02-21T18:44:15+00:00 DEBUG Received invalid country code when getting provider links. Ignoring it. CONTEXT: {"gateway":"ppcp-gateway","country":""}
2026-02-21T18:44:15+00:00 DEBUG Received invalid country code when getting provider links. Ignoring it. CONTEXT: {"gateway":"woocommerce_payments_bancontact","country":""}
2026-02-21T18:44:15+00:00 DEBUG Received invalid country code when getting provider links. Ignoring it. CONTEXT: {"gateway":"woocommerce_payments_sepa_debit","country":""}
2026-02-21T18:44:15+00:00 DEBUG Received invalid country code when getting provider links. Ignoring it. CONTEXT: {"gateway":"woocommerce_payments_giropay","country":""}
2026-02-21T18:44:15+00:00 DEBUG Received invalid country code when getting provider links. Ignoring it. CONTEXT: {"gateway":"woocommerce_payments_sofort","country":""}
2026-02-21T18:44:15+00:00 DEBUG Received invalid country code when getting provider links. Ignoring it. CONTEXT: {"gateway":"woocommerce_payments_p24","country":""}
2026-02-21T18:44:15+00:00 DEBUG Received invalid country code when getting provider links. Ignoring it. CONTEXT: {"gateway":"woocommerce_payments_ideal","country":""}
2026-02-21T18:44:15+00:00 DEBUG Received invalid country code when getting provider links. Ignoring it. CONTEXT: {"gateway":"woocommerce_payments_au_becs_debit","country":""}
2026-02-21T18:44:15+00:00 DEBUG Received invalid country code when getting provider links. Ignoring it. CONTEXT: {"gateway":"woocommerce_payments_eps","country":""}
2026-02-21T18:44:15+00:00 DEBUG Received invalid country code when getting provider links. Ignoring it. CONTEXT: {"gateway":"woocommerce_payments_affirm","country":""}
2026-02-21T18:44:15+00:00 DEBUG Received invalid country code when getting provider links. Ignoring it. CONTEXT: {"gateway":"woocommerce_payments_afterpay_clearpay","country":""}
2026-02-21T18:44:15+00:00 DEBUG Received invalid country code when getting provider links. Ignoring it. CONTEXT: {"gateway":"woocommerce_payments_klarna","country":""}
2026-02-21T18:44:15+00:00 DEBUG Received invalid country code when getting provider links. Ignoring it. CONTEXT: {"gateway":"woocommerce_payments_multibanco","country":""}
2026-02-21T18:44:15+00:00 DEBUG Received invalid country code when getting provider links. Ignoring it. CONTEXT: {"gateway":"woocommerce_payments_grabpay","country":""}
2026-02-21T18:44:15+00:00 DEBUG Received invalid country code when getting provider links. Ignoring it. CONTEXT: {"gateway":"woocommerce_payments_alipay","country":""}
2026-02-21T18:44:15+00:00 DEBUG Received invalid country code when getting provider links. Ignoring it. CONTEXT: {"gateway":"woocommerce_payments_wechat_pay","country":""}
2026-02-21T18:44:15+00:00 DEBUG Received invalid country code when getting provider links. Ignoring it. CONTEXT: {"gateway":"woocommerce_payments","country":""}
2026-02-21T18:44:15+00:00 DEBUG Received invalid country code when getting provider links. Ignoring it. CONTEXT: {"gateway":"woocommerce_payments_bancontact","country":""}
2026-02-21T18:44:15+00:00 DEBUG Received invalid country code when getting provider links. Ignoring it. CONTEXT: {"gateway":"woocommerce_payments_sepa_debit","country":""}
2026-02-21T18:44:15+00:00 DEBUG Received invalid country code when getting provider links. Ignoring it. CONTEXT: {"gateway":"woocommerce_payments_giropay","country":""}
2026-02-21T18:44:15+00:00 DEBUG Received invalid country code when getting provider links. Ignoring it. CONTEXT: {"gateway":"woocommerce_payments_sofort","country":""}
2026-02-21T18:44:15+00:00 DEBUG Received invalid country code when getting provider links. Ignoring it. CONTEXT: {"gateway":"woocommerce_payments_p24","country":""}
2026-02-21T18:44:15+00:00 DEBUG Received invalid country code when getting provider links. Ignoring it. CONTEXT: {"gateway":"woocommerce_payments_ideal","country":""}
2026-02-21T18:44:15+00:00 DEBUG Received invalid country code when getting provider links. Ignoring it. CONTEXT: {"gateway":"woocommerce_payments_au_becs_debit","country":""}
2026-02-21T18:44:15+00:00 DEBUG Received invalid country code when getting provider links. Ignoring it. CONTEXT: {"gateway":"woocommerce_payments_eps","country":""}
2026-02-21T18:44:15+00:00 DEBUG Received invalid country code when getting provider links. Ignoring it. CONTEXT: {"gateway":"woocommerce_payments_affirm","country":""}
2026-02-21T18:44:15+00:00 DEBUG Received invalid country code when getting provider links. Ignoring it. CONTEXT: {"gateway":"woocommerce_payments_afterpay_clearpay","country":""}
2026-02-21T18:44:15+00:00 DEBUG Received invalid country code when getting provider links. Ignoring it. CONTEXT: {"gateway":"woocommerce_payments_klarna","country":""}
2026-02-21T18:44:15+00:00 DEBUG Received invalid country code when getting provider links. Ignoring it. CONTEXT: {"gateway":"woocommerce_payments_multibanco","country":""}
2026-02-21T18:44:15+00:00 DEBUG Received invalid country code when getting provider links. Ignoring it. CONTEXT: {"gateway":"woocommerce_payments_grabpay","country":""}
2026-02-21T18:44:15+00:00 DEBUG Received invalid country code when getting provider links. Ignoring it. CONTEXT: {"gateway":"woocommerce_payments_alipay","country":""}
2026-02-21T18:44:15+00:00 DEBUG Received invalid country code when getting provider links. Ignoring it. CONTEXT: {"gateway":"woocommerce_payments_wechat_pay","country":""}
2026-02-21T18:44:15+00:00 DEBUG Received invalid country code when getting provider links. Ignoring it. CONTEXT: {"gateway":"bacs","country":""}
2026-02-21T18:44:15+00:00 DEBUG Received invalid country code when getting provider links. Ignoring it. CONTEXT: {"gateway":"cheque","country":""}
2026-02-21T18:44:15+00:00 DEBUG Received invalid country code when getting provider links. Ignoring it. CONTEXT: {"gateway":"cod","country":""}
2026-02-21T18:44:15+00:00 DEBUG Received invalid country code when getting provider links. Ignoring it. CONTEXT: {"gateway":"ppcp-gateway","country":""}
2026-02-21T18:44:15+00:00 DEBUG Received invalid country code when getting provider links. Ignoring it. CONTEXT: {"gateway":"woocommerce_payments_bancontact","country":""}
2026-02-21T18:44:15+00:00 DEBUG Received invalid country code when getting provider links. Ignoring it. CONTEXT: {"gateway":"woocommerce_payments_sepa_debit","country":""}
2026-02-21T18:44:15+00:00 DEBUG Received invalid country code when getting provider links. Ignoring it. CONTEXT: {"gateway":"woocommerce_payments_giropay","country":""}
2026-02-21T18:44:15+00:00 DEBUG Received invalid country code when getting provider links. Ignoring it. CONTEXT: {"gateway":"woocommerce_payments_sofort","country":""}
2026-02-21T18:44:15+00:00 DEBUG Received invalid country code when getting provider links. Ignoring it. CONTEXT: {"gateway":"woocommerce_payments_p24","country":""}
2026-02-21T18:44:15+00:00 DEBUG Received invalid country code when getting provider links. Ignoring it. CONTEXT: {"gateway":"woocommerce_payments_ideal","country":""}
2026-02-21T18:44:15+00:00 DEBUG Received invalid country code when getting provider links. Ignoring it. CONTEXT: {"gateway":"woocommerce_payments_au_becs_debit","country":""}
2026-02-21T18:44:15+00:00 DEBUG Received invalid country code when getting provider links. Ignoring it. CONTEXT: {"gateway":"woocommerce_payments_eps","country":""}
2026-02-21T18:44:15+00:00 DEBUG Received invalid country code when getting provider links. Ignoring it. CONTEXT: {"gateway":"woocommerce_payments_affirm","country":""}
2026-02-21T18:44:15+00:00 DEBUG Received invalid country code when getting provider links. Ignoring it. CONTEXT: {"gateway":"woocommerce_payments_afterpay_clearpay","country":""}
2026-02-21T18:44:15+00:00 DEBUG Received invalid country code when getting provider links. Ignoring it. CONTEXT: {"gateway":"woocommerce_payments_klarna","country":""}
2026-02-21T18:44:15+00:00 DEBUG Received invalid country code when getting provider links. Ignoring it. CONTEXT: {"gateway":"woocommerce_payments_multibanco","country":""}
2026-02-21T18:44:15+00:00 DEBUG Received invalid country code when getting provider links. Ignoring it. CONTEXT: {"gateway":"woocommerce_payments_grabpay","country":""}
2026-02-21T18:44:15+00:00 DEBUG Received invalid country code when getting provider links. Ignoring it. CONTEXT: {"gateway":"woocommerce_payments_alipay","country":""}
2026-02-21T18:44:15+00:00 DEBUG Received invalid country code when getting provider links. Ignoring it. CONTEXT: {"gateway":"woocommerce_payments_wechat_pay","country":""}
2026-02-21T18:44:15+00:00 DEBUG Received invalid country code when getting provider links. Ignoring it. CONTEXT: {"gateway":"woocommerce_payments","country":""}
2026-02-21T18:44:15+00:00 DEBUG Received invalid country code when getting provider links. Ignoring it. CONTEXT: {"gateway":"woocommerce_payments_bancontact","country":""}
2026-02-21T18:44:15+00:00 DEBUG Received invalid country code when getting provider links. Ignoring it. CONTEXT: {"gateway":"woocommerce_payments_sepa_debit","country":""}
2026-02-21T18:44:15+00:00 DEBUG Received invalid country code when getting provider links. Ignoring it. CONTEXT: {"gateway":"woocommerce_payments_giropay","country":""}
2026-02-21T18:44:15+00:00 DEBUG Received invalid country code when getting provider links. Ignoring it. CONTEXT: {"gateway":"woocommerce_payments_sofort","country":""}
2026-02-21T18:44:15+00:00 DEBUG Received invalid country code when getting provider links. Ignoring it. CONTEXT: {"gateway":"woocommerce_payments_p24","country":""}
2026-02-21T18:44:15+00:00 DEBUG Received invalid country code when getting provider links. Ignoring it. CONTEXT: {"gateway":"woocommerce_payments_ideal","country":""}
2026-02-21T18:44:15+00:00 DEBUG Received invalid country code when getting provider links. Ignoring it. CONTEXT: {"gateway":"woocommerce_payments_au_becs_debit","country":""}
2026-02-21T18:44:15+00:00 DEBUG Received invalid country code when getting provider links. Ignoring it. CONTEXT: {"gateway":"woocommerce_payments_eps","country":""}
2026-02-21T18:44:15+00:00 DEBUG Received invalid country code when getting provider links. Ignoring it. CONTEXT: {"gateway":"woocommerce_payments_affirm","country":""}
2026-02-21T18:44:15+00:00 DEBUG Received invalid country code when getting provider links. Ignoring it. CONTEXT: {"gateway":"woocommerce_payments_afterpay_clearpay","country":""}
2026-02-21T18:44:15+00:00 DEBUG Received invalid country code when getting provider links. Ignoring it. CONTEXT: {"gateway":"woocommerce_payments_klarna","country":""}
2026-02-21T18:44:15+00:00 DEBUG Received invalid country code when getting provider links. Ignoring it. CONTEXT: {"gateway":"woocommerce_payments_multibanco","country":""}
2026-02-21T18:44:15+00:00 DEBUG Received invalid country code when getting provider links. Ignoring it. CONTEXT: {"gateway":"woocommerce_payments_grabpay","country":""}
2026-02-21T18:44:15+00:00 DEBUG Received invalid country code when getting provider links. Ignoring it. CONTEXT: {"gateway":"woocommerce_payments_alipay","country":""}
2026-02-21T18:44:15+00:00 DEBUG Received invalid country code when getting provider links. Ignoring it. CONTEXT: {"gateway":"woocommerce_payments_wechat_pay","country":""}
2026-02-21T18:44:15+00:00 DEBUG Received invalid country code when getting provider links. Ignoring it. CONTEXT: {"gateway":"bacs","country":""}
2026-02-21T18:44:15+00:00 DEBUG Received invalid country code when getting provider links. Ignoring it. CONTEXT: {"gateway":"cheque","country":""}
2026-02-21T18:44:15+00:00 DEBUG Received invalid country code when getting provider links. Ignoring it. CONTEXT: {"gateway":"cod","country":""}
2026-02-21T18:44:15+00:00 DEBUG Received invalid country code when getting provider links. Ignoring it. CONTEXT: {"gateway":"ppcp-gateway","country":""}
2026-02-21T18:44:15+00:00 DEBUG Received invalid country code when getting provider links. Ignoring it. CONTEXT: {"gateway":"woocommerce_payments_bancontact","country":""}
2026-02-21T18:44:15+00:00 DEBUG Received invalid country code when getting provider links. Ignoring it. CONTEXT: {"gateway":"woocommerce_payments_sepa_debit","country":""}
2026-02-21T18:44:15+00:00 DEBUG Received invalid country code when getting provider links. Ignoring it. CONTEXT: {"gateway":"woocommerce_payments_giropay","country":""}
2026-02-21T18:44:15+00:00 DEBUG Received invalid country code when getting provider links. Ignoring it. CONTEXT: {"gateway":"woocommerce_payments_sofort","country":""}
2026-02-21T18:44:15+00:00 DEBUG Received invalid country code when getting provider links. Ignoring it. CONTEXT: {"gateway":"woocommerce_payments_p24","country":""}
2026-02-21T18:44:15+00:00 DEBUG Received invalid country code when getting provider links. Ignoring it. CONTEXT: {"gateway":"woocommerce_payments_ideal","country":""}
2026-02-21T18:44:15+00:00 DEBUG Received invalid country code when getting provider links. Ignoring it. CONTEXT: {"gateway":"woocommerce_payments_au_becs_debit","country":""}
2026-02-21T18:44:15+00:00 DEBUG Received invalid country code when getting provider links. Ignoring it. CONTEXT: {"gateway":"woocommerce_payments_eps","country":""}
2026-02-21T18:44:15+00:00 DEBUG Received invalid country code when getting provider links. Ignoring it. CONTEXT: {"gateway":"woocommerce_payments_affirm","country":""}
2026-02-21T18:44:15+00:00 DEBUG Received invalid country code when getting provider links. Ignoring it. CONTEXT: {"gateway":"woocommerce_payments_afterpay_clearpay","country":""}
2026-02-21T18:44:15+00:00 DEBUG Received invalid country code when getting provider links. Ignoring it. CONTEXT: {"gateway":"woocommerce_payments_klarna","country":""}
2026-02-21T18:44:15+00:00 DEBUG Received invalid country code when getting provider links. Ignoring it. CONTEXT: {"gateway":"woocommerce_payments_multibanco","country":""}
2026-02-21T18:44:15+00:00 DEBUG Received invalid country code when getting provider links. Ignoring it. CONTEXT: {"gateway":"woocommerce_payments_grabpay","country":""}
2026-02-21T18:44:15+00:00 DEBUG Received invalid country code when getting provider links. Ignoring it. CONTEXT: {"gateway":"woocommerce_payments_alipay","country":""}
2026-02-21T18:44:15+00:00 DEBUG Received invalid country code when getting provider links. Ignoring it. CONTEXT: {"gateway":"woocommerce_payments_wechat_pay","country":""}
2026-02-21T18:44:15+00:00 DEBUG Received invalid country code when getting provider links. Ignoring it. CONTEXT: {"gateway":"woocommerce_payments","country":""}
2026-02-21T18:44:15+00:00 DEBUG Received invalid country code when getting provider links. Ignoring it. CONTEXT: {"gateway":"woocommerce_payments_bancontact","country":""}
2026-02-21T18:44:15+00:00 DEBUG Received invalid country code when getting provider links. Ignoring it. CONTEXT: {"gateway":"woocommerce_payments_sepa_debit","country":""}
2026-02-21T18:44:15+00:00 DEBUG Received invalid country code when getting provider links. Ignoring it. CONTEXT: {"gateway":"woocommerce_payments_giropay","country":""}
2026-02-21T18:44:15+00:00 DEBUG Received invalid country code when getting provider links. Ignoring it. CONTEXT: {"gateway":"woocommerce_payments_sofort","country":""}
2026-02-21T18:44:15+00:00 DEBUG Received invalid country code when getting provider links. Ignoring it. CONTEXT: {"gateway":"woocommerce_payments_p24","country":""}
2026-02-21T18:44:15+00:00 DEBUG Received invalid country code when getting provider links. Ignoring it. CONTEXT: {"gateway":"woocommerce_payments_ideal","country":""}
2026-02-21T18:44:15+00:00 DEBUG Received invalid country code when getting provider links. Ignoring it. CONTEXT: {"gateway":"woocommerce_payments_au_becs_debit","country":""}
2026-02-21T18:44:15+00:00 DEBUG Received invalid country code when getting provider links. Ignoring it. CONTEXT: {"gateway":"woocommerce_payments_eps","country":""}
2026-02-21T18:44:15+00:00 DEBUG Received invalid country code when getting provider links. Ignoring it. CONTEXT: {"gateway":"woocommerce_payments_affirm","country":""}
2026-02-21T18:44:15+00:00 DEBUG Received invalid country code when getting provider links. Ignoring it. CONTEXT: {"gateway":"woocommerce_payments_afterpay_clearpay","country":""}
2026-02-21T18:44:15+00:00 DEBUG Received invalid country code when getting provider links. Ignoring it. CONTEXT: {"gateway":"woocommerce_payments_klarna","country":""}
2026-02-21T18:44:15+00:00 DEBUG Received invalid country code when getting provider links. Ignoring it. CONTEXT: {"gateway":"woocommerce_payments_multibanco","country":""}
2026-02-21T18:44:15+00:00 DEBUG Received invalid country code when getting provider links. Ignoring it. CONTEXT: {"gateway":"woocommerce_payments_grabpay","country":""}
2026-02-21T18:44:15+00:00 DEBUG Received invalid country code when getting provider links. Ignoring it. CONTEXT: {"gateway":"woocommerce_payments_alipay","country":""}
2026-02-21T18:44:15+00:00 DEBUG Received invalid country code when getting provider links. Ignoring it. CONTEXT: {"gateway":"woocommerce_payments_wechat_pay","country":""}
2026-02-21T18:44:15+00:00 DEBUG Received invalid country code when getting provider links. Ignoring it. CONTEXT: {"gateway":"bacs","country":""}
2026-02-21T18:44:15+00:00 DEBUG Received invalid country code when getting provider links. Ignoring it. CONTEXT: {"gateway":"cheque","country":""}
2026-02-21T18:44:15+00:00 DEBUG Received invalid country code when getting provider links. Ignoring it. CONTEXT: {"gateway":"cod","country":""}
2026-02-21T18:44:15+00:00 DEBUG Received invalid country code when getting provider links. Ignoring it. CONTEXT: {"gateway":"ppcp-gateway","country":""}
2026-02-21T18:44:15+00:00 DEBUG Received invalid country code when getting provider links. Ignoring it. CONTEXT: {"gateway":"woocommerce_payments_bancontact","country":""}
2026-02-21T18:44:15+00:00 DEBUG Received invalid country code when getting provider links. Ignoring it. CONTEXT: {"gateway":"woocommerce_payments_sepa_debit","country":""}
2026-02-21T18:44:15+00:00 DEBUG Received invalid country code when getting provider links. Ignoring it. CONTEXT: {"gateway":"woocommerce_payments_giropay","country":""}
2026-02-21T18:44:15+00:00 DEBUG Received invalid country code when getting provider links. Ignoring it. CONTEXT: {"gateway":"woocommerce_payments_sofort","country":""}
2026-02-21T18:44:15+00:00 DEBUG Received invalid country code when getting provider links. Ignoring it. CONTEXT: {"gateway":"woocommerce_payments_p24","country":""}
2026-02-21T18:44:15+00:00 DEBUG Received invalid country code when getting provider links. Ignoring it. CONTEXT: {"gateway":"woocommerce_payments_ideal","country":""}
2026-02-21T18:44:15+00:00 DEBUG Received invalid country code when getting provider links. Ignoring it. CONTEXT: {"gateway":"woocommerce_payments_au_becs_debit","country":""}
2026-02-21T18:44:15+00:00 DEBUG Received invalid country code when getting provider links. Ignoring it. CONTEXT: {"gateway":"woocommerce_payments_eps","country":""}
2026-02-21T18:44:15+00:00 DEBUG Received invalid country code when getting provider links. Ignoring it. CONTEXT: {"gateway":"woocommerce_payments_affirm","country":""}
2026-02-21T18:44:15+00:00 DEBUG Received invalid country code when getting provider links. Ignoring it. CONTEXT: {"gateway":"woocommerce_payments_afterpay_clearpay","country":""}
2026-02-21T18:44:15+00:00 DEBUG Received invalid country code when getting provider links. Ignoring it. CONTEXT: {"gateway":"woocommerce_payments_klarna","country":""}
2026-02-21T18:44:15+00:00 DEBUG Received invalid country code when getting provider links. Ignoring it. CONTEXT: {"gateway":"woocommerce_payments_multibanco","country":""}
2026-02-21T18:44:15+00:00 DEBUG Received invalid country code when getting provider links. Ignoring it. CONTEXT: {"gateway":"woocommerce_payments_grabpay","country":""}
2026-02-21T18:44:15+00:00 DEBUG Received invalid country code when getting provider links. Ignoring it. CONTEXT: {"gateway":"woocommerce_payments_alipay","country":""}
2026-02-21T18:44:15+00:00 DEBUG Received invalid country code when getting provider links. Ignoring it. CONTEXT: {"gateway":"woocommerce_payments_wechat_pay","country":""}
2026-02-21T18:44:44+00:00 DEBUG Received invalid country code when getting provider links. Ignoring it. CONTEXT: {"gateway":"woocommerce_payments","country":""}
2026-02-21T18:44:44+00:00 DEBUG Received invalid country code when getting provider links. Ignoring it. CONTEXT: {"gateway":"woocommerce_payments_bancontact","country":""}
2026-02-21T18:44:44+00:00 DEBUG Received invalid country code when getting provider links. Ignoring it. CONTEXT: {"gateway":"woocommerce_payments_sepa_debit","country":""}
2026-02-21T18:44:44+00:00 DEBUG Received invalid country code when getting provider links. Ignoring it. CONTEXT: {"gateway":"woocommerce_payments_giropay","country":""}
2026-02-21T18:44:44+00:00 DEBUG Received invalid country code when getting provider links. Ignoring it. CONTEXT: {"gateway":"woocommerce_payments_sofort","country":""}
2026-02-21T18:44:44+00:00 DEBUG Received invalid country code when getting provider links. Ignoring it. CONTEXT: {"gateway":"woocommerce_payments_p24","country":""}
2026-02-21T18:44:44+00:00 DEBUG Received invalid country code when getting provider links. Ignoring it. CONTEXT: {"gateway":"woocommerce_payments_ideal","country":""}
2026-02-21T18:44:44+00:00 DEBUG Received invalid country code when getting provider links. Ignoring it. CONTEXT: {"gateway":"woocommerce_payments_au_becs_debit","country":""}
2026-02-21T18:44:44+00:00 DEBUG Received invalid country code when getting provider links. Ignoring it. CONTEXT: {"gateway":"woocommerce_payments_eps","country":""}
2026-02-21T18:44:44+00:00 DEBUG Received invalid country code when getting provider links. Ignoring it. CONTEXT: {"gateway":"woocommerce_payments_affirm","country":""}
2026-02-21T18:44:44+00:00 DEBUG Received invalid country code when getting provider links. Ignoring it. CONTEXT: {"gateway":"woocommerce_payments_afterpay_clearpay","country":""}
2026-02-21T18:44:44+00:00 DEBUG Received invalid country code when getting provider links. Ignoring it. CONTEXT: {"gateway":"woocommerce_payments_klarna","country":""}
2026-02-21T18:44:44+00:00 DEBUG Received invalid country code when getting provider links. Ignoring it. CONTEXT: {"gateway":"woocommerce_payments_multibanco","country":""}
2026-02-21T18:44:44+00:00 DEBUG Received invalid country code when getting provider links. Ignoring it. CONTEXT: {"gateway":"woocommerce_payments_grabpay","country":""}
2026-02-21T18:44:44+00:00 DEBUG Received invalid country code when getting provider links. Ignoring it. CONTEXT: {"gateway":"woocommerce_payments_alipay","country":""}
2026-02-21T18:44:44+00:00 DEBUG Received invalid country code when getting provider links. Ignoring it. CONTEXT: {"gateway":"woocommerce_payments_wechat_pay","country":""}
2026-02-21T18:44:44+00:00 DEBUG Received invalid country code when getting provider links. Ignoring it. CONTEXT: {"gateway":"bacs","country":""}
2026-02-21T18:44:44+00:00 DEBUG Received invalid country code when getting provider links. Ignoring it. CONTEXT: {"gateway":"cheque","country":""}
2026-02-21T18:44:44+00:00 DEBUG Received invalid country code when getting provider links. Ignoring it. CONTEXT: {"gateway":"cod","country":""}
2026-02-21T18:44:44+00:00 DEBUG Received invalid country code when getting provider links. Ignoring it. CONTEXT: {"gateway":"ppcp-gateway","country":""}
2026-02-21T18:44:44+00:00 DEBUG Received invalid country code when getting provider links. Ignoring it. CONTEXT: {"gateway":"woocommerce_payments_bancontact","country":""}
2026-02-21T18:44:44+00:00 DEBUG Received invalid country code when getting provider links. Ignoring it. CONTEXT: {"gateway":"woocommerce_payments_sepa_debit","country":""}
2026-02-21T18:44:44+00:00 DEBUG Received invalid country code when getting provider links. Ignoring it. CONTEXT: {"gateway":"woocommerce_payments_giropay","country":""}
2026-02-21T18:44:44+00:00 DEBUG Received invalid country code when getting provider links. Ignoring it. CONTEXT: {"gateway":"woocommerce_payments_sofort","country":""}
2026-02-21T18:44:44+00:00 DEBUG Received invalid country code when getting provider links. Ignoring it. CONTEXT: {"gateway":"woocommerce_payments_p24","country":""}
2026-02-21T18:44:44+00:00 DEBUG Received invalid country code when getting provider links. Ignoring it. CONTEXT: {"gateway":"woocommerce_payments_ideal","country":""}
2026-02-21T18:44:44+00:00 DEBUG Received invalid country code when getting provider links. Ignoring it. CONTEXT: {"gateway":"woocommerce_payments_au_becs_debit","country":""}
2026-02-21T18:44:44+00:00 DEBUG Received invalid country code when getting provider links. Ignoring it. CONTEXT: {"gateway":"woocommerce_payments_eps","country":""}
2026-02-21T18:44:44+00:00 DEBUG Received invalid country code when getting provider links. Ignoring it. CONTEXT: {"gateway":"woocommerce_payments_affirm","country":""}
2026-02-21T18:44:44+00:00 DEBUG Received invalid country code when getting provider links. Ignoring it. CONTEXT: {"gateway":"woocommerce_payments_afterpay_clearpay","country":""}
2026-02-21T18:44:44+00:00 DEBUG Received invalid country code when getting provider links. Ignoring it. CONTEXT: {"gateway":"woocommerce_payments_klarna","country":""}
2026-02-21T18:44:44+00:00 DEBUG Received invalid country code when getting provider links. Ignoring it. CONTEXT: {"gateway":"woocommerce_payments_multibanco","country":""}
2026-02-21T18:44:44+00:00 DEBUG Received invalid country code when getting provider links. Ignoring it. CONTEXT: {"gateway":"woocommerce_payments_grabpay","country":""}
2026-02-21T18:44:44+00:00 DEBUG Received invalid country code when getting provider links. Ignoring it. CONTEXT: {"gateway":"woocommerce_payments_alipay","country":""}
2026-02-21T18:44:44+00:00 DEBUG Received invalid country code when getting provider links. Ignoring it. CONTEXT: {"gateway":"woocommerce_payments_wechat_pay","country":""}
2026-02-21T18:44:44+00:00 DEBUG Received invalid country code when getting provider links. Ignoring it. CONTEXT: {"gateway":"woocommerce_payments","country":""}
2026-02-21T18:44:44+00:00 DEBUG Received invalid country code when getting provider links. Ignoring it. CONTEXT: {"gateway":"woocommerce_payments_bancontact","country":""}
2026-02-21T18:44:44+00:00 DEBUG Received invalid country code when getting provider links. Ignoring it. CONTEXT: {"gateway":"woocommerce_payments_sepa_debit","country":""}
2026-02-21T18:44:44+00:00 DEBUG Received invalid country code when getting provider links. Ignoring it. CONTEXT: {"gateway":"woocommerce_payments_giropay","country":""}
2026-02-21T18:44:44+00:00 DEBUG Received invalid country code when getting provider links. Ignoring it. CONTEXT: {"gateway":"woocommerce_payments_sofort","country":""}
2026-02-21T18:44:44+00:00 DEBUG Received invalid country code when getting provider links. Ignoring it. CONTEXT: {"gateway":"woocommerce_payments_p24","country":""}
2026-02-21T18:44:44+00:00 DEBUG Received invalid country code when getting provider links. Ignoring it. CONTEXT: {"gateway":"woocommerce_payments_ideal","country":""}
2026-02-21T18:44:44+00:00 DEBUG Received invalid country code when getting provider links. Ignoring it. CONTEXT: {"gateway":"woocommerce_payments_au_becs_debit","country":""}
2026-02-21T18:44:44+00:00 DEBUG Received invalid country code when getting provider links. Ignoring it. CONTEXT: {"gateway":"woocommerce_payments_eps","country":""}
2026-02-21T18:44:44+00:00 DEBUG Received invalid country code when getting provider links. Ignoring it. CONTEXT: {"gateway":"woocommerce_payments_affirm","country":""}
2026-02-21T18:44:44+00:00 DEBUG Received invalid country code when getting provider links. Ignoring it. CONTEXT: {"gateway":"woocommerce_payments_afterpay_clearpay","country":""}
2026-02-21T18:44:44+00:00 DEBUG Received invalid country code when getting provider links. Ignoring it. CONTEXT: {"gateway":"woocommerce_payments_klarna","country":""}
2026-02-21T18:44:44+00:00 DEBUG Received invalid country code when getting provider links. Ignoring it. CONTEXT: {"gateway":"woocommerce_payments_multibanco","country":""}
2026-02-21T18:44:44+00:00 DEBUG Received invalid country code when getting provider links. Ignoring it. CONTEXT: {"gateway":"woocommerce_payments_grabpay","country":""}
2026-02-21T18:44:44+00:00 DEBUG Received invalid country code when getting provider links. Ignoring it. CONTEXT: {"gateway":"woocommerce_payments_alipay","country":""}
2026-02-21T18:44:44+00:00 DEBUG Received invalid country code when getting provider links. Ignoring it. CONTEXT: {"gateway":"woocommerce_payments_wechat_pay","country":""}
2026-02-21T18:44:44+00:00 DEBUG Received invalid country code when getting provider links. Ignoring it. CONTEXT: {"gateway":"bacs","country":""}
2026-02-21T18:44:44+00:00 DEBUG Received invalid country code when getting provider links. Ignoring it. CONTEXT: {"gateway":"cheque","country":""}
2026-02-21T18:44:44+00:00 DEBUG Received invalid country code when getting provider links. Ignoring it. CONTEXT: {"gateway":"cod","country":""}
2026-02-21T18:44:44+00:00 DEBUG Received invalid country code when getting provider links. Ignoring it. CONTEXT: {"gateway":"ppcp-gateway","country":""}
2026-02-21T18:44:44+00:00 DEBUG Received invalid country code when getting provider links. Ignoring it. CONTEXT: {"gateway":"woocommerce_payments_bancontact","country":""}
2026-02-21T18:44:44+00:00 DEBUG Received invalid country code when getting provider links. Ignoring it. CONTEXT: {"gateway":"woocommerce_payments_sepa_debit","country":""}
2026-02-21T18:44:44+00:00 DEBUG Received invalid country code when getting provider links. Ignoring it. CONTEXT: {"gateway":"woocommerce_payments_giropay","country":""}
2026-02-21T18:44:44+00:00 DEBUG Received invalid country code when getting provider links. Ignoring it. CONTEXT: {"gateway":"woocommerce_payments_sofort","country":""}
2026-02-21T18:44:44+00:00 DEBUG Received invalid country code when getting provider links. Ignoring it. CONTEXT: {"gateway":"woocommerce_payments_p24","country":""}
2026-02-21T18:44:44+00:00 DEBUG Received invalid country code when getting provider links. Ignoring it. CONTEXT: {"gateway":"woocommerce_payments_ideal","country":""}
2026-02-21T18:44:44+00:00 DEBUG Received invalid country code when getting provider links. Ignoring it. CONTEXT: {"gateway":"woocommerce_payments_au_becs_debit","country":""}
2026-02-21T18:44:44+00:00 DEBUG Received invalid country code when getting provider links. Ignoring it. CONTEXT: {"gateway":"woocommerce_payments_eps","country":""}
2026-02-21T18:44:44+00:00 DEBUG Received invalid country code when getting provider links. Ignoring it. CONTEXT: {"gateway":"woocommerce_payments_affirm","country":""}
2026-02-21T18:44:44+00:00 DEBUG Received invalid country code when getting provider links. Ignoring it. CONTEXT: {"gateway":"woocommerce_payments_afterpay_clearpay","country":""}
2026-02-21T18:44:44+00:00 DEBUG Received invalid country code when getting provider links. Ignoring it. CONTEXT: {"gateway":"woocommerce_payments_klarna","country":""}
2026-02-21T18:44:44+00:00 DEBUG Received invalid country code when getting provider links. Ignoring it. CONTEXT: {"gateway":"woocommerce_payments_multibanco","country":""}
2026-02-21T18:44:44+00:00 DEBUG Received invalid country code when getting provider links. Ignoring it. CONTEXT: {"gateway":"woocommerce_payments_grabpay","country":""}
2026-02-21T18:44:44+00:00 DEBUG Received invalid country code when getting provider links. Ignoring it. CONTEXT: {"gateway":"woocommerce_payments_alipay","country":""}
2026-02-21T18:44:44+00:00 DEBUG Received invalid country code when getting provider links. Ignoring it. CONTEXT: {"gateway":"woocommerce_payments_wechat_pay","country":""}
2026-02-21T18:44:44+00:00 DEBUG Received invalid country code when getting provider links. Ignoring it. CONTEXT: {"gateway":"woocommerce_payments","country":""}
2026-02-21T18:44:44+00:00 DEBUG Received invalid country code when getting provider links. Ignoring it. CONTEXT: {"gateway":"woocommerce_payments_bancontact","country":""}
2026-02-21T18:44:44+00:00 DEBUG Received invalid country code when getting provider links. Ignoring it. CONTEXT: {"gateway":"woocommerce_payments_sepa_debit","country":""}
2026-02-21T18:44:44+00:00 DEBUG Received invalid country code when getting provider links. Ignoring it. CONTEXT: {"gateway":"woocommerce_payments_giropay","country":""}
2026-02-21T18:44:44+00:00 DEBUG Received invalid country code when getting provider links. Ignoring it. CONTEXT: {"gateway":"woocommerce_payments_sofort","country":""}
2026-02-21T18:44:44+00:00 DEBUG Received invalid country code when getting provider links. Ignoring it. CONTEXT: {"gateway":"woocommerce_payments_p24","country":""}
2026-02-21T18:44:44+00:00 DEBUG Received invalid country code when getting provider links. Ignoring it. CONTEXT: {"gateway":"woocommerce_payments_ideal","country":""}
2026-02-21T18:44:44+00:00 DEBUG Received invalid country code when getting provider links. Ignoring it. CONTEXT: {"gateway":"woocommerce_payments_au_becs_debit","country":""}
2026-02-21T18:44:44+00:00 DEBUG Received invalid country code when getting provider links. Ignoring it. CONTEXT: {"gateway":"woocommerce_payments_eps","country":""}
2026-02-21T18:44:44+00:00 DEBUG Received invalid country code when getting provider links. Ignoring it. CONTEXT: {"gateway":"woocommerce_payments_affirm","country":""}
2026-02-21T18:44:44+00:00 DEBUG Received invalid country code when getting provider links. Ignoring it. CONTEXT: {"gateway":"woocommerce_payments_afterpay_clearpay","country":""}
2026-02-21T18:44:44+00:00 DEBUG Received invalid country code when getting provider links. Ignoring it. CONTEXT: {"gateway":"woocommerce_payments_klarna","country":""}
2026-02-21T18:44:44+00:00 DEBUG Received invalid country code when getting provider links. Ignoring it. CONTEXT: {"gateway":"woocommerce_payments_multibanco","country":""}
2026-02-21T18:44:44+00:00 DEBUG Received invalid country code when getting provider links. Ignoring it. CONTEXT: {"gateway":"woocommerce_payments_grabpay","country":""}
2026-02-21T18:44:44+00:00 DEBUG Received invalid country code when getting provider links. Ignoring it. CONTEXT: {"gateway":"woocommerce_payments_alipay","country":""}
2026-02-21T18:44:44+00:00 DEBUG Received invalid country code when getting provider links. Ignoring it. CONTEXT: {"gateway":"woocommerce_payments_wechat_pay","country":""}
2026-02-21T18:44:44+00:00 DEBUG Received invalid country code when getting provider links. Ignoring it. CONTEXT: {"gateway":"bacs","country":""}
2026-02-21T18:44:44+00:00 DEBUG Received invalid country code when getting provider links. Ignoring it. CONTEXT: {"gateway":"cheque","country":""}
2026-02-21T18:44:44+00:00 DEBUG Received invalid country code when getting provider links. Ignoring it. CONTEXT: {"gateway":"cod","country":""}
2026-02-21T18:44:44+00:00 DEBUG Received invalid country code when getting provider links. Ignoring it. CONTEXT: {"gateway":"ppcp-gateway","country":""}
2026-02-21T18:44:44+00:00 DEBUG Received invalid country code when getting provider links. Ignoring it. CONTEXT: {"gateway":"woocommerce_payments_bancontact","country":""}
2026-02-21T18:44:44+00:00 DEBUG Received invalid country code when getting provider links. Ignoring it. CONTEXT: {"gateway":"woocommerce_payments_sepa_debit","country":""}
2026-02-21T18:44:44+00:00 DEBUG Received invalid country code when getting provider links. Ignoring it. CONTEXT: {"gateway":"woocommerce_payments_giropay","country":""}
2026-02-21T18:44:44+00:00 DEBUG Received invalid country code when getting provider links. Ignoring it. CONTEXT: {"gateway":"woocommerce_payments_sofort","country":""}
2026-02-21T18:44:44+00:00 DEBUG Received invalid country code when getting provider links. Ignoring it. CONTEXT: {"gateway":"woocommerce_payments_p24","country":""}
2026-02-21T18:44:44+00:00 DEBUG Received invalid country code when getting provider links. Ignoring it. CONTEXT: {"gateway":"woocommerce_payments_ideal","country":""}
2026-02-21T18:44:44+00:00 DEBUG Received invalid country code when getting provider links. Ignoring it. CONTEXT: {"gateway":"woocommerce_payments_au_becs_debit","country":""}
2026-02-21T18:44:44+00:00 DEBUG Received invalid country code when getting provider links. Ignoring it. CONTEXT: {"gateway":"woocommerce_payments_eps","country":""}
2026-02-21T18:44:44+00:00 DEBUG Received invalid country code when getting provider links. Ignoring it. CONTEXT: {"gateway":"woocommerce_payments_affirm","country":""}
2026-02-21T18:44:44+00:00 DEBUG Received invalid country code when getting provider links. Ignoring it. CONTEXT: {"gateway":"woocommerce_payments_afterpay_clearpay","country":""}
2026-02-21T18:44:44+00:00 DEBUG Received invalid country code when getting provider links. Ignoring it. CONTEXT: {"gateway":"woocommerce_payments_klarna","country":""}
2026-02-21T18:44:44+00:00 DEBUG Received invalid country code when getting provider links. Ignoring it. CONTEXT: {"gateway":"woocommerce_payments_multibanco","country":""}
2026-02-21T18:44:44+00:00 DEBUG Received invalid country code when getting provider links. Ignoring it. CONTEXT: {"gateway":"woocommerce_payments_grabpay","country":""}
2026-02-21T18:44:44+00:00 DEBUG Received invalid country code when getting provider links. Ignoring it. CONTEXT: {"gateway":"woocommerce_payments_alipay","country":""}
2026-02-21T18:44:44+00:00 DEBUG Received invalid country code when getting provider links. Ignoring it. CONTEXT: {"gateway":"woocommerce_payments_wechat_pay","country":""}
2026-02-21T18:44:44+00:00 DEBUG Received invalid country code when getting provider links. Ignoring it. CONTEXT: {"gateway":"woocommerce_payments","country":""}
2026-02-21T18:44:44+00:00 DEBUG Received invalid country code when getting provider links. Ignoring it. CONTEXT: {"gateway":"woocommerce_payments_bancontact","country":""}
2026-02-21T18:44:44+00:00 DEBUG Received invalid country code when getting provider links. Ignoring it. CONTEXT: {"gateway":"woocommerce_payments_sepa_debit","country":""}
2026-02-21T18:44:44+00:00 DEBUG Received invalid country code when getting provider links. Ignoring it. CONTEXT: {"gateway":"woocommerce_payments_giropay","country":""}
2026-02-21T18:44:44+00:00 DEBUG Received invalid country code when getting provider links. Ignoring it. CONTEXT: {"gateway":"woocommerce_payments_sofort","country":""}
2026-02-21T18:44:44+00:00 DEBUG Received invalid country code when getting provider links. Ignoring it. CONTEXT: {"gateway":"woocommerce_payments_p24","country":""}
2026-02-21T18:44:44+00:00 DEBUG Received invalid country code when getting provider links. Ignoring it. CONTEXT: {"gateway":"woocommerce_payments_ideal","country":""}
2026-02-21T18:44:44+00:00 DEBUG Received invalid country code when getting provider links. Ignoring it. CONTEXT: {"gateway":"woocommerce_payments_au_becs_debit","country":""}
2026-02-21T18:44:44+00:00 DEBUG Received invalid country code when getting provider links. Ignoring it. CONTEXT: {"gateway":"woocommerce_payments_eps","country":""}
2026-02-21T18:44:44+00:00 DEBUG Received invalid country code when getting provider links. Ignoring it. CONTEXT: {"gateway":"woocommerce_payments_affirm","country":""}
2026-02-21T18:44:44+00:00 DEBUG Received invalid country code when getting provider links. Ignoring it. CONTEXT: {"gateway":"woocommerce_payments_afterpay_clearpay","country":""}
2026-02-21T18:44:44+00:00 DEBUG Received invalid country code when getting provider links. Ignoring it. CONTEXT: {"gateway":"woocommerce_payments_klarna","country":""}
2026-02-21T18:44:44+00:00 DEBUG Received invalid country code when getting provider links. Ignoring it. CONTEXT: {"gateway":"woocommerce_payments_multibanco","country":""}
2026-02-21T18:44:44+00:00 DEBUG Received invalid country code when getting provider links. Ignoring it. CONTEXT: {"gateway":"woocommerce_payments_grabpay","country":""}
2026-02-21T18:44:44+00:00 DEBUG Received invalid country code when getting provider links. Ignoring it. CONTEXT: {"gateway":"woocommerce_payments_alipay","country":""}
2026-02-21T18:44:44+00:00 DEBUG Received invalid country code when getting provider links. Ignoring it. CONTEXT: {"gateway":"woocommerce_payments_wechat_pay","country":""}
2026-02-21T18:44:44+00:00 DEBUG Received invalid country code when getting provider links. Ignoring it. CONTEXT: {"gateway":"bacs","country":""}
2026-02-21T18:44:44+00:00 DEBUG Received invalid country code when getting provider links. Ignoring it. CONTEXT: {"gateway":"cheque","country":""}
2026-02-21T18:44:44+00:00 DEBUG Received invalid country code when getting provider links. Ignoring it. CONTEXT: {"gateway":"cod","country":""}
2026-02-21T18:44:44+00:00 DEBUG Received invalid country code when getting provider links. Ignoring it. CONTEXT: {"gateway":"ppcp-gateway","country":""}
2026-02-21T18:44:44+00:00 DEBUG Received invalid country code when getting provider links. Ignoring it. CONTEXT: {"gateway":"woocommerce_payments_bancontact","country":""}
2026-02-21T18:44:44+00:00 DEBUG Received invalid country code when getting provider links. Ignoring it. CONTEXT: {"gateway":"woocommerce_payments_sepa_debit","country":""}
2026-02-21T18:44:44+00:00 DEBUG Received invalid country code when getting provider links. Ignoring it. CONTEXT: {"gateway":"woocommerce_payments_giropay","country":""}
2026-02-21T18:44:44+00:00 DEBUG Received invalid country code when getting provider links. Ignoring it. CONTEXT: {"gateway":"woocommerce_payments_sofort","country":""}
2026-02-21T18:44:44+00:00 DEBUG Received invalid country code when getting provider links. Ignoring it. CONTEXT: {"gateway":"woocommerce_payments_p24","country":""}
2026-02-21T18:44:44+00:00 DEBUG Received invalid country code when getting provider links. Ignoring it. CONTEXT: {"gateway":"woocommerce_payments_ideal","country":""}
2026-02-21T18:44:44+00:00 DEBUG Received invalid country code when getting provider links. Ignoring it. CONTEXT: {"gateway":"woocommerce_payments_au_becs_debit","country":""}
2026-02-21T18:44:44+00:00 DEBUG Received invalid country code when getting provider links. Ignoring it. CONTEXT: {"gateway":"woocommerce_payments_eps","country":""}
2026-02-21T18:44:44+00:00 DEBUG Received invalid country code when getting provider links. Ignoring it. CONTEXT: {"gateway":"woocommerce_payments_affirm","country":""}
2026-02-21T18:44:44+00:00 DEBUG Received invalid country code when getting provider links. Ignoring it. CONTEXT: {"gateway":"woocommerce_payments_afterpay_clearpay","country":""}
2026-02-21T18:44:44+00:00 DEBUG Received invalid country code when getting provider links. Ignoring it. CONTEXT: {"gateway":"woocommerce_payments_klarna","country":""}
2026-02-21T18:44:44+00:00 DEBUG Received invalid country code when getting provider links. Ignoring it. CONTEXT: {"gateway":"woocommerce_payments_multibanco","country":""}
2026-02-21T18:44:44+00:00 DEBUG Received invalid country code when getting provider links. Ignoring it. CONTEXT: {"gateway":"woocommerce_payments_grabpay","country":""}
2026-02-21T18:44:44+00:00 DEBUG Received invalid country code when getting provider links. Ignoring it. CONTEXT: {"gateway":"woocommerce_payments_alipay","country":""}
2026-02-21T18:44:44+00:00 DEBUG Received invalid country code when getting provider links. Ignoring it. CONTEXT: {"gateway":"woocommerce_payments_wechat_pay","country":""}
2026-02-21T18:44:44+00:00 DEBUG Received invalid country code when getting provider links. Ignoring it. CONTEXT: {"gateway":"woocommerce_payments","country":""}
2026-02-21T18:44:44+00:00 DEBUG Received invalid country code when getting provider links. Ignoring it. CONTEXT: {"gateway":"woocommerce_payments_bancontact","country":""}
2026-02-21T18:44:44+00:00 DEBUG Received invalid country code when getting provider links. Ignoring it. CONTEXT: {"gateway":"woocommerce_payments_sepa_debit","country":""}
2026-02-21T18:44:44+00:00 DEBUG Received invalid country code when getting provider links. Ignoring it. CONTEXT: {"gateway":"woocommerce_payments_giropay","country":""}
2026-02-21T18:44:44+00:00 DEBUG Received invalid country code when getting provider links. Ignoring it. CONTEXT: {"gateway":"woocommerce_payments_sofort","country":""}
2026-02-21T18:44:44+00:00 DEBUG Received invalid country code when getting provider links. Ignoring it. CONTEXT: {"gateway":"woocommerce_payments_p24","country":""}
2026-02-21T18:44:44+00:00 DEBUG Received invalid country code when getting provider links. Ignoring it. CONTEXT: {"gateway":"woocommerce_payments_ideal","country":""}
2026-02-21T18:44:44+00:00 DEBUG Received invalid country code when getting provider links. Ignoring it. CONTEXT: {"gateway":"woocommerce_payments_au_becs_debit","country":""}
2026-02-21T18:44:44+00:00 DEBUG Received invalid country code when getting provider links. Ignoring it. CONTEXT: {"gateway":"woocommerce_payments_eps","country":""}
2026-02-21T18:44:44+00:00 DEBUG Received invalid country code when getting provider links. Ignoring it. CONTEXT: {"gateway":"woocommerce_payments_affirm","country":""}
2026-02-21T18:44:44+00:00 DEBUG Received invalid country code when getting provider links. Ignoring it. CONTEXT: {"gateway":"woocommerce_payments_afterpay_clearpay","country":""}
2026-02-21T18:44:44+00:00 DEBUG Received invalid country code when getting provider links. Ignoring it. CONTEXT: {"gateway":"woocommerce_payments_klarna","country":""}
2026-02-21T18:44:44+00:00 DEBUG Received invalid country code when getting provider links. Ignoring it. CONTEXT: {"gateway":"woocommerce_payments_multibanco","country":""}
2026-02-21T18:44:44+00:00 DEBUG Received invalid country code when getting provider links. Ignoring it. CONTEXT: {"gateway":"woocommerce_payments_grabpay","country":""}
2026-02-21T18:44:44+00:00 DEBUG Received invalid country code when getting provider links. Ignoring it. CONTEXT: {"gateway":"woocommerce_payments_alipay","country":""}
2026-02-21T18:44:44+00:00 DEBUG Received invalid country code when getting provider links. Ignoring it. CONTEXT: {"gateway":"woocommerce_payments_wechat_pay","country":""}
2026-02-21T18:44:44+00:00 DEBUG Received invalid country code when getting provider links. Ignoring it. CONTEXT: {"gateway":"bacs","country":""}
2026-02-21T18:44:44+00:00 DEBUG Received invalid country code when getting provider links. Ignoring it. CONTEXT: {"gateway":"cheque","country":""}
2026-02-21T18:44:44+00:00 DEBUG Received invalid country code when getting provider links. Ignoring it. CONTEXT: {"gateway":"cod","country":""}
2026-02-21T18:44:44+00:00 DEBUG Received invalid country code when getting provider links. Ignoring it. CONTEXT: {"gateway":"ppcp-gateway","country":""}
2026-02-21T18:44:44+00:00 DEBUG Received invalid country code when getting provider links. Ignoring it. CONTEXT: {"gateway":"woocommerce_payments_bancontact","country":""}
2026-02-21T18:44:44+00:00 DEBUG Received invalid country code when getting provider links. Ignoring it. CONTEXT: {"gateway":"woocommerce_payments_sepa_debit","country":""}
2026-02-21T18:44:44+00:00 DEBUG Received invalid country code when getting provider links. Ignoring it. CONTEXT: {"gateway":"woocommerce_payments_giropay","country":""}
2026-02-21T18:44:44+00:00 DEBUG Received invalid country code when getting provider links. Ignoring it. CONTEXT: {"gateway":"woocommerce_payments_sofort","country":""}
2026-02-21T18:44:44+00:00 DEBUG Received invalid country code when getting provider links. Ignoring it. CONTEXT: {"gateway":"woocommerce_payments_p24","country":""}
2026-02-21T18:44:44+00:00 DEBUG Received invalid country code when getting provider links. Ignoring it. CONTEXT: {"gateway":"woocommerce_payments_ideal","country":""}
2026-02-21T18:44:44+00:00 DEBUG Received invalid country code when getting provider links. Ignoring it. CONTEXT: {"gateway":"woocommerce_payments_au_becs_debit","country":""}
2026-02-21T18:44:44+00:00 DEBUG Received invalid country code when getting provider links. Ignoring it. CONTEXT: {"gateway":"woocommerce_payments_eps","country":""}
2026-02-21T18:44:44+00:00 DEBUG Received invalid country code when getting provider links. Ignoring it. CONTEXT: {"gateway":"woocommerce_payments_affirm","country":""}
2026-02-21T18:44:44+00:00 DEBUG Received invalid country code when getting provider links. Ignoring it. CONTEXT: {"gateway":"woocommerce_payments_afterpay_clearpay","country":""}
2026-02-21T18:44:44+00:00 DEBUG Received invalid country code when getting provider links. Ignoring it. CONTEXT: {"gateway":"woocommerce_payments_klarna","country":""}
2026-02-21T18:44:44+00:00 DEBUG Received invalid country code when getting provider links. Ignoring it. CONTEXT: {"gateway":"woocommerce_payments_multibanco","country":""}
2026-02-21T18:44:44+00:00 DEBUG Received invalid country code when getting provider links. Ignoring it. CONTEXT: {"gateway":"woocommerce_payments_grabpay","country":""}
2026-02-21T18:44:44+00:00 DEBUG Received invalid country code when getting provider links. Ignoring it. CONTEXT: {"gateway":"woocommerce_payments_alipay","country":""}
2026-02-21T18:44:44+00:00 DEBUG Received invalid country code when getting provider links. Ignoring it. CONTEXT: {"gateway":"woocommerce_payments_wechat_pay","country":""}
2026-02-21T18:44:44+00:00 DEBUG Received invalid country code when getting provider links. Ignoring it. CONTEXT: {"gateway":"woocommerce_payments","country":""}
2026-02-21T18:44:44+00:00 DEBUG Received invalid country code when getting provider links. Ignoring it. CONTEXT: {"gateway":"woocommerce_payments_bancontact","country":""}
2026-02-21T18:44:44+00:00 DEBUG Received invalid country code when getting provider links. Ignoring it. CONTEXT: {"gateway":"woocommerce_payments_sepa_debit","country":""}
2026-02-21T18:44:44+00:00 DEBUG Received invalid country code when getting provider links. Ignoring it. CONTEXT: {"gateway":"woocommerce_payments_giropay","country":""}
2026-02-21T18:44:44+00:00 DEBUG Received invalid country code when getting provider links. Ignoring it. CONTEXT: {"gateway":"woocommerce_payments_sofort","country":""}
2026-02-21T18:44:44+00:00 DEBUG Received invalid country code when getting provider links. Ignoring it. CONTEXT: {"gateway":"woocommerce_payments_p24","country":""}
2026-02-21T18:44:44+00:00 DEBUG Received invalid country code when getting provider links. Ignoring it. CONTEXT: {"gateway":"woocommerce_payments_ideal","country":""}
2026-02-21T18:44:44+00:00 DEBUG Received invalid country code when getting provider links. Ignoring it. CONTEXT: {"gateway":"woocommerce_payments_au_becs_debit","country":""}
2026-02-21T18:44:44+00:00 DEBUG Received invalid country code when getting provider links. Ignoring it. CONTEXT: {"gateway":"woocommerce_payments_eps","country":""}
2026-02-21T18:44:44+00:00 DEBUG Received invalid country code when getting provider links. Ignoring it. CONTEXT: {"gateway":"woocommerce_payments_affirm","country":""}
2026-02-21T18:44:44+00:00 DEBUG Received invalid country code when getting provider links. Ignoring it. CONTEXT: {"gateway":"woocommerce_payments_afterpay_clearpay","country":""}
2026-02-21T18:44:44+00:00 DEBUG Received invalid country code when getting provider links. Ignoring it. CONTEXT: {"gateway":"woocommerce_payments_klarna","country":""}
2026-02-21T18:44:44+00:00 DEBUG Received invalid country code when getting provider links. Ignoring it. CONTEXT: {"gateway":"woocommerce_payments_multibanco","country":""}
2026-02-21T18:44:44+00:00 DEBUG Received invalid country code when getting provider links. Ignoring it. CONTEXT: {"gateway":"woocommerce_payments_grabpay","country":""}
2026-02-21T18:44:44+00:00 DEBUG Received invalid country code when getting provider links. Ignoring it. CONTEXT: {"gateway":"woocommerce_payments_alipay","country":""}
2026-02-21T18:44:44+00:00 DEBUG Received invalid country code when getting provider links. Ignoring it. CONTEXT: {"gateway":"woocommerce_payments_wechat_pay","country":""}
2026-02-21T18:44:44+00:00 DEBUG Received invalid country code when getting provider links. Ignoring it. CONTEXT: {"gateway":"bacs","country":""}
2026-02-21T18:44:44+00:00 DEBUG Received invalid country code when getting provider links. Ignoring it. CONTEXT: {"gateway":"cheque","country":""}
2026-02-21T18:44:44+00:00 DEBUG Received invalid country code when getting provider links. Ignoring it. CONTEXT: {"gateway":"cod","country":""}
2026-02-21T18:44:44+00:00 DEBUG Received invalid country code when getting provider links. Ignoring it. CONTEXT: {"gateway":"ppcp-gateway","country":""}
2026-02-21T18:44:44+00:00 DEBUG Received invalid country code when getting provider links. Ignoring it. CONTEXT: {"gateway":"woocommerce_payments_bancontact","country":""}
2026-02-21T18:44:44+00:00 DEBUG Received invalid country code when getting provider links. Ignoring it. CONTEXT: {"gateway":"woocommerce_payments_sepa_debit","country":""}
2026-02-21T18:44:44+00:00 DEBUG Received invalid country code when getting provider links. Ignoring it. CONTEXT: {"gateway":"woocommerce_payments_giropay","country":""}
2026-02-21T18:44:44+00:00 DEBUG Received invalid country code when getting provider links. Ignoring it. CONTEXT: {"gateway":"woocommerce_payments_sofort","country":""}
2026-02-21T18:44:44+00:00 DEBUG Received invalid country code when getting provider links. Ignoring it. CONTEXT: {"gateway":"woocommerce_payments_p24","country":""}
2026-02-21T18:44:44+00:00 DEBUG Received invalid country code when getting provider links. Ignoring it. CONTEXT: {"gateway":"woocommerce_payments_ideal","country":""}
2026-02-21T18:44:44+00:00 DEBUG Received invalid country code when getting provider links. Ignoring it. CONTEXT: {"gateway":"woocommerce_payments_au_becs_debit","country":""}
2026-02-21T18:44:44+00:00 DEBUG Received invalid country code when getting provider links. Ignoring it. CONTEXT: {"gateway":"woocommerce_payments_eps","country":""}
2026-02-21T18:44:44+00:00 DEBUG Received invalid country code when getting provider links. Ignoring it. CONTEXT: {"gateway":"woocommerce_payments_affirm","country":""}
2026-02-21T18:44:44+00:00 DEBUG Received invalid country code when getting provider links. Ignoring it. CONTEXT: {"gateway":"woocommerce_payments_afterpay_clearpay","country":""}
2026-02-21T18:44:44+00:00 DEBUG Received invalid country code when getting provider links. Ignoring it. CONTEXT: {"gateway":"woocommerce_payments_klarna","country":""}
2026-02-21T18:44:44+00:00 DEBUG Received invalid country code when getting provider links. Ignoring it. CONTEXT: {"gateway":"woocommerce_payments_multibanco","country":""}
2026-02-21T18:44:44+00:00 DEBUG Received invalid country code when getting provider links. Ignoring it. CONTEXT: {"gateway":"woocommerce_payments_grabpay","country":""}
2026-02-21T18:44:44+00:00 DEBUG Received invalid country code when getting provider links. Ignoring it. CONTEXT: {"gateway":"woocommerce_payments_alipay","country":""}
2026-02-21T18:44:44+00:00 DEBUG Received invalid country code when getting provider links. Ignoring it. CONTEXT: {"gateway":"woocommerce_payments_wechat_pay","country":""}
2026-02-21T18:44:44+00:00 DEBUG Received invalid country code when getting provider links. Ignoring it. CONTEXT: {"gateway":"woocommerce_payments","country":""}
2026-02-21T18:44:44+00:00 DEBUG Received invalid country code when getting provider links. Ignoring it. CONTEXT: {"gateway":"woocommerce_payments_bancontact","country":""}
2026-02-21T18:44:44+00:00 DEBUG Received invalid country code when getting provider links. Ignoring it. CONTEXT: {"gateway":"woocommerce_payments_sepa_debit","country":""}
2026-02-21T18:44:44+00:00 DEBUG Received invalid country code when getting provider links. Ignoring it. CONTEXT: {"gateway":"woocommerce_payments_giropay","country":""}
2026-02-21T18:44:44+00:00 DEBUG Received invalid country code when getting provider links. Ignoring it. CONTEXT: {"gateway":"woocommerce_payments_sofort","country":""}
2026-02-21T18:44:44+00:00 DEBUG Received invalid country code when getting provider links. Ignoring it. CONTEXT: {"gateway":"woocommerce_payments_p24","country":""}
2026-02-21T18:44:44+00:00 DEBUG Received invalid country code when getting provider links. Ignoring it. CONTEXT: {"gateway":"woocommerce_payments_ideal","country":""}
2026-02-21T18:44:44+00:00 DEBUG Received invalid country code when getting provider links. Ignoring it. CONTEXT: {"gateway":"woocommerce_payments_au_becs_debit","country":""}
2026-02-21T18:44:44+00:00 DEBUG Received invalid country code when getting provider links. Ignoring it. CONTEXT: {"gateway":"woocommerce_payments_eps","country":""}
2026-02-21T18:44:44+00:00 DEBUG Received invalid country code when getting provider links. Ignoring it. CONTEXT: {"gateway":"woocommerce_payments_affirm","country":""}
2026-02-21T18:44:44+00:00 DEBUG Received invalid country code when getting provider links. Ignoring it. CONTEXT: {"gateway":"woocommerce_payments_afterpay_clearpay","country":""}
2026-02-21T18:44:44+00:00 DEBUG Received invalid country code when getting provider links. Ignoring it. CONTEXT: {"gateway":"woocommerce_payments_klarna","country":""}
2026-02-21T18:44:44+00:00 DEBUG Received invalid country code when getting provider links. Ignoring it. CONTEXT: {"gateway":"woocommerce_payments_multibanco","country":""}
2026-02-21T18:44:44+00:00 DEBUG Received invalid country code when getting provider links. Ignoring it. CONTEXT: {"gateway":"woocommerce_payments_grabpay","country":""}
2026-02-21T18:44:44+00:00 DEBUG Received invalid country code when getting provider links. Ignoring it. CONTEXT: {"gateway":"woocommerce_payments_alipay","country":""}
2026-02-21T18:44:44+00:00 DEBUG Received invalid country code when getting provider links. Ignoring it. CONTEXT: {"gateway":"woocommerce_payments_wechat_pay","country":""}
2026-02-21T18:44:44+00:00 DEBUG Received invalid country code when getting provider links. Ignoring it. CONTEXT: {"gateway":"bacs","country":""}
2026-02-21T18:44:44+00:00 DEBUG Received invalid country code when getting provider links. Ignoring it. CONTEXT: {"gateway":"cheque","country":""}
2026-02-21T18:44:44+00:00 DEBUG Received invalid country code when getting provider links. Ignoring it. CONTEXT: {"gateway":"cod","country":""}
2026-02-21T18:44:44+00:00 DEBUG Received invalid country code when getting provider links. Ignoring it. CONTEXT: {"gateway":"ppcp-gateway","country":""}
2026-02-21T18:44:44+00:00 DEBUG Received invalid country code when getting provider links. Ignoring it. CONTEXT: {"gateway":"woocommerce_payments_bancontact","country":""}
2026-02-21T18:44:44+00:00 DEBUG Received invalid country code when getting provider links. Ignoring it. CONTEXT: {"gateway":"woocommerce_payments_sepa_debit","country":""}
2026-02-21T18:44:44+00:00 DEBUG Received invalid country code when getting provider links. Ignoring it. CONTEXT: {"gateway":"woocommerce_payments_giropay","country":""}
2026-02-21T18:44:44+00:00 DEBUG Received invalid country code when getting provider links. Ignoring it. CONTEXT: {"gateway":"woocommerce_payments_sofort","country":""}
2026-02-21T18:44:44+00:00 DEBUG Received invalid country code when getting provider links. Ignoring it. CONTEXT: {"gateway":"woocommerce_payments_p24","country":""}
2026-02-21T18:44:44+00:00 DEBUG Received invalid country code when getting provider links. Ignoring it. CONTEXT: {"gateway":"woocommerce_payments_ideal","country":""}
2026-02-21T18:44:44+00:00 DEBUG Received invalid country code when getting provider links. Ignoring it. CONTEXT: {"gateway":"woocommerce_payments_au_becs_debit","country":""}
2026-02-21T18:44:44+00:00 DEBUG Received invalid country code when getting provider links. Ignoring it. CONTEXT: {"gateway":"woocommerce_payments_eps","country":""}
2026-02-21T18:44:44+00:00 DEBUG Received invalid country code when getting provider links. Ignoring it. CONTEXT: {"gateway":"woocommerce_payments_affirm","country":""}
2026-02-21T18:44:44+00:00 DEBUG Received invalid country code when getting provider links. Ignoring it. CONTEXT: {"gateway":"woocommerce_payments_afterpay_clearpay","country":""}
2026-02-21T18:44:44+00:00 DEBUG Received invalid country code when getting provider links. Ignoring it. CONTEXT: {"gateway":"woocommerce_payments_klarna","country":""}
2026-02-21T18:44:44+00:00 DEBUG Received invalid country code when getting provider links. Ignoring it. CONTEXT: {"gateway":"woocommerce_payments_multibanco","country":""}
2026-02-21T18:44:44+00:00 DEBUG Received invalid country code when getting provider links. Ignoring it. CONTEXT: {"gateway":"woocommerce_payments_grabpay","country":""}
2026-02-21T18:44:44+00:00 DEBUG Received invalid country code when getting provider links. Ignoring it. CONTEXT: {"gateway":"woocommerce_payments_alipay","country":""}
2026-02-21T18:44:44+00:00 DEBUG Received invalid country code when getting provider links. Ignoring it. CONTEXT: {"gateway":"woocommerce_payments_wechat_pay","country":""}
2026-02-21T18:44:44+00:00 DEBUG Received invalid country code when getting provider links. Ignoring it. CONTEXT: {"gateway":"woocommerce_payments","country":""}
2026-02-21T18:44:44+00:00 DEBUG Received invalid country code when getting provider links. Ignoring it. CONTEXT: {"gateway":"woocommerce_payments_bancontact","country":""}
2026-02-21T18:44:44+00:00 DEBUG Received invalid country code when getting provider links. Ignoring it. CONTEXT: {"gateway":"woocommerce_payments_sepa_debit","country":""}
2026-02-21T18:44:44+00:00 DEBUG Received invalid country code when getting provider links. Ignoring it. CONTEXT: {"gateway":"woocommerce_payments_giropay","country":""}
2026-02-21T18:44:44+00:00 DEBUG Received invalid country code when getting provider links. Ignoring it. CONTEXT: {"gateway":"woocommerce_payments_sofort","country":""}
2026-02-21T18:44:44+00:00 DEBUG Received invalid country code when getting provider links. Ignoring it. CONTEXT: {"gateway":"woocommerce_payments_p24","country":""}
2026-02-21T18:44:44+00:00 DEBUG Received invalid country code when getting provider links. Ignoring it. CONTEXT: {"gateway":"woocommerce_payments_ideal","country":""}
2026-02-21T18:44:44+00:00 DEBUG Received invalid country code when getting provider links. Ignoring it. CONTEXT: {"gateway":"woocommerce_payments_au_becs_debit","country":""}
2026-02-21T18:44:44+00:00 DEBUG Received invalid country code when getting provider links. Ignoring it. CONTEXT: {"gateway":"woocommerce_payments_eps","country":""}
2026-02-21T18:44:44+00:00 DEBUG Received invalid country code when getting provider links. Ignoring it. CONTEXT: {"gateway":"woocommerce_payments_affirm","country":""}
2026-02-21T18:44:44+00:00 DEBUG Received invalid country code when getting provider links. Ignoring it. CONTEXT: {"gateway":"woocommerce_payments_afterpay_clearpay","country":""}
2026-02-21T18:44:44+00:00 DEBUG Received invalid country code when getting provider links. Ignoring it. CONTEXT: {"gateway":"woocommerce_payments_klarna","country":""}
2026-02-21T18:44:44+00:00 DEBUG Received invalid country code when getting provider links. Ignoring it. CONTEXT: {"gateway":"woocommerce_payments_multibanco","country":""}
2026-02-21T18:44:44+00:00 DEBUG Received invalid country code when getting provider links. Ignoring it. CONTEXT: {"gateway":"woocommerce_payments_grabpay","country":""}
2026-02-21T18:44:44+00:00 DEBUG Received invalid country code when getting provider links. Ignoring it. CONTEXT: {"gateway":"woocommerce_payments_alipay","country":""}
2026-02-21T18:44:44+00:00 DEBUG Received invalid country code when getting provider links. Ignoring it. CONTEXT: {"gateway":"woocommerce_payments_wechat_pay","country":""}
2026-02-21T18:44:44+00:00 DEBUG Received invalid country code when getting provider links. Ignoring it. CONTEXT: {"gateway":"bacs","country":""}
2026-02-21T18:44:44+00:00 DEBUG Received invalid country code when getting provider links. Ignoring it. CONTEXT: {"gateway":"cheque","country":""}
2026-02-21T18:44:44+00:00 DEBUG Received invalid country code when getting provider links. Ignoring it. CONTEXT: {"gateway":"cod","country":""}
2026-02-21T18:44:44+00:00 DEBUG Received invalid country code when getting provider links. Ignoring it. CONTEXT: {"gateway":"ppcp-gateway","country":""}
2026-02-21T18:44:44+00:00 DEBUG Received invalid country code when getting provider links. Ignoring it. CONTEXT: {"gateway":"woocommerce_payments_bancontact","country":""}
2026-02-21T18:44:44+00:00 DEBUG Received invalid country code when getting provider links. Ignoring it. CONTEXT: {"gateway":"woocommerce_payments_sepa_debit","country":""}
2026-02-21T18:44:44+00:00 DEBUG Received invalid country code when getting provider links. Ignoring it. CONTEXT: {"gateway":"woocommerce_payments_giropay","country":""}
2026-02-21T18:44:44+00:00 DEBUG Received invalid country code when getting provider links. Ignoring it. CONTEXT: {"gateway":"woocommerce_payments_sofort","country":""}
2026-02-21T18:44:44+00:00 DEBUG Received invalid country code when getting provider links. Ignoring it. CONTEXT: {"gateway":"woocommerce_payments_p24","country":""}
2026-02-21T18:44:44+00:00 DEBUG Received invalid country code when getting provider links. Ignoring it. CONTEXT: {"gateway":"woocommerce_payments_ideal","country":""}
2026-02-21T18:44:44+00:00 DEBUG Received invalid country code when getting provider links. Ignoring it. CONTEXT: {"gateway":"woocommerce_payments_au_becs_debit","country":""}
2026-02-21T18:44:44+00:00 DEBUG Received invalid country code when getting provider links. Ignoring it. CONTEXT: {"gateway":"woocommerce_payments_eps","country":""}
2026-02-21T18:44:44+00:00 DEBUG Received invalid country code when getting provider links. Ignoring it. CONTEXT: {"gateway":"woocommerce_payments_affirm","country":""}
2026-02-21T18:44:44+00:00 DEBUG Received invalid country code when getting provider links. Ignoring it. CONTEXT: {"gateway":"woocommerce_payments_afterpay_clearpay","country":""}
2026-02-21T18:44:44+00:00 DEBUG Received invalid country code when getting provider links. Ignoring it. CONTEXT: {"gateway":"woocommerce_payments_klarna","country":""}
2026-02-21T18:44:44+00:00 DEBUG Received invalid country code when getting provider links. Ignoring it. CONTEXT: {"gateway":"woocommerce_payments_multibanco","country":""}
2026-02-21T18:44:44+00:00 DEBUG Received invalid country code when getting provider links. Ignoring it. CONTEXT: {"gateway":"woocommerce_payments_grabpay","country":""}
2026-02-21T18:44:44+00:00 DEBUG Received invalid country code when getting provider links. Ignoring it. CONTEXT: {"gateway":"woocommerce_payments_alipay","country":""}
2026-02-21T18:44:44+00:00 DEBUG Received invalid country code when getting provider links. Ignoring it. CONTEXT: {"gateway":"woocommerce_payments_wechat_pay","country":""}
2026-02-21T18:44:44+00:00 DEBUG Received invalid country code when getting provider links. Ignoring it. CONTEXT: {"gateway":"woocommerce_payments","country":""}
2026-02-21T18:44:44+00:00 DEBUG Received invalid country code when getting provider links. Ignoring it. CONTEXT: {"gateway":"woocommerce_payments_bancontact","country":""}
2026-02-21T18:44:44+00:00 DEBUG Received invalid country code when getting provider links. Ignoring it. CONTEXT: {"gateway":"woocommerce_payments_sepa_debit","country":""}
2026-02-21T18:44:44+00:00 DEBUG Received invalid country code when getting provider links. Ignoring it. CONTEXT: {"gateway":"woocommerce_payments_giropay","country":""}
2026-02-21T18:44:44+00:00 DEBUG Received invalid country code when getting provider links. Ignoring it. CONTEXT: {"gateway":"woocommerce_payments_sofort","country":""}
2026-02-21T18:44:44+00:00 DEBUG Received invalid country code when getting provider links. Ignoring it. CONTEXT: {"gateway":"woocommerce_payments_p24","country":""}
2026-02-21T18:44:44+00:00 DEBUG Received invalid country code when getting provider links. Ignoring it. CONTEXT: {"gateway":"woocommerce_payments_ideal","country":""}
2026-02-21T18:44:44+00:00 DEBUG Received invalid country code when getting provider links. Ignoring it. CONTEXT: {"gateway":"woocommerce_payments_au_becs_debit","country":""}
2026-02-21T18:44:44+00:00 DEBUG Received invalid country code when getting provider links. Ignoring it. CONTEXT: {"gateway":"woocommerce_payments_eps","country":""}
2026-02-21T18:44:44+00:00 DEBUG Received invalid country code when getting provider links. Ignoring it. CONTEXT: {"gateway":"woocommerce_payments_affirm","country":""}
2026-02-21T18:44:44+00:00 DEBUG Received invalid country code when getting provider links. Ignoring it. CONTEXT: {"gateway":"woocommerce_payments_afterpay_clearpay","country":""}
2026-02-21T18:44:44+00:00 DEBUG Received invalid country code when getting provider links. Ignoring it. CONTEXT: {"gateway":"woocommerce_payments_klarna","country":""}
2026-02-21T18:44:44+00:00 DEBUG Received invalid country code when getting provider links. Ignoring it. CONTEXT: {"gateway":"woocommerce_payments_multibanco","country":""}
2026-02-21T18:44:44+00:00 DEBUG Received invalid country code when getting provider links. Ignoring it. CONTEXT: {"gateway":"woocommerce_payments_grabpay","country":""}
2026-02-21T18:44:44+00:00 DEBUG Received invalid country code when getting provider links. Ignoring it. CONTEXT: {"gateway":"woocommerce_payments_alipay","country":""}
2026-02-21T18:44:44+00:00 DEBUG Received invalid country code when getting provider links. Ignoring it. CONTEXT: {"gateway":"woocommerce_payments_wechat_pay","country":""}
2026-02-21T18:44:44+00:00 DEBUG Received invalid country code when getting provider links. Ignoring it. CONTEXT: {"gateway":"bacs","country":""}
2026-02-21T18:44:44+00:00 DEBUG Received invalid country code when getting provider links. Ignoring it. CONTEXT: {"gateway":"cheque","country":""}
2026-02-21T18:44:44+00:00 DEBUG Received invalid country code when getting provider links. Ignoring it. CONTEXT: {"gateway":"cod","country":""}
2026-02-21T18:44:44+00:00 DEBUG Received invalid country code when getting provider links. Ignoring it. CONTEXT: {"gateway":"ppcp-gateway","country":""}
2026-02-21T18:44:44+00:00 DEBUG Received invalid country code when getting provider links. Ignoring it. CONTEXT: {"gateway":"woocommerce_payments_bancontact","country":""}
2026-02-21T18:44:44+00:00 DEBUG Received invalid country code when getting provider links. Ignoring it. CONTEXT: {"gateway":"woocommerce_payments_sepa_debit","country":""}
2026-02-21T18:44:44+00:00 DEBUG Received invalid country code when getting provider links. Ignoring it. CONTEXT: {"gateway":"woocommerce_payments_giropay","country":""}
2026-02-21T18:44:44+00:00 DEBUG Received invalid country code when getting provider links. Ignoring it. CONTEXT: {"gateway":"woocommerce_payments_sofort","country":""}
2026-02-21T18:44:44+00:00 DEBUG Received invalid country code when getting provider links. Ignoring it. CONTEXT: {"gateway":"woocommerce_payments_p24","country":""}
2026-02-21T18:44:44+00:00 DEBUG Received invalid country code when getting provider links. Ignoring it. CONTEXT: {"gateway":"woocommerce_payments_ideal","country":""}
2026-02-21T18:44:44+00:00 DEBUG Received invalid country code when getting provider links. Ignoring it. CONTEXT: {"gateway":"woocommerce_payments_au_becs_debit","country":""}
2026-02-21T18:44:44+00:00 DEBUG Received invalid country code when getting provider links. Ignoring it. CONTEXT: {"gateway":"woocommerce_payments_eps","country":""}
2026-02-21T18:44:44+00:00 DEBUG Received invalid country code when getting provider links. Ignoring it. CONTEXT: {"gateway":"woocommerce_payments_affirm","country":""}
2026-02-21T18:44:44+00:00 DEBUG Received invalid country code when getting provider links. Ignoring it. CONTEXT: {"gateway":"woocommerce_payments_afterpay_clearpay","country":""}
2026-02-21T18:44:44+00:00 DEBUG Received invalid country code when getting provider links. Ignoring it. CONTEXT: {"gateway":"woocommerce_payments_klarna","country":""}
2026-02-21T18:44:44+00:00 DEBUG Received invalid country code when getting provider links. Ignoring it. CONTEXT: {"gateway":"woocommerce_payments_multibanco","country":""}
2026-02-21T18:44:44+00:00 DEBUG Received invalid country code when getting provider links. Ignoring it. CONTEXT: {"gateway":"woocommerce_payments_grabpay","country":""}
2026-02-21T18:44:44+00:00 DEBUG Received invalid country code when getting provider links. Ignoring it. CONTEXT: {"gateway":"woocommerce_payments_alipay","country":""}
2026-02-21T18:44:44+00:00 DEBUG Received invalid country code when getting provider links. Ignoring it. CONTEXT: {"gateway":"woocommerce_payments_wechat_pay","country":""}
2026-02-21T18:44:44+00:00 DEBUG Received invalid country code when getting provider links. Ignoring it. CONTEXT: {"gateway":"woocommerce_payments","country":""}
2026-02-21T18:44:44+00:00 DEBUG Received invalid country code when getting provider links. Ignoring it. CONTEXT: {"gateway":"woocommerce_payments_bancontact","country":""}
2026-02-21T18:44:44+00:00 DEBUG Received invalid country code when getting provider links. Ignoring it. CONTEXT: {"gateway":"woocommerce_payments_sepa_debit","country":""}
2026-02-21T18:44:44+00:00 DEBUG Received invalid country code when getting provider links. Ignoring it. CONTEXT: {"gateway":"woocommerce_payments_giropay","country":""}
2026-02-21T18:44:44+00:00 DEBUG Received invalid country code when getting provider links. Ignoring it. CONTEXT: {"gateway":"woocommerce_payments_sofort","country":""}
2026-02-21T18:44:44+00:00 DEBUG Received invalid country code when getting provider links. Ignoring it. CONTEXT: {"gateway":"woocommerce_payments_p24","country":""}
2026-02-21T18:44:44+00:00 DEBUG Received invalid country code when getting provider links. Ignoring it. CONTEXT: {"gateway":"woocommerce_payments_ideal","country":""}
2026-02-21T18:44:44+00:00 DEBUG Received invalid country code when getting provider links. Ignoring it. CONTEXT: {"gateway":"woocommerce_payments_au_becs_debit","country":""}
2026-02-21T18:44:44+00:00 DEBUG Received invalid country code when getting provider links. Ignoring it. CONTEXT: {"gateway":"woocommerce_payments_eps","country":""}
2026-02-21T18:44:44+00:00 DEBUG Received invalid country code when getting provider links. Ignoring it. CONTEXT: {"gateway":"woocommerce_payments_affirm","country":""}
2026-02-21T18:44:44+00:00 DEBUG Received invalid country code when getting provider links. Ignoring it. CONTEXT: {"gateway":"woocommerce_payments_afterpay_clearpay","country":""}
2026-02-21T18:44:44+00:00 DEBUG Received invalid country code when getting provider links. Ignoring it. CONTEXT: {"gateway":"woocommerce_payments_klarna","country":""}
2026-02-21T18:44:44+00:00 DEBUG Received invalid country code when getting provider links. Ignoring it. CONTEXT: {"gateway":"woocommerce_payments_multibanco","country":""}
2026-02-21T18:44:44+00:00 DEBUG Received invalid country code when getting provider links. Ignoring it. CONTEXT: {"gateway":"woocommerce_payments_grabpay","country":""}
2026-02-21T18:44:44+00:00 DEBUG Received invalid country code when getting provider links. Ignoring it. CONTEXT: {"gateway":"woocommerce_payments_alipay","country":""}
2026-02-21T18:44:44+00:00 DEBUG Received invalid country code when getting provider links. Ignoring it. CONTEXT: {"gateway":"woocommerce_payments_wechat_pay","country":""}
2026-02-21T18:44:44+00:00 DEBUG Received invalid country code when getting provider links. Ignoring it. CONTEXT: {"gateway":"bacs","country":""}
2026-02-21T18:44:44+00:00 DEBUG Received invalid country code when getting provider links. Ignoring it. CONTEXT: {"gateway":"cheque","country":""}
2026-02-21T18:44:44+00:00 DEBUG Received invalid country code when getting provider links. Ignoring it. CONTEXT: {"gateway":"cod","country":""}
2026-02-21T18:44:44+00:00 DEBUG Received invalid country code when getting provider links. Ignoring it. CONTEXT: {"gateway":"ppcp-gateway","country":""}
2026-02-21T18:44:44+00:00 DEBUG Received invalid country code when getting provider links. Ignoring it. CONTEXT: {"gateway":"woocommerce_payments_bancontact","country":""}
2026-02-21T18:44:44+00:00 DEBUG Received invalid country code when getting provider links. Ignoring it. CONTEXT: {"gateway":"woocommerce_payments_sepa_debit","country":""}
2026-02-21T18:44:44+00:00 DEBUG Received invalid country code when getting provider links. Ignoring it. CONTEXT: {"gateway":"woocommerce_payments_giropay","country":""}
2026-02-21T18:44:44+00:00 DEBUG Received invalid country code when getting provider links. Ignoring it. CONTEXT: {"gateway":"woocommerce_payments_sofort","country":""}
2026-02-21T18:44:44+00:00 DEBUG Received invalid country code when getting provider links. Ignoring it. CONTEXT: {"gateway":"woocommerce_payments_p24","country":""}
2026-02-21T18:44:44+00:00 DEBUG Received invalid country code when getting provider links. Ignoring it. CONTEXT: {"gateway":"woocommerce_payments_ideal","country":""}
2026-02-21T18:44:44+00:00 DEBUG Received invalid country code when getting provider links. Ignoring it. CONTEXT: {"gateway":"woocommerce_payments_au_becs_debit","country":""}
2026-02-21T18:44:44+00:00 DEBUG Received invalid country code when getting provider links. Ignoring it. CONTEXT: {"gateway":"woocommerce_payments_eps","country":""}
2026-02-21T18:44:44+00:00 DEBUG Received invalid country code when getting provider links. Ignoring it. CONTEXT: {"gateway":"woocommerce_payments_affirm","country":""}
2026-02-21T18:44:44+00:00 DEBUG Received invalid country code when getting provider links. Ignoring it. CONTEXT: {"gateway":"woocommerce_payments_afterpay_clearpay","country":""}
2026-02-21T18:44:44+00:00 DEBUG Received invalid country code when getting provider links. Ignoring it. CONTEXT: {"gateway":"woocommerce_payments_klarna","country":""}
2026-02-21T18:44:44+00:00 DEBUG Received invalid country code when getting provider links. Ignoring it. CONTEXT: {"gateway":"woocommerce_payments_multibanco","country":""}
2026-02-21T18:44:44+00:00 DEBUG Received invalid country code when getting provider links. Ignoring it. CONTEXT: {"gateway":"woocommerce_payments_grabpay","country":""}
2026-02-21T18:44:44+00:00 DEBUG Received invalid country code when getting provider links. Ignoring it. CONTEXT: {"gateway":"woocommerce_payments_alipay","country":""}
2026-02-21T18:44:44+00:00 DEBUG Received invalid country code when getting provider links. Ignoring it. CONTEXT: {"gateway":"woocommerce_payments_wechat_pay","country":""}
2026-02-21T18:44:44+00:00 DEBUG Received invalid country code when getting provider links. Ignoring it. CONTEXT: {"gateway":"woocommerce_payments","country":""}
2026-02-21T18:44:44+00:00 DEBUG Received invalid country code when getting provider links. Ignoring it. CONTEXT: {"gateway":"woocommerce_payments_bancontact","country":""}
2026-02-21T18:44:44+00:00 DEBUG Received invalid country code when getting provider links. Ignoring it. CONTEXT: {"gateway":"woocommerce_payments_sepa_debit","country":""}
2026-02-21T18:44:44+00:00 DEBUG Received invalid country code when getting provider links. Ignoring it. CONTEXT: {"gateway":"woocommerce_payments_giropay","country":""}
2026-02-21T18:44:44+00:00 DEBUG Received invalid country code when getting provider links. Ignoring it. CONTEXT: {"gateway":"woocommerce_payments_sofort","country":""}
2026-02-21T18:44:44+00:00 DEBUG Received invalid country code when getting provider links. Ignoring it. CONTEXT: {"gateway":"woocommerce_payments_p24","country":""}
2026-02-21T18:44:44+00:00 DEBUG Received invalid country code when getting provider links. Ignoring it. CONTEXT: {"gateway":"woocommerce_payments_ideal","country":""}
2026-02-21T18:44:44+00:00 DEBUG Received invalid country code when getting provider links. Ignoring it. CONTEXT: {"gateway":"woocommerce_payments_au_becs_debit","country":""}
2026-02-21T18:44:44+00:00 DEBUG Received invalid country code when getting provider links. Ignoring it. CONTEXT: {"gateway":"woocommerce_payments_eps","country":""}
2026-02-21T18:44:44+00:00 DEBUG Received invalid country code when getting provider links. Ignoring it. CONTEXT: {"gateway":"woocommerce_payments_affirm","country":""}
2026-02-21T18:44:44+00:00 DEBUG Received invalid country code when getting provider links. Ignoring it. CONTEXT: {"gateway":"woocommerce_payments_afterpay_clearpay","country":""}
2026-02-21T18:44:44+00:00 DEBUG Received invalid country code when getting provider links. Ignoring it. CONTEXT: {"gateway":"woocommerce_payments_klarna","country":""}
2026-02-21T18:44:44+00:00 DEBUG Received invalid country code when getting provider links. Ignoring it. CONTEXT: {"gateway":"woocommerce_payments_multibanco","country":""}
2026-02-21T18:44:44+00:00 DEBUG Received invalid country code when getting provider links. Ignoring it. CONTEXT: {"gateway":"woocommerce_payments_grabpay","country":""}
2026-02-21T18:44:44+00:00 DEBUG Received invalid country code when getting provider links. Ignoring it. CONTEXT: {"gateway":"woocommerce_payments_alipay","country":""}
2026-02-21T18:44:44+00:00 DEBUG Received invalid country code when getting provider links. Ignoring it. CONTEXT: {"gateway":"woocommerce_payments_wechat_pay","country":""}
2026-02-21T18:44:44+00:00 DEBUG Received invalid country code when getting provider links. Ignoring it. CONTEXT: {"gateway":"bacs","country":""}
2026-02-21T18:44:44+00:00 DEBUG Received invalid country code when getting provider links. Ignoring it. CONTEXT: {"gateway":"cheque","country":""}
2026-02-21T18:44:44+00:00 DEBUG Received invalid country code when getting provider links. Ignoring it. CONTEXT: {"gateway":"cod","country":""}
2026-02-21T18:44:44+00:00 DEBUG Received invalid country code when getting provider links. Ignoring it. CONTEXT: {"gateway":"ppcp-gateway","country":""}
2026-02-21T18:44:44+00:00 DEBUG Received invalid country code when getting provider links. Ignoring it. CONTEXT: {"gateway":"woocommerce_payments_bancontact","country":""}
2026-02-21T18:44:44+00:00 DEBUG Received invalid country code when getting provider links. Ignoring it. CONTEXT: {"gateway":"woocommerce_payments_sepa_debit","country":""}
2026-02-21T18:44:44+00:00 DEBUG Received invalid country code when getting provider links. Ignoring it. CONTEXT: {"gateway":"woocommerce_payments_giropay","country":""}
2026-02-21T18:44:44+00:00 DEBUG Received invalid country code when getting provider links. Ignoring it. CONTEXT: {"gateway":"woocommerce_payments_sofort","country":""}
2026-02-21T18:44:44+00:00 DEBUG Received invalid country code when getting provider links. Ignoring it. CONTEXT: {"gateway":"woocommerce_payments_p24","country":""}
2026-02-21T18:44:44+00:00 DEBUG Received invalid country code when getting provider links. Ignoring it. CONTEXT: {"gateway":"woocommerce_payments_ideal","country":""}
2026-02-21T18:44:44+00:00 DEBUG Received invalid country code when getting provider links. Ignoring it. CONTEXT: {"gateway":"woocommerce_payments_au_becs_debit","country":""}
2026-02-21T18:44:44+00:00 DEBUG Received invalid country code when getting provider links. Ignoring it. CONTEXT: {"gateway":"woocommerce_payments_eps","country":""}
2026-02-21T18:44:44+00:00 DEBUG Received invalid country code when getting provider links. Ignoring it. CONTEXT: {"gateway":"woocommerce_payments_affirm","country":""}
2026-02-21T18:44:44+00:00 DEBUG Received invalid country code when getting provider links. Ignoring it. CONTEXT: {"gateway":"woocommerce_payments_afterpay_clearpay","country":""}
2026-02-21T18:44:44+00:00 DEBUG Received invalid country code when getting provider links. Ignoring it. CONTEXT: {"gateway":"woocommerce_payments_klarna","country":""}
2026-02-21T18:44:44+00:00 DEBUG Received invalid country code when getting provider links. Ignoring it. CONTEXT: {"gateway":"woocommerce_payments_multibanco","country":""}
2026-02-21T18:44:44+00:00 DEBUG Received invalid country code when getting provider links. Ignoring it. CONTEXT: {"gateway":"woocommerce_payments_grabpay","country":""}
2026-02-21T18:44:44+00:00 DEBUG Received invalid country code when getting provider links. Ignoring it. CONTEXT: {"gateway":"woocommerce_payments_alipay","country":""}
2026-02-21T18:44:44+00:00 DEBUG Received invalid country code when getting provider links. Ignoring it. CONTEXT: {"gateway":"woocommerce_payments_wechat_pay","country":""}
2026-02-21T18:44:44+00:00 DEBUG Received invalid country code when getting provider links. Ignoring it. CONTEXT: {"gateway":"woocommerce_payments","country":""}
2026-02-21T18:44:44+00:00 DEBUG Received invalid country code when getting provider links. Ignoring it. CONTEXT: {"gateway":"woocommerce_payments_bancontact","country":""}
2026-02-21T18:44:44+00:00 DEBUG Received invalid country code when getting provider links. Ignoring it. CONTEXT: {"gateway":"woocommerce_payments_sepa_debit","country":""}
2026-02-21T18:44:44+00:00 DEBUG Received invalid country code when getting provider links. Ignoring it. CONTEXT: {"gateway":"woocommerce_payments_giropay","country":""}
2026-02-21T18:44:44+00:00 DEBUG Received invalid country code when getting provider links. Ignoring it. CONTEXT: {"gateway":"woocommerce_payments_sofort","country":""}
2026-02-21T18:44:44+00:00 DEBUG Received invalid country code when getting provider links. Ignoring it. CONTEXT: {"gateway":"woocommerce_payments_p24","country":""}
2026-02-21T18:44:44+00:00 DEBUG Received invalid country code when getting provider links. Ignoring it. CONTEXT: {"gateway":"woocommerce_payments_ideal","country":""}
2026-02-21T18:44:44+00:00 DEBUG Received invalid country code when getting provider links. Ignoring it. CONTEXT: {"gateway":"woocommerce_payments_au_becs_debit","country":""}
2026-02-21T18:44:44+00:00 DEBUG Received invalid country code when getting provider links. Ignoring it. CONTEXT: {"gateway":"woocommerce_payments_eps","country":""}
2026-02-21T18:44:44+00:00 DEBUG Received invalid country code when getting provider links. Ignoring it. CONTEXT: {"gateway":"woocommerce_payments_affirm","country":""}
2026-02-21T18:44:44+00:00 DEBUG Received invalid country code when getting provider links. Ignoring it. CONTEXT: {"gateway":"woocommerce_payments_afterpay_clearpay","country":""}
2026-02-21T18:44:44+00:00 DEBUG Received invalid country code when getting provider links. Ignoring it. CONTEXT: {"gateway":"woocommerce_payments_klarna","country":""}
2026-02-21T18:44:44+00:00 DEBUG Received invalid country code when getting provider links. Ignoring it. CONTEXT: {"gateway":"woocommerce_payments_multibanco","country":""}
2026-02-21T18:44:44+00:00 DEBUG Received invalid country code when getting provider links. Ignoring it. CONTEXT: {"gateway":"woocommerce_payments_grabpay","country":""}
2026-02-21T18:44:44+00:00 DEBUG Received invalid country code when getting provider links. Ignoring it. CONTEXT: {"gateway":"woocommerce_payments_alipay","country":""}
2026-02-21T18:44:44+00:00 DEBUG Received invalid country code when getting provider links. Ignoring it. CONTEXT: {"gateway":"woocommerce_payments_wechat_pay","country":""}
2026-02-21T18:44:44+00:00 DEBUG Received invalid country code when getting provider links. Ignoring it. CONTEXT: {"gateway":"bacs","country":""}
2026-02-21T18:44:44+00:00 DEBUG Received invalid country code when getting provider links. Ignoring it. CONTEXT: {"gateway":"cheque","country":""}
2026-02-21T18:44:44+00:00 DEBUG Received invalid country code when getting provider links. Ignoring it. CONTEXT: {"gateway":"cod","country":""}
2026-02-21T18:44:44+00:00 DEBUG Received invalid country code when getting provider links. Ignoring it. CONTEXT: {"gateway":"ppcp-gateway","country":""}
2026-02-21T18:44:44+00:00 DEBUG Received invalid country code when getting provider links. Ignoring it. CONTEXT: {"gateway":"woocommerce_payments_bancontact","country":""}
2026-02-21T18:44:44+00:00 DEBUG Received invalid country code when getting provider links. Ignoring it. CONTEXT: {"gateway":"woocommerce_payments_sepa_debit","country":""}
2026-02-21T18:44:44+00:00 DEBUG Received invalid country code when getting provider links. Ignoring it. CONTEXT: {"gateway":"woocommerce_payments_giropay","country":""}
2026-02-21T18:44:44+00:00 DEBUG Received invalid country code when getting provider links. Ignoring it. CONTEXT: {"gateway":"woocommerce_payments_sofort","country":""}
2026-02-21T18:44:44+00:00 DEBUG Received invalid country code when getting provider links. Ignoring it. CONTEXT: {"gateway":"woocommerce_payments_p24","country":""}
2026-02-21T18:44:44+00:00 DEBUG Received invalid country code when getting provider links. Ignoring it. CONTEXT: {"gateway":"woocommerce_payments_ideal","country":""}
2026-02-21T18:44:44+00:00 DEBUG Received invalid country code when getting provider links. Ignoring it. CONTEXT: {"gateway":"woocommerce_payments_au_becs_debit","country":""}
2026-02-21T18:44:44+00:00 DEBUG Received invalid country code when getting provider links. Ignoring it. CONTEXT: {"gateway":"woocommerce_payments_eps","country":""}
2026-02-21T18:44:44+00:00 DEBUG Received invalid country code when getting provider links. Ignoring it. CONTEXT: {"gateway":"woocommerce_payments_affirm","country":""}
2026-02-21T18:44:44+00:00 DEBUG Received invalid country code when getting provider links. Ignoring it. CONTEXT: {"gateway":"woocommerce_payments_afterpay_clearpay","country":""}
2026-02-21T18:44:44+00:00 DEBUG Received invalid country code when getting provider links. Ignoring it. CONTEXT: {"gateway":"woocommerce_payments_klarna","country":""}
2026-02-21T18:44:44+00:00 DEBUG Received invalid country code when getting provider links. Ignoring it. CONTEXT: {"gateway":"woocommerce_payments_multibanco","country":""}
2026-02-21T18:44:44+00:00 DEBUG Received invalid country code when getting provider links. Ignoring it. CONTEXT: {"gateway":"woocommerce_payments_grabpay","country":""}
2026-02-21T18:44:44+00:00 DEBUG Received invalid country code when getting provider links. Ignoring it. CONTEXT: {"gateway":"woocommerce_payments_alipay","country":""}
2026-02-21T18:44:44+00:00 DEBUG Received invalid country code when getting provider links. Ignoring it. CONTEXT: {"gateway":"woocommerce_payments_wechat_pay","country":""}
2026-02-21T18:44:44+00:00 DEBUG Received invalid country code when getting provider links. Ignoring it. CONTEXT: {"gateway":"woocommerce_payments","country":""}
2026-02-21T18:44:44+00:00 DEBUG Received invalid country code when getting provider links. Ignoring it. CONTEXT: {"gateway":"woocommerce_payments_bancontact","country":""}
2026-02-21T18:44:44+00:00 DEBUG Received invalid country code when getting provider links. Ignoring it. CONTEXT: {"gateway":"woocommerce_payments_sepa_debit","country":""}
2026-02-21T18:44:44+00:00 DEBUG Received invalid country code when getting provider links. Ignoring it. CONTEXT: {"gateway":"woocommerce_payments_giropay","country":""}
2026-02-21T18:44:44+00:00 DEBUG Received invalid country code when getting provider links. Ignoring it. CONTEXT: {"gateway":"woocommerce_payments_sofort","country":""}
2026-02-21T18:44:44+00:00 DEBUG Received invalid country code when getting provider links. Ignoring it. CONTEXT: {"gateway":"woocommerce_payments_p24","country":""}
2026-02-21T18:44:44+00:00 DEBUG Received invalid country code when getting provider links. Ignoring it. CONTEXT: {"gateway":"woocommerce_payments_ideal","country":""}
2026-02-21T18:44:44+00:00 DEBUG Received invalid country code when getting provider links. Ignoring it. CONTEXT: {"gateway":"woocommerce_payments_au_becs_debit","country":""}
2026-02-21T18:44:44+00:00 DEBUG Received invalid country code when getting provider links. Ignoring it. CONTEXT: {"gateway":"woocommerce_payments_eps","country":""}
2026-02-21T18:44:44+00:00 DEBUG Received invalid country code when getting provider links. Ignoring it. CONTEXT: {"gateway":"woocommerce_payments_affirm","country":""}
2026-02-21T18:44:44+00:00 DEBUG Received invalid country code when getting provider links. Ignoring it. CONTEXT: {"gateway":"woocommerce_payments_afterpay_clearpay","country":""}
2026-02-21T18:44:44+00:00 DEBUG Received invalid country code when getting provider links. Ignoring it. CONTEXT: {"gateway":"woocommerce_payments_klarna","country":""}
2026-02-21T18:44:44+00:00 DEBUG Received invalid country code when getting provider links. Ignoring it. CONTEXT: {"gateway":"woocommerce_payments_multibanco","country":""}
2026-02-21T18:44:44+00:00 DEBUG Received invalid country code when getting provider links. Ignoring it. CONTEXT: {"gateway":"woocommerce_payments_grabpay","country":""}
2026-02-21T18:44:44+00:00 DEBUG Received invalid country code when getting provider links. Ignoring it. CONTEXT: {"gateway":"woocommerce_payments_alipay","country":""}
2026-02-21T18:44:44+00:00 DEBUG Received invalid country code when getting provider links. Ignoring it. CONTEXT: {"gateway":"woocommerce_payments_wechat_pay","country":""}
2026-02-21T18:44:44+00:00 DEBUG Received invalid country code when getting provider links. Ignoring it. CONTEXT: {"gateway":"bacs","country":""}
2026-02-21T18:44:44+00:00 DEBUG Received invalid country code when getting provider links. Ignoring it. CONTEXT: {"gateway":"cheque","country":""}
2026-02-21T18:44:44+00:00 DEBUG Received invalid country code when getting provider links. Ignoring it. CONTEXT: {"gateway":"cod","country":""}
2026-02-21T18:44:44+00:00 DEBUG Received invalid country code when getting provider links. Ignoring it. CONTEXT: {"gateway":"ppcp-gateway","country":""}
2026-02-21T18:44:44+00:00 DEBUG Received invalid country code when getting provider links. Ignoring it. CONTEXT: {"gateway":"woocommerce_payments_bancontact","country":""}
2026-02-21T18:44:44+00:00 DEBUG Received invalid country code when getting provider links. Ignoring it. CONTEXT: {"gateway":"woocommerce_payments_sepa_debit","country":""}
2026-02-21T18:44:44+00:00 DEBUG Received invalid country code when getting provider links. Ignoring it. CONTEXT: {"gateway":"woocommerce_payments_giropay","country":""}
2026-02-21T18:44:44+00:00 DEBUG Received invalid country code when getting provider links. Ignoring it. CONTEXT: {"gateway":"woocommerce_payments_sofort","country":""}
2026-02-21T18:44:44+00:00 DEBUG Received invalid country code when getting provider links. Ignoring it. CONTEXT: {"gateway":"woocommerce_payments_p24","country":""}
2026-02-21T18:44:44+00:00 DEBUG Received invalid country code when getting provider links. Ignoring it. CONTEXT: {"gateway":"woocommerce_payments_ideal","country":""}
2026-02-21T18:44:44+00:00 DEBUG Received invalid country code when getting provider links. Ignoring it. CONTEXT: {"gateway":"woocommerce_payments_au_becs_debit","country":""}
2026-02-21T18:44:44+00:00 DEBUG Received invalid country code when getting provider links. Ignoring it. CONTEXT: {"gateway":"woocommerce_payments_eps","country":""}
2026-02-21T18:44:44+00:00 DEBUG Received invalid country code when getting provider links. Ignoring it. CONTEXT: {"gateway":"woocommerce_payments_affirm","country":""}
2026-02-21T18:44:44+00:00 DEBUG Received invalid country code when getting provider links. Ignoring it. CONTEXT: {"gateway":"woocommerce_payments_afterpay_clearpay","country":""}
2026-02-21T18:44:44+00:00 DEBUG Received invalid country code when getting provider links. Ignoring it. CONTEXT: {"gateway":"woocommerce_payments_klarna","country":""}
2026-02-21T18:44:44+00:00 DEBUG Received invalid country code when getting provider links. Ignoring it. CONTEXT: {"gateway":"woocommerce_payments_multibanco","country":""}
2026-02-21T18:44:44+00:00 DEBUG Received invalid country code when getting provider links. Ignoring it. CONTEXT: {"gateway":"woocommerce_payments_grabpay","country":""}
2026-02-21T18:44:44+00:00 DEBUG Received invalid country code when getting provider links. Ignoring it. CONTEXT: {"gateway":"woocommerce_payments_alipay","country":""}
2026-02-21T18:44:44+00:00 DEBUG Received invalid country code when getting provider links. Ignoring it. CONTEXT: {"gateway":"woocommerce_payments_wechat_pay","country":""}
2026-02-21T18:44:44+00:00 DEBUG Received invalid country code when getting provider links. Ignoring it. CONTEXT: {"gateway":"woocommerce_payments","country":""}
2026-02-21T18:44:44+00:00 DEBUG Received invalid country code when getting provider links. Ignoring it. CONTEXT: {"gateway":"woocommerce_payments_bancontact","country":""}
2026-02-21T18:44:44+00:00 DEBUG Received invalid country code when getting provider links. Ignoring it. CONTEXT: {"gateway":"woocommerce_payments_sepa_debit","country":""}
2026-02-21T18:44:44+00:00 DEBUG Received invalid country code when getting provider links. Ignoring it. CONTEXT: {"gateway":"woocommerce_payments_giropay","country":""}
2026-02-21T18:44:44+00:00 DEBUG Received invalid country code when getting provider links. Ignoring it. CONTEXT: {"gateway":"woocommerce_payments_sofort","country":""}
2026-02-21T18:44:44+00:00 DEBUG Received invalid country code when getting provider links. Ignoring it. CONTEXT: {"gateway":"woocommerce_payments_p24","country":""}
2026-02-21T18:44:44+00:00 DEBUG Received invalid country code when getting provider links. Ignoring it. CONTEXT: {"gateway":"woocommerce_payments_ideal","country":""}
2026-02-21T18:44:44+00:00 DEBUG Received invalid country code when getting provider links. Ignoring it. CONTEXT: {"gateway":"woocommerce_payments_au_becs_debit","country":""}
2026-02-21T18:44:44+00:00 DEBUG Received invalid country code when getting provider links. Ignoring it. CONTEXT: {"gateway":"woocommerce_payments_eps","country":""}
2026-02-21T18:44:44+00:00 DEBUG Received invalid country code when getting provider links. Ignoring it. CONTEXT: {"gateway":"woocommerce_payments_affirm","country":""}
2026-02-21T18:44:44+00:00 DEBUG Received invalid country code when getting provider links. Ignoring it. CONTEXT: {"gateway":"woocommerce_payments_afterpay_clearpay","country":""}
2026-02-21T18:44:44+00:00 DEBUG Received invalid country code when getting provider links. Ignoring it. CONTEXT: {"gateway":"woocommerce_payments_klarna","country":""}
2026-02-21T18:44:44+00:00 DEBUG Received invalid country code when getting provider links. Ignoring it. CONTEXT: {"gateway":"woocommerce_payments_multibanco","country":""}
2026-02-21T18:44:44+00:00 DEBUG Received invalid country code when getting provider links. Ignoring it. CONTEXT: {"gateway":"woocommerce_payments_grabpay","country":""}
2026-02-21T18:44:44+00:00 DEBUG Received invalid country code when getting provider links. Ignoring it. CONTEXT: {"gateway":"woocommerce_payments_alipay","country":""}
2026-02-21T18:44:44+00:00 DEBUG Received invalid country code when getting provider links. Ignoring it. CONTEXT: {"gateway":"woocommerce_payments_wechat_pay","country":""}
2026-02-21T18:44:44+00:00 DEBUG Received invalid country code when getting provider links. Ignoring it. CONTEXT: {"gateway":"bacs","country":""}
2026-02-21T18:44:44+00:00 DEBUG Received invalid country code when getting provider links. Ignoring it. CONTEXT: {"gateway":"cheque","country":""}
2026-02-21T18:44:44+00:00 DEBUG Received invalid country code when getting provider links. Ignoring it. CONTEXT: {"gateway":"cod","country":""}
2026-02-21T18:44:44+00:00 DEBUG Received invalid country code when getting provider links. Ignoring it. CONTEXT: {"gateway":"ppcp-gateway","country":""}
2026-02-21T18:44:44+00:00 DEBUG Received invalid country code when getting provider links. Ignoring it. CONTEXT: {"gateway":"woocommerce_payments_bancontact","country":""}
2026-02-21T18:44:44+00:00 DEBUG Received invalid country code when getting provider links. Ignoring it. CONTEXT: {"gateway":"woocommerce_payments_sepa_debit","country":""}
2026-02-21T18:44:44+00:00 DEBUG Received invalid country code when getting provider links. Ignoring it. CONTEXT: {"gateway":"woocommerce_payments_giropay","country":""}
2026-02-21T18:44:44+00:00 DEBUG Received invalid country code when getting provider links. Ignoring it. CONTEXT: {"gateway":"woocommerce_payments_sofort","country":""}
2026-02-21T18:44:44+00:00 DEBUG Received invalid country code when getting provider links. Ignoring it. CONTEXT: {"gateway":"woocommerce_payments_p24","country":""}
2026-02-21T18:44:44+00:00 DEBUG Received invalid country code when getting provider links. Ignoring it. CONTEXT: {"gateway":"woocommerce_payments_ideal","country":""}
2026-02-21T18:44:44+00:00 DEBUG Received invalid country code when getting provider links. Ignoring it. CONTEXT: {"gateway":"woocommerce_payments_au_becs_debit","country":""}
2026-02-21T18:44:44+00:00 DEBUG Received invalid country code when getting provider links. Ignoring it. CONTEXT: {"gateway":"woocommerce_payments_eps","country":""}
2026-02-21T18:44:44+00:00 DEBUG Received invalid country code when getting provider links. Ignoring it. CONTEXT: {"gateway":"woocommerce_payments_affirm","country":""}
2026-02-21T18:44:44+00:00 DEBUG Received invalid country code when getting provider links. Ignoring it. CONTEXT: {"gateway":"woocommerce_payments_afterpay_clearpay","country":""}
2026-02-21T18:44:44+00:00 DEBUG Received invalid country code when getting provider links. Ignoring it. CONTEXT: {"gateway":"woocommerce_payments_klarna","country":""}
2026-02-21T18:44:44+00:00 DEBUG Received invalid country code when getting provider links. Ignoring it. CONTEXT: {"gateway":"woocommerce_payments_multibanco","country":""}
2026-02-21T18:44:44+00:00 DEBUG Received invalid country code when getting provider links. Ignoring it. CONTEXT: {"gateway":"woocommerce_payments_grabpay","country":""}
2026-02-21T18:44:44+00:00 DEBUG Received invalid country code when getting provider links. Ignoring it. CONTEXT: {"gateway":"woocommerce_payments_alipay","country":""}
2026-02-21T18:44:44+00:00 DEBUG Received invalid country code when getting provider links. Ignoring it. CONTEXT: {"gateway":"woocommerce_payments_wechat_pay","country":""}
2026-02-21T18:44:44+00:00 DEBUG Received invalid country code when getting provider links. Ignoring it. CONTEXT: {"gateway":"woocommerce_payments","country":""}
2026-02-21T18:44:44+00:00 DEBUG Received invalid country code when getting provider links. Ignoring it. CONTEXT: {"gateway":"woocommerce_payments_bancontact","country":""}
2026-02-21T18:44:44+00:00 DEBUG Received invalid country code when getting provider links. Ignoring it. CONTEXT: {"gateway":"woocommerce_payments_sepa_debit","country":""}
2026-02-21T18:44:44+00:00 DEBUG Received invalid country code when getting provider links. Ignoring it. CONTEXT: {"gateway":"woocommerce_payments_giropay","country":""}
2026-02-21T18:44:44+00:00 DEBUG Received invalid country code when getting provider links. Ignoring it. CONTEXT: {"gateway":"woocommerce_payments_sofort","country":""}
2026-02-21T18:44:44+00:00 DEBUG Received invalid country code when getting provider links. Ignoring it. CONTEXT: {"gateway":"woocommerce_payments_p24","country":""}
2026-02-21T18:44:44+00:00 DEBUG Received invalid country code when getting provider links. Ignoring it. CONTEXT: {"gateway":"woocommerce_payments_ideal","country":""}
2026-02-21T18:44:44+00:00 DEBUG Received invalid country code when getting provider links. Ignoring it. CONTEXT: {"gateway":"woocommerce_payments_au_becs_debit","country":""}
2026-02-21T18:44:44+00:00 DEBUG Received invalid country code when getting provider links. Ignoring it. CONTEXT: {"gateway":"woocommerce_payments_eps","country":""}
2026-02-21T18:44:44+00:00 DEBUG Received invalid country code when getting provider links. Ignoring it. CONTEXT: {"gateway":"woocommerce_payments_affirm","country":""}
2026-02-21T18:44:44+00:00 DEBUG Received invalid country code when getting provider links. Ignoring it. CONTEXT: {"gateway":"woocommerce_payments_afterpay_clearpay","country":""}
2026-02-21T18:44:44+00:00 DEBUG Received invalid country code when getting provider links. Ignoring it. CONTEXT: {"gateway":"woocommerce_payments_klarna","country":""}
2026-02-21T18:44:44+00:00 DEBUG Received invalid country code when getting provider links. Ignoring it. CONTEXT: {"gateway":"woocommerce_payments_multibanco","country":""}
2026-02-21T18:44:44+00:00 DEBUG Received invalid country code when getting provider links. Ignoring it. CONTEXT: {"gateway":"woocommerce_payments_grabpay","country":""}
2026-02-21T18:44:44+00:00 DEBUG Received invalid country code when getting provider links. Ignoring it. CONTEXT: {"gateway":"woocommerce_payments_alipay","country":""}
2026-02-21T18:44:44+00:00 DEBUG Received invalid country code when getting provider links. Ignoring it. CONTEXT: {"gateway":"woocommerce_payments_wechat_pay","country":""}
2026-02-21T18:44:44+00:00 DEBUG Received invalid country code when getting provider links. Ignoring it. CONTEXT: {"gateway":"bacs","country":""}
2026-02-21T18:44:44+00:00 DEBUG Received invalid country code when getting provider links. Ignoring it. CONTEXT: {"gateway":"cheque","country":""}
2026-02-21T18:44:44+00:00 DEBUG Received invalid country code when getting provider links. Ignoring it. CONTEXT: {"gateway":"cod","country":""}
2026-02-21T18:44:44+00:00 DEBUG Received invalid country code when getting provider links. Ignoring it. CONTEXT: {"gateway":"ppcp-gateway","country":""}
2026-02-21T18:44:44+00:00 DEBUG Received invalid country code when getting provider links. Ignoring it. CONTEXT: {"gateway":"woocommerce_payments_bancontact","country":""}
2026-02-21T18:44:44+00:00 DEBUG Received invalid country code when getting provider links. Ignoring it. CONTEXT: {"gateway":"woocommerce_payments_sepa_debit","country":""}
2026-02-21T18:44:44+00:00 DEBUG Received invalid country code when getting provider links. Ignoring it. CONTEXT: {"gateway":"woocommerce_payments_giropay","country":""}
2026-02-21T18:44:44+00:00 DEBUG Received invalid country code when getting provider links. Ignoring it. CONTEXT: {"gateway":"woocommerce_payments_sofort","country":""}
2026-02-21T18:44:44+00:00 DEBUG Received invalid country code when getting provider links. Ignoring it. CONTEXT: {"gateway":"woocommerce_payments_p24","country":""}
2026-02-21T18:44:44+00:00 DEBUG Received invalid country code when getting provider links. Ignoring it. CONTEXT: {"gateway":"woocommerce_payments_ideal","country":""}
2026-02-21T18:44:44+00:00 DEBUG Received invalid country code when getting provider links. Ignoring it. CONTEXT: {"gateway":"woocommerce_payments_au_becs_debit","country":""}
2026-02-21T18:44:44+00:00 DEBUG Received invalid country code when getting provider links. Ignoring it. CONTEXT: {"gateway":"woocommerce_payments_eps","country":""}
2026-02-21T18:44:44+00:00 DEBUG Received invalid country code when getting provider links. Ignoring it. CONTEXT: {"gateway":"woocommerce_payments_affirm","country":""}
2026-02-21T18:44:44+00:00 DEBUG Received invalid country code when getting provider links. Ignoring it. CONTEXT: {"gateway":"woocommerce_payments_afterpay_clearpay","country":""}
2026-02-21T18:44:44+00:00 DEBUG Received invalid country code when getting provider links. Ignoring it. CONTEXT: {"gateway":"woocommerce_payments_klarna","country":""}
2026-02-21T18:44:44+00:00 DEBUG Received invalid country code when getting provider links. Ignoring it. CONTEXT: {"gateway":"woocommerce_payments_multibanco","country":""}
2026-02-21T18:44:44+00:00 DEBUG Received invalid country code when getting provider links. Ignoring it. CONTEXT: {"gateway":"woocommerce_payments_grabpay","country":""}
2026-02-21T18:44:44+00:00 DEBUG Received invalid country code when getting provider links. Ignoring it. CONTEXT: {"gateway":"woocommerce_payments_alipay","country":""}
2026-02-21T18:44:44+00:00 DEBUG Received invalid country code when getting provider links. Ignoring it. CONTEXT: {"gateway":"woocommerce_payments_wechat_pay","country":""}
2026-02-21T18:44:44+00:00 DEBUG Received invalid country code when getting provider links. Ignoring it. CONTEXT: {"gateway":"woocommerce_payments","country":""}
2026-02-21T18:44:44+00:00 DEBUG Received invalid country code when getting provider links. Ignoring it. CONTEXT: {"gateway":"woocommerce_payments_bancontact","country":""}
2026-02-21T18:44:44+00:00 DEBUG Received invalid country code when getting provider links. Ignoring it. CONTEXT: {"gateway":"woocommerce_payments_sepa_debit","country":""}
2026-02-21T18:44:44+00:00 DEBUG Received invalid country code when getting provider links. Ignoring it. CONTEXT: {"gateway":"woocommerce_payments_giropay","country":""}
2026-02-21T18:44:44+00:00 DEBUG Received invalid country code when getting provider links. Ignoring it. CONTEXT: {"gateway":"woocommerce_payments_sofort","country":""}
2026-02-21T18:44:44+00:00 DEBUG Received invalid country code when getting provider links. Ignoring it. CONTEXT: {"gateway":"woocommerce_payments_p24","country":""}
2026-02-21T18:44:44+00:00 DEBUG Received invalid country code when getting provider links. Ignoring it. CONTEXT: {"gateway":"woocommerce_payments_ideal","country":""}
2026-02-21T18:44:44+00:00 DEBUG Received invalid country code when getting provider links. Ignoring it. CONTEXT: {"gateway":"woocommerce_payments_au_becs_debit","country":""}
2026-02-21T18:44:44+00:00 DEBUG Received invalid country code when getting provider links. Ignoring it. CONTEXT: {"gateway":"woocommerce_payments_eps","country":""}
2026-02-21T18:44:44+00:00 DEBUG Received invalid country code when getting provider links. Ignoring it. CONTEXT: {"gateway":"woocommerce_payments_affirm","country":""}
2026-02-21T18:44:44+00:00 DEBUG Received invalid country code when getting provider links. Ignoring it. CONTEXT: {"gateway":"woocommerce_payments_afterpay_clearpay","country":""}
2026-02-21T18:44:44+00:00 DEBUG Received invalid country code when getting provider links. Ignoring it. CONTEXT: {"gateway":"woocommerce_payments_klarna","country":""}
2026-02-21T18:44:44+00:00 DEBUG Received invalid country code when getting provider links. Ignoring it. CONTEXT: {"gateway":"woocommerce_payments_multibanco","country":""}
2026-02-21T18:44:44+00:00 DEBUG Received invalid country code when getting provider links. Ignoring it. CONTEXT: {"gateway":"woocommerce_payments_grabpay","country":""}
2026-02-21T18:44:44+00:00 DEBUG Received invalid country code when getting provider links. Ignoring it. CONTEXT: {"gateway":"woocommerce_payments_alipay","country":""}
2026-02-21T18:44:44+00:00 DEBUG Received invalid country code when getting provider links. Ignoring it. CONTEXT: {"gateway":"woocommerce_payments_wechat_pay","country":""}
2026-02-21T18:44:44+00:00 DEBUG Received invalid country code when getting provider links. Ignoring it. CONTEXT: {"gateway":"bacs","country":""}
2026-02-21T18:44:44+00:00 DEBUG Received invalid country code when getting provider links. Ignoring it. CONTEXT: {"gateway":"cheque","country":""}
2026-02-21T18:44:44+00:00 DEBUG Received invalid country code when getting provider links. Ignoring it. CONTEXT: {"gateway":"cod","country":""}
2026-02-21T18:44:44+00:00 DEBUG Received invalid country code when getting provider links. Ignoring it. CONTEXT: {"gateway":"ppcp-gateway","country":""}
2026-02-21T18:44:44+00:00 DEBUG Received invalid country code when getting provider links. Ignoring it. CONTEXT: {"gateway":"woocommerce_payments_bancontact","country":""}
2026-02-21T18:44:44+00:00 DEBUG Received invalid country code when getting provider links. Ignoring it. CONTEXT: {"gateway":"woocommerce_payments_sepa_debit","country":""}
2026-02-21T18:44:44+00:00 DEBUG Received invalid country code when getting provider links. Ignoring it. CONTEXT: {"gateway":"woocommerce_payments_giropay","country":""}
2026-02-21T18:44:44+00:00 DEBUG Received invalid country code when getting provider links. Ignoring it. CONTEXT: {"gateway":"woocommerce_payments_sofort","country":""}
2026-02-21T18:44:44+00:00 DEBUG Received invalid country code when getting provider links. Ignoring it. CONTEXT: {"gateway":"woocommerce_payments_p24","country":""}
2026-02-21T18:44:44+00:00 DEBUG Received invalid country code when getting provider links. Ignoring it. CONTEXT: {"gateway":"woocommerce_payments_ideal","country":""}
2026-02-21T18:44:44+00:00 DEBUG Received invalid country code when getting provider links. Ignoring it. CONTEXT: {"gateway":"woocommerce_payments_au_becs_debit","country":""}
2026-02-21T18:44:44+00:00 DEBUG Received invalid country code when getting provider links. Ignoring it. CONTEXT: {"gateway":"woocommerce_payments_eps","country":""}
2026-02-21T18:44:44+00:00 DEBUG Received invalid country code when getting provider links. Ignoring it. CONTEXT: {"gateway":"woocommerce_payments_affirm","country":""}
2026-02-21T18:44:44+00:00 DEBUG Received invalid country code when getting provider links. Ignoring it. CONTEXT: {"gateway":"woocommerce_payments_afterpay_clearpay","country":""}
2026-02-21T18:44:44+00:00 DEBUG Received invalid country code when getting provider links. Ignoring it. CONTEXT: {"gateway":"woocommerce_payments_klarna","country":""}
2026-02-21T18:44:44+00:00 DEBUG Received invalid country code when getting provider links. Ignoring it. CONTEXT: {"gateway":"woocommerce_payments_multibanco","country":""}
2026-02-21T18:44:44+00:00 DEBUG Received invalid country code when getting provider links. Ignoring it. CONTEXT: {"gateway":"woocommerce_payments_grabpay","country":""}
2026-02-21T18:44:44+00:00 DEBUG Received invalid country code when getting provider links. Ignoring it. CONTEXT: {"gateway":"woocommerce_payments_alipay","country":""}
2026-02-21T18:44:44+00:00 DEBUG Received invalid country code when getting provider links. Ignoring it. CONTEXT: {"gateway":"woocommerce_payments_wechat_pay","country":""}
2026-02-21T18:44:44+00:00 DEBUG Received invalid country code when getting provider links. Ignoring it. CONTEXT: {"gateway":"woocommerce_payments","country":""}
2026-02-21T18:44:44+00:00 DEBUG Received invalid country code when getting provider links. Ignoring it. CONTEXT: {"gateway":"woocommerce_payments_bancontact","country":""}
2026-02-21T18:44:44+00:00 DEBUG Received invalid country code when getting provider links. Ignoring it. CONTEXT: {"gateway":"woocommerce_payments_sepa_debit","country":""}
2026-02-21T18:44:44+00:00 DEBUG Received invalid country code when getting provider links. Ignoring it. CONTEXT: {"gateway":"woocommerce_payments_giropay","country":""}
2026-02-21T18:44:44+00:00 DEBUG Received invalid country code when getting provider links. Ignoring it. CONTEXT: {"gateway":"woocommerce_payments_sofort","country":""}
2026-02-21T18:44:44+00:00 DEBUG Received invalid country code when getting provider links. Ignoring it. CONTEXT: {"gateway":"woocommerce_payments_p24","country":""}
2026-02-21T18:44:44+00:00 DEBUG Received invalid country code when getting provider links. Ignoring it. CONTEXT: {"gateway":"woocommerce_payments_ideal","country":""}
2026-02-21T18:44:44+00:00 DEBUG Received invalid country code when getting provider links. Ignoring it. CONTEXT: {"gateway":"woocommerce_payments_au_becs_debit","country":""}
2026-02-21T18:44:44+00:00 DEBUG Received invalid country code when getting provider links. Ignoring it. CONTEXT: {"gateway":"woocommerce_payments_eps","country":""}
2026-02-21T18:44:44+00:00 DEBUG Received invalid country code when getting provider links. Ignoring it. CONTEXT: {"gateway":"woocommerce_payments_affirm","country":""}
2026-02-21T18:44:44+00:00 DEBUG Received invalid country code when getting provider links. Ignoring it. CONTEXT: {"gateway":"woocommerce_payments_afterpay_clearpay","country":""}
2026-02-21T18:44:44+00:00 DEBUG Received invalid country code when getting provider links. Ignoring it. CONTEXT: {"gateway":"woocommerce_payments_klarna","country":""}
2026-02-21T18:44:44+00:00 DEBUG Received invalid country code when getting provider links. Ignoring it. CONTEXT: {"gateway":"woocommerce_payments_multibanco","country":""}
2026-02-21T18:44:44+00:00 DEBUG Received invalid country code when getting provider links. Ignoring it. CONTEXT: {"gateway":"woocommerce_payments_grabpay","country":""}
2026-02-21T18:44:44+00:00 DEBUG Received invalid country code when getting provider links. Ignoring it. CONTEXT: {"gateway":"woocommerce_payments_alipay","country":""}
2026-02-21T18:44:44+00:00 DEBUG Received invalid country code when getting provider links. Ignoring it. CONTEXT: {"gateway":"woocommerce_payments_wechat_pay","country":""}
2026-02-21T18:44:44+00:00 DEBUG Received invalid country code when getting provider links. Ignoring it. CONTEXT: {"gateway":"bacs","country":""}
2026-02-21T18:44:44+00:00 DEBUG Received invalid country code when getting provider links. Ignoring it. CONTEXT: {"gateway":"cheque","country":""}
2026-02-21T18:44:44+00:00 DEBUG Received invalid country code when getting provider links. Ignoring it. CONTEXT: {"gateway":"cod","country":""}
2026-02-21T18:44:44+00:00 DEBUG Received invalid country code when getting provider links. Ignoring it. CONTEXT: {"gateway":"ppcp-gateway","country":""}
2026-02-21T18:44:45+00:00 DEBUG Received invalid country code when getting provider links. Ignoring it. CONTEXT: {"gateway":"woocommerce_payments_bancontact","country":""}
2026-02-21T18:44:45+00:00 DEBUG Received invalid country code when getting provider links. Ignoring it. CONTEXT: {"gateway":"woocommerce_payments_sepa_debit","country":""}
2026-02-21T18:44:45+00:00 DEBUG Received invalid country code when getting provider links. Ignoring it. CONTEXT: {"gateway":"woocommerce_payments_giropay","country":""}
2026-02-21T18:44:45+00:00 DEBUG Received invalid country code when getting provider links. Ignoring it. CONTEXT: {"gateway":"woocommerce_payments_sofort","country":""}
2026-02-21T18:44:45+00:00 DEBUG Received invalid country code when getting provider links. Ignoring it. CONTEXT: {"gateway":"woocommerce_payments_p24","country":""}
2026-02-21T18:44:45+00:00 DEBUG Received invalid country code when getting provider links. Ignoring it. CONTEXT: {"gateway":"woocommerce_payments_ideal","country":""}
2026-02-21T18:44:45+00:00 DEBUG Received invalid country code when getting provider links. Ignoring it. CONTEXT: {"gateway":"woocommerce_payments_au_becs_debit","country":""}
2026-02-21T18:44:45+00:00 DEBUG Received invalid country code when getting provider links. Ignoring it. CONTEXT: {"gateway":"woocommerce_payments_eps","country":""}
2026-02-21T18:44:45+00:00 DEBUG Received invalid country code when getting provider links. Ignoring it. CONTEXT: {"gateway":"woocommerce_payments_affirm","country":""}
2026-02-21T18:44:45+00:00 DEBUG Received invalid country code when getting provider links. Ignoring it. CONTEXT: {"gateway":"woocommerce_payments_afterpay_clearpay","country":""}
2026-02-21T18:44:45+00:00 DEBUG Received invalid country code when getting provider links. Ignoring it. CONTEXT: {"gateway":"woocommerce_payments_klarna","country":""}
2026-02-21T18:44:45+00:00 DEBUG Received invalid country code when getting provider links. Ignoring it. CONTEXT: {"gateway":"woocommerce_payments_multibanco","country":""}
2026-02-21T18:44:45+00:00 DEBUG Received invalid country code when getting provider links. Ignoring it. CONTEXT: {"gateway":"woocommerce_payments_grabpay","country":""}
2026-02-21T18:44:45+00:00 DEBUG Received invalid country code when getting provider links. Ignoring it. CONTEXT: {"gateway":"woocommerce_payments_alipay","country":""}
2026-02-21T18:44:45+00:00 DEBUG Received invalid country code when getting provider links. Ignoring it. CONTEXT: {"gateway":"woocommerce_payments_wechat_pay","country":""}
2026-02-21T18:44:45+00:00 DEBUG Received invalid country code when getting provider links. Ignoring it. CONTEXT: {"gateway":"woocommerce_payments","country":""}
2026-02-21T18:44:45+00:00 DEBUG Received invalid country code when getting provider links. Ignoring it. CONTEXT: {"gateway":"woocommerce_payments_bancontact","country":""}
2026-02-21T18:44:45+00:00 DEBUG Received invalid country code when getting provider links. Ignoring it. CONTEXT: {"gateway":"woocommerce_payments_sepa_debit","country":""}
2026-02-21T18:44:45+00:00 DEBUG Received invalid country code when getting provider links. Ignoring it. CONTEXT: {"gateway":"woocommerce_payments_giropay","country":""}
2026-02-21T18:44:45+00:00 DEBUG Received invalid country code when getting provider links. Ignoring it. CONTEXT: {"gateway":"woocommerce_payments_sofort","country":""}
2026-02-21T18:44:45+00:00 DEBUG Received invalid country code when getting provider links. Ignoring it. CONTEXT: {"gateway":"woocommerce_payments_p24","country":""}
2026-02-21T18:44:45+00:00 DEBUG Received invalid country code when getting provider links. Ignoring it. CONTEXT: {"gateway":"woocommerce_payments_ideal","country":""}
2026-02-21T18:44:45+00:00 DEBUG Received invalid country code when getting provider links. Ignoring it. CONTEXT: {"gateway":"woocommerce_payments_au_becs_debit","country":""}
2026-02-21T18:44:45+00:00 DEBUG Received invalid country code when getting provider links. Ignoring it. CONTEXT: {"gateway":"woocommerce_payments_eps","country":""}
2026-02-21T18:44:45+00:00 DEBUG Received invalid country code when getting provider links. Ignoring it. CONTEXT: {"gateway":"woocommerce_payments_affirm","country":""}
2026-02-21T18:44:45+00:00 DEBUG Received invalid country code when getting provider links. Ignoring it. CONTEXT: {"gateway":"woocommerce_payments_afterpay_clearpay","country":""}
2026-02-21T18:44:45+00:00 DEBUG Received invalid country code when getting provider links. Ignoring it. CONTEXT: {"gateway":"woocommerce_payments_klarna","country":""}
2026-02-21T18:44:45+00:00 DEBUG Received invalid country code when getting provider links. Ignoring it. CONTEXT: {"gateway":"woocommerce_payments_multibanco","country":""}
2026-02-21T18:44:45+00:00 DEBUG Received invalid country code when getting provider links. Ignoring it. CONTEXT: {"gateway":"woocommerce_payments_grabpay","country":""}
2026-02-21T18:44:45+00:00 DEBUG Received invalid country code when getting provider links. Ignoring it. CONTEXT: {"gateway":"woocommerce_payments_alipay","country":""}
2026-02-21T18:44:45+00:00 DEBUG Received invalid country code when getting provider links. Ignoring it. CONTEXT: {"gateway":"woocommerce_payments_wechat_pay","country":""}
2026-02-21T18:44:45+00:00 DEBUG Received invalid country code when getting provider links. Ignoring it. CONTEXT: {"gateway":"bacs","country":""}
2026-02-21T18:44:45+00:00 DEBUG Received invalid country code when getting provider links. Ignoring it. CONTEXT: {"gateway":"cheque","country":""}
2026-02-21T18:44:45+00:00 DEBUG Received invalid country code when getting provider links. Ignoring it. CONTEXT: {"gateway":"cod","country":""}
2026-02-21T18:44:45+00:00 DEBUG Received invalid country code when getting provider links. Ignoring it. CONTEXT: {"gateway":"ppcp-gateway","country":""}
2026-02-21T18:44:45+00:00 DEBUG Received invalid country code when getting provider links. Ignoring it. CONTEXT: {"gateway":"woocommerce_payments_bancontact","country":""}
2026-02-21T18:44:45+00:00 DEBUG Received invalid country code when getting provider links. Ignoring it. CONTEXT: {"gateway":"woocommerce_payments_sepa_debit","country":""}
2026-02-21T18:44:45+00:00 DEBUG Received invalid country code when getting provider links. Ignoring it. CONTEXT: {"gateway":"woocommerce_payments_giropay","country":""}
2026-02-21T18:44:45+00:00 DEBUG Received invalid country code when getting provider links. Ignoring it. CONTEXT: {"gateway":"woocommerce_payments_sofort","country":""}
2026-02-21T18:44:45+00:00 DEBUG Received invalid country code when getting provider links. Ignoring it. CONTEXT: {"gateway":"woocommerce_payments_p24","country":""}
2026-02-21T18:44:45+00:00 DEBUG Received invalid country code when getting provider links. Ignoring it. CONTEXT: {"gateway":"woocommerce_payments_ideal","country":""}
2026-02-21T18:44:45+00:00 DEBUG Received invalid country code when getting provider links. Ignoring it. CONTEXT: {"gateway":"woocommerce_payments_au_becs_debit","country":""}
2026-02-21T18:44:45+00:00 DEBUG Received invalid country code when getting provider links. Ignoring it. CONTEXT: {"gateway":"woocommerce_payments_eps","country":""}
2026-02-21T18:44:45+00:00 DEBUG Received invalid country code when getting provider links. Ignoring it. CONTEXT: {"gateway":"woocommerce_payments_affirm","country":""}
2026-02-21T18:44:45+00:00 DEBUG Received invalid country code when getting provider links. Ignoring it. CONTEXT: {"gateway":"woocommerce_payments_afterpay_clearpay","country":""}
2026-02-21T18:44:45+00:00 DEBUG Received invalid country code when getting provider links. Ignoring it. CONTEXT: {"gateway":"woocommerce_payments_klarna","country":""}
2026-02-21T18:44:45+00:00 DEBUG Received invalid country code when getting provider links. Ignoring it. CONTEXT: {"gateway":"woocommerce_payments_multibanco","country":""}
2026-02-21T18:44:45+00:00 DEBUG Received invalid country code when getting provider links. Ignoring it. CONTEXT: {"gateway":"woocommerce_payments_grabpay","country":""}
2026-02-21T18:44:45+00:00 DEBUG Received invalid country code when getting provider links. Ignoring it. CONTEXT: {"gateway":"woocommerce_payments_alipay","country":""}
2026-02-21T18:44:45+00:00 DEBUG Received invalid country code when getting provider links. Ignoring it. CONTEXT: {"gateway":"woocommerce_payments_wechat_pay","country":""}
2026-02-21T18:44:45+00:00 DEBUG Received invalid country code when getting provider links. Ignoring it. CONTEXT: {"gateway":"woocommerce_payments","country":""}
2026-02-21T18:44:45+00:00 DEBUG Received invalid country code when getting provider links. Ignoring it. CONTEXT: {"gateway":"woocommerce_payments_bancontact","country":""}
2026-02-21T18:44:45+00:00 DEBUG Received invalid country code when getting provider links. Ignoring it. CONTEXT: {"gateway":"woocommerce_payments_sepa_debit","country":""}
2026-02-21T18:44:45+00:00 DEBUG Received invalid country code when getting provider links. Ignoring it. CONTEXT: {"gateway":"woocommerce_payments_giropay","country":""}
2026-02-21T18:44:45+00:00 DEBUG Received invalid country code when getting provider links. Ignoring it. CONTEXT: {"gateway":"woocommerce_payments_sofort","country":""}
2026-02-21T18:44:45+00:00 DEBUG Received invalid country code when getting provider links. Ignoring it. CONTEXT: {"gateway":"woocommerce_payments_p24","country":""}
2026-02-21T18:44:45+00:00 DEBUG Received invalid country code when getting provider links. Ignoring it. CONTEXT: {"gateway":"woocommerce_payments_ideal","country":""}
2026-02-21T18:44:45+00:00 DEBUG Received invalid country code when getting provider links. Ignoring it. CONTEXT: {"gateway":"woocommerce_payments_au_becs_debit","country":""}
2026-02-21T18:44:45+00:00 DEBUG Received invalid country code when getting provider links. Ignoring it. CONTEXT: {"gateway":"woocommerce_payments_eps","country":""}
2026-02-21T18:44:45+00:00 DEBUG Received invalid country code when getting provider links. Ignoring it. CONTEXT: {"gateway":"woocommerce_payments_affirm","country":""}
2026-02-21T18:44:45+00:00 DEBUG Received invalid country code when getting provider links. Ignoring it. CONTEXT: {"gateway":"woocommerce_payments_afterpay_clearpay","country":""}
2026-02-21T18:44:45+00:00 DEBUG Received invalid country code when getting provider links. Ignoring it. CONTEXT: {"gateway":"woocommerce_payments_klarna","country":""}
2026-02-21T18:44:45+00:00 DEBUG Received invalid country code when getting provider links. Ignoring it. CONTEXT: {"gateway":"woocommerce_payments_multibanco","country":""}
2026-02-21T18:44:45+00:00 DEBUG Received invalid country code when getting provider links. Ignoring it. CONTEXT: {"gateway":"woocommerce_payments_grabpay","country":""}
2026-02-21T18:44:45+00:00 DEBUG Received invalid country code when getting provider links. Ignoring it. CONTEXT: {"gateway":"woocommerce_payments_alipay","country":""}
2026-02-21T18:44:45+00:00 DEBUG Received invalid country code when getting provider links. Ignoring it. CONTEXT: {"gateway":"woocommerce_payments_wechat_pay","country":""}
2026-02-21T18:44:45+00:00 DEBUG Received invalid country code when getting provider links. Ignoring it. CONTEXT: {"gateway":"bacs","country":""}
2026-02-21T18:44:45+00:00 DEBUG Received invalid country code when getting provider links. Ignoring it. CONTEXT: {"gateway":"cheque","country":""}
2026-02-21T18:44:45+00:00 DEBUG Received invalid country code when getting provider links. Ignoring it. CONTEXT: {"gateway":"cod","country":""}
2026-02-21T18:44:45+00:00 DEBUG Received invalid country code when getting provider links. Ignoring it. CONTEXT: {"gateway":"ppcp-gateway","country":""}
2026-02-21T18:44:45+00:00 DEBUG Received invalid country code when getting provider links. Ignoring it. CONTEXT: {"gateway":"woocommerce_payments_bancontact","country":""}
2026-02-21T18:44:45+00:00 DEBUG Received invalid country code when getting provider links. Ignoring it. CONTEXT: {"gateway":"woocommerce_payments_sepa_debit","country":""}
2026-02-21T18:44:45+00:00 DEBUG Received invalid country code when getting provider links. Ignoring it. CONTEXT: {"gateway":"woocommerce_payments_giropay","country":""}
2026-02-21T18:44:45+00:00 DEBUG Received invalid country code when getting provider links. Ignoring it. CONTEXT: {"gateway":"woocommerce_payments_sofort","country":""}
2026-02-21T18:44:45+00:00 DEBUG Received invalid country code when getting provider links. Ignoring it. CONTEXT: {"gateway":"woocommerce_payments_p24","country":""}
2026-02-21T18:44:45+00:00 DEBUG Received invalid country code when getting provider links. Ignoring it. CONTEXT: {"gateway":"woocommerce_payments_ideal","country":""}
2026-02-21T18:44:45+00:00 DEBUG Received invalid country code when getting provider links. Ignoring it. CONTEXT: {"gateway":"woocommerce_payments_au_becs_debit","country":""}
2026-02-21T18:44:45+00:00 DEBUG Received invalid country code when getting provider links. Ignoring it. CONTEXT: {"gateway":"woocommerce_payments_eps","country":""}
2026-02-21T18:44:45+00:00 DEBUG Received invalid country code when getting provider links. Ignoring it. CONTEXT: {"gateway":"woocommerce_payments_affirm","country":""}
2026-02-21T18:44:45+00:00 DEBUG Received invalid country code when getting provider links. Ignoring it. CONTEXT: {"gateway":"woocommerce_payments_afterpay_clearpay","country":""}
2026-02-21T18:44:45+00:00 DEBUG Received invalid country code when getting provider links. Ignoring it. CONTEXT: {"gateway":"woocommerce_payments_klarna","country":""}
2026-02-21T18:44:45+00:00 DEBUG Received invalid country code when getting provider links. Ignoring it. CONTEXT: {"gateway":"woocommerce_payments_multibanco","country":""}
2026-02-21T18:44:45+00:00 DEBUG Received invalid country code when getting provider links. Ignoring it. CONTEXT: {"gateway":"woocommerce_payments_grabpay","country":""}
2026-02-21T18:44:45+00:00 DEBUG Received invalid country code when getting provider links. Ignoring it. CONTEXT: {"gateway":"woocommerce_payments_alipay","country":""}
2026-02-21T18:44:45+00:00 DEBUG Received invalid country code when getting provider links. Ignoring it. CONTEXT: {"gateway":"woocommerce_payments_wechat_pay","country":""}
2026-02-21T18:44:45+00:00 DEBUG Received invalid country code when getting provider links. Ignoring it. CONTEXT: {"gateway":"woocommerce_payments","country":""}
2026-02-21T18:44:45+00:00 DEBUG Received invalid country code when getting provider links. Ignoring it. CONTEXT: {"gateway":"woocommerce_payments_bancontact","country":""}
2026-02-21T18:44:45+00:00 DEBUG Received invalid country code when getting provider links. Ignoring it. CONTEXT: {"gateway":"woocommerce_payments_sepa_debit","country":""}
2026-02-21T18:44:45+00:00 DEBUG Received invalid country code when getting provider links. Ignoring it. CONTEXT: {"gateway":"woocommerce_payments_giropay","country":""}
2026-02-21T18:44:45+00:00 DEBUG Received invalid country code when getting provider links. Ignoring it. CONTEXT: {"gateway":"woocommerce_payments_sofort","country":""}
2026-02-21T18:44:45+00:00 DEBUG Received invalid country code when getting provider links. Ignoring it. CONTEXT: {"gateway":"woocommerce_payments_p24","country":""}
2026-02-21T18:44:45+00:00 DEBUG Received invalid country code when getting provider links. Ignoring it. CONTEXT: {"gateway":"woocommerce_payments_ideal","country":""}
2026-02-21T18:44:45+00:00 DEBUG Received invalid country code when getting provider links. Ignoring it. CONTEXT: {"gateway":"woocommerce_payments_au_becs_debit","country":""}
2026-02-21T18:44:45+00:00 DEBUG Received invalid country code when getting provider links. Ignoring it. CONTEXT: {"gateway":"woocommerce_payments_eps","country":""}
2026-02-21T18:44:45+00:00 DEBUG Received invalid country code when getting provider links. Ignoring it. CONTEXT: {"gateway":"woocommerce_payments_affirm","country":""}
2026-02-21T18:44:45+00:00 DEBUG Received invalid country code when getting provider links. Ignoring it. CONTEXT: {"gateway":"woocommerce_payments_afterpay_clearpay","country":""}
2026-02-21T18:44:45+00:00 DEBUG Received invalid country code when getting provider links. Ignoring it. CONTEXT: {"gateway":"woocommerce_payments_klarna","country":""}
2026-02-21T18:44:45+00:00 DEBUG Received invalid country code when getting provider links. Ignoring it. CONTEXT: {"gateway":"woocommerce_payments_multibanco","country":""}
2026-02-21T18:44:45+00:00 DEBUG Received invalid country code when getting provider links. Ignoring it. CONTEXT: {"gateway":"woocommerce_payments_grabpay","country":""}
2026-02-21T18:44:45+00:00 DEBUG Received invalid country code when getting provider links. Ignoring it. CONTEXT: {"gateway":"woocommerce_payments_alipay","country":""}
2026-02-21T18:44:45+00:00 DEBUG Received invalid country code when getting provider links. Ignoring it. CONTEXT: {"gateway":"woocommerce_payments_wechat_pay","country":""}
2026-02-21T18:44:45+00:00 DEBUG Received invalid country code when getting provider links. Ignoring it. CONTEXT: {"gateway":"bacs","country":""}
2026-02-21T18:44:45+00:00 DEBUG Received invalid country code when getting provider links. Ignoring it. CONTEXT: {"gateway":"cheque","country":""}
2026-02-21T18:44:45+00:00 DEBUG Received invalid country code when getting provider links. Ignoring it. CONTEXT: {"gateway":"cod","country":""}
2026-02-21T18:44:45+00:00 DEBUG Received invalid country code when getting provider links. Ignoring it. CONTEXT: {"gateway":"ppcp-gateway","country":""}
2026-02-21T18:44:45+00:00 DEBUG Received invalid country code when getting provider links. Ignoring it. CONTEXT: {"gateway":"woocommerce_payments_bancontact","country":""}
2026-02-21T18:44:45+00:00 DEBUG Received invalid country code when getting provider links. Ignoring it. CONTEXT: {"gateway":"woocommerce_payments_sepa_debit","country":""}
2026-02-21T18:44:45+00:00 DEBUG Received invalid country code when getting provider links. Ignoring it. CONTEXT: {"gateway":"woocommerce_payments_giropay","country":""}
2026-02-21T18:44:45+00:00 DEBUG Received invalid country code when getting provider links. Ignoring it. CONTEXT: {"gateway":"woocommerce_payments_sofort","country":""}
2026-02-21T18:44:45+00:00 DEBUG Received invalid country code when getting provider links. Ignoring it. CONTEXT: {"gateway":"woocommerce_payments_p24","country":""}
2026-02-21T18:44:45+00:00 DEBUG Received invalid country code when getting provider links. Ignoring it. CONTEXT: {"gateway":"woocommerce_payments_ideal","country":""}
2026-02-21T18:44:45+00:00 DEBUG Received invalid country code when getting provider links. Ignoring it. CONTEXT: {"gateway":"woocommerce_payments_au_becs_debit","country":""}
2026-02-21T18:44:45+00:00 DEBUG Received invalid country code when getting provider links. Ignoring it. CONTEXT: {"gateway":"woocommerce_payments_eps","country":""}
2026-02-21T18:44:45+00:00 DEBUG Received invalid country code when getting provider links. Ignoring it. CONTEXT: {"gateway":"woocommerce_payments_affirm","country":""}
2026-02-21T18:44:45+00:00 DEBUG Received invalid country code when getting provider links. Ignoring it. CONTEXT: {"gateway":"woocommerce_payments_afterpay_clearpay","country":""}
2026-02-21T18:44:45+00:00 DEBUG Received invalid country code when getting provider links. Ignoring it. CONTEXT: {"gateway":"woocommerce_payments_klarna","country":""}
2026-02-21T18:44:45+00:00 DEBUG Received invalid country code when getting provider links. Ignoring it. CONTEXT: {"gateway":"woocommerce_payments_multibanco","country":""}
2026-02-21T18:44:45+00:00 DEBUG Received invalid country code when getting provider links. Ignoring it. CONTEXT: {"gateway":"woocommerce_payments_grabpay","country":""}
2026-02-21T18:44:45+00:00 DEBUG Received invalid country code when getting provider links. Ignoring it. CONTEXT: {"gateway":"woocommerce_payments_alipay","country":""}
2026-02-21T18:44:45+00:00 DEBUG Received invalid country code when getting provider links. Ignoring it. CONTEXT: {"gateway":"woocommerce_payments_wechat_pay","country":""}
2026-02-21T18:44:45+00:00 DEBUG Received invalid country code when getting provider links. Ignoring it. CONTEXT: {"gateway":"woocommerce_payments","country":""}
2026-02-21T18:44:45+00:00 DEBUG Received invalid country code when getting provider links. Ignoring it. CONTEXT: {"gateway":"woocommerce_payments_bancontact","country":""}
2026-02-21T18:44:45+00:00 DEBUG Received invalid country code when getting provider links. Ignoring it. CONTEXT: {"gateway":"woocommerce_payments_sepa_debit","country":""}
2026-02-21T18:44:45+00:00 DEBUG Received invalid country code when getting provider links. Ignoring it. CONTEXT: {"gateway":"woocommerce_payments_giropay","country":""}
2026-02-21T18:44:45+00:00 DEBUG Received invalid country code when getting provider links. Ignoring it. CONTEXT: {"gateway":"woocommerce_payments_sofort","country":""}
2026-02-21T18:44:45+00:00 DEBUG Received invalid country code when getting provider links. Ignoring it. CONTEXT: {"gateway":"woocommerce_payments_p24","country":""}
2026-02-21T18:44:45+00:00 DEBUG Received invalid country code when getting provider links. Ignoring it. CONTEXT: {"gateway":"woocommerce_payments_ideal","country":""}
2026-02-21T18:44:45+00:00 DEBUG Received invalid country code when getting provider links. Ignoring it. CONTEXT: {"gateway":"woocommerce_payments_au_becs_debit","country":""}
2026-02-21T18:44:45+00:00 DEBUG Received invalid country code when getting provider links. Ignoring it. CONTEXT: {"gateway":"woocommerce_payments_eps","country":""}
2026-02-21T18:44:45+00:00 DEBUG Received invalid country code when getting provider links. Ignoring it. CONTEXT: {"gateway":"woocommerce_payments_affirm","country":""}
2026-02-21T18:44:45+00:00 DEBUG Received invalid country code when getting provider links. Ignoring it. CONTEXT: {"gateway":"woocommerce_payments_afterpay_clearpay","country":""}
2026-02-21T18:44:45+00:00 DEBUG Received invalid country code when getting provider links. Ignoring it. CONTEXT: {"gateway":"woocommerce_payments_klarna","country":""}
2026-02-21T18:44:45+00:00 DEBUG Received invalid country code when getting provider links. Ignoring it. CONTEXT: {"gateway":"woocommerce_payments_multibanco","country":""}
2026-02-21T18:44:45+00:00 DEBUG Received invalid country code when getting provider links. Ignoring it. CONTEXT: {"gateway":"woocommerce_payments_grabpay","country":""}
2026-02-21T18:44:45+00:00 DEBUG Received invalid country code when getting provider links. Ignoring it. CONTEXT: {"gateway":"woocommerce_payments_alipay","country":""}
2026-02-21T18:44:45+00:00 DEBUG Received invalid country code when getting provider links. Ignoring it. CONTEXT: {"gateway":"woocommerce_payments_wechat_pay","country":""}
2026-02-21T18:44:45+00:00 DEBUG Received invalid country code when getting provider links. Ignoring it. CONTEXT: {"gateway":"bacs","country":""}
2026-02-21T18:44:45+00:00 DEBUG Received invalid country code when getting provider links. Ignoring it. CONTEXT: {"gateway":"cheque","country":""}
2026-02-21T18:44:45+00:00 DEBUG Received invalid country code when getting provider links. Ignoring it. CONTEXT: {"gateway":"cod","country":""}
2026-02-21T18:44:45+00:00 DEBUG Received invalid country code when getting provider links. Ignoring it. CONTEXT: {"gateway":"ppcp-gateway","country":""}
2026-02-21T18:44:45+00:00 DEBUG Received invalid country code when getting provider links. Ignoring it. CONTEXT: {"gateway":"woocommerce_payments_bancontact","country":""}
2026-02-21T18:44:45+00:00 DEBUG Received invalid country code when getting provider links. Ignoring it. CONTEXT: {"gateway":"woocommerce_payments_sepa_debit","country":""}
2026-02-21T18:44:45+00:00 DEBUG Received invalid country code when getting provider links. Ignoring it. CONTEXT: {"gateway":"woocommerce_payments_giropay","country":""}
2026-02-21T18:44:45+00:00 DEBUG Received invalid country code when getting provider links. Ignoring it. CONTEXT: {"gateway":"woocommerce_payments_sofort","country":""}
2026-02-21T18:44:45+00:00 DEBUG Received invalid country code when getting provider links. Ignoring it. CONTEXT: {"gateway":"woocommerce_payments_p24","country":""}
2026-02-21T18:44:45+00:00 DEBUG Received invalid country code when getting provider links. Ignoring it. CONTEXT: {"gateway":"woocommerce_payments_ideal","country":""}
2026-02-21T18:44:45+00:00 DEBUG Received invalid country code when getting provider links. Ignoring it. CONTEXT: {"gateway":"woocommerce_payments_au_becs_debit","country":""}
2026-02-21T18:44:45+00:00 DEBUG Received invalid country code when getting provider links. Ignoring it. CONTEXT: {"gateway":"woocommerce_payments_eps","country":""}
2026-02-21T18:44:45+00:00 DEBUG Received invalid country code when getting provider links. Ignoring it. CONTEXT: {"gateway":"woocommerce_payments_affirm","country":""}
2026-02-21T18:44:45+00:00 DEBUG Received invalid country code when getting provider links. Ignoring it. CONTEXT: {"gateway":"woocommerce_payments_afterpay_clearpay","country":""}
2026-02-21T18:44:45+00:00 DEBUG Received invalid country code when getting provider links. Ignoring it. CONTEXT: {"gateway":"woocommerce_payments_klarna","country":""}
2026-02-21T18:44:45+00:00 DEBUG Received invalid country code when getting provider links. Ignoring it. CONTEXT: {"gateway":"woocommerce_payments_multibanco","country":""}
2026-02-21T18:44:45+00:00 DEBUG Received invalid country code when getting provider links. Ignoring it. CONTEXT: {"gateway":"woocommerce_payments_grabpay","country":""}
2026-02-21T18:44:45+00:00 DEBUG Received invalid country code when getting provider links. Ignoring it. CONTEXT: {"gateway":"woocommerce_payments_alipay","country":""}
2026-02-21T18:44:45+00:00 DEBUG Received invalid country code when getting provider links. Ignoring it. CONTEXT: {"gateway":"woocommerce_payments_wechat_pay","country":""}
2026-02-21T18:44:45+00:00 DEBUG Received invalid country code when getting provider links. Ignoring it. CONTEXT: {"gateway":"woocommerce_payments","country":""}
2026-02-21T18:44:45+00:00 DEBUG Received invalid country code when getting provider links. Ignoring it. CONTEXT: {"gateway":"woocommerce_payments_bancontact","country":""}
2026-02-21T18:44:45+00:00 DEBUG Received invalid country code when getting provider links. Ignoring it. CONTEXT: {"gateway":"woocommerce_payments_sepa_debit","country":""}
2026-02-21T18:44:45+00:00 DEBUG Received invalid country code when getting provider links. Ignoring it. CONTEXT: {"gateway":"woocommerce_payments_giropay","country":""}
2026-02-21T18:44:45+00:00 DEBUG Received invalid country code when getting provider links. Ignoring it. CONTEXT: {"gateway":"woocommerce_payments_sofort","country":""}
2026-02-21T18:44:45+00:00 DEBUG Received invalid country code when getting provider links. Ignoring it. CONTEXT: {"gateway":"woocommerce_payments_p24","country":""}
2026-02-21T18:44:45+00:00 DEBUG Received invalid country code when getting provider links. Ignoring it. CONTEXT: {"gateway":"woocommerce_payments_ideal","country":""}
2026-02-21T18:44:45+00:00 DEBUG Received invalid country code when getting provider links. Ignoring it. CONTEXT: {"gateway":"woocommerce_payments_au_becs_debit","country":""}
2026-02-21T18:44:45+00:00 DEBUG Received invalid country code when getting provider links. Ignoring it. CONTEXT: {"gateway":"woocommerce_payments_eps","country":""}
2026-02-21T18:44:45+00:00 DEBUG Received invalid country code when getting provider links. Ignoring it. CONTEXT: {"gateway":"woocommerce_payments_affirm","country":""}
2026-02-21T18:44:45+00:00 DEBUG Received invalid country code when getting provider links. Ignoring it. CONTEXT: {"gateway":"woocommerce_payments_afterpay_clearpay","country":""}
2026-02-21T18:44:45+00:00 DEBUG Received invalid country code when getting provider links. Ignoring it. CONTEXT: {"gateway":"woocommerce_payments_klarna","country":""}
2026-02-21T18:44:45+00:00 DEBUG Received invalid country code when getting provider links. Ignoring it. CONTEXT: {"gateway":"woocommerce_payments_multibanco","country":""}
2026-02-21T18:44:45+00:00 DEBUG Received invalid country code when getting provider links. Ignoring it. CONTEXT: {"gateway":"woocommerce_payments_grabpay","country":""}
2026-02-21T18:44:45+00:00 DEBUG Received invalid country code when getting provider links. Ignoring it. CONTEXT: {"gateway":"woocommerce_payments_alipay","country":""}
2026-02-21T18:44:45+00:00 DEBUG Received invalid country code when getting provider links. Ignoring it. CONTEXT: {"gateway":"woocommerce_payments_wechat_pay","country":""}
2026-02-21T18:44:45+00:00 DEBUG Received invalid country code when getting provider links. Ignoring it. CONTEXT: {"gateway":"bacs","country":""}
2026-02-21T18:44:45+00:00 DEBUG Received invalid country code when getting provider links. Ignoring it. CONTEXT: {"gateway":"cheque","country":""}
2026-02-21T18:44:45+00:00 DEBUG Received invalid country code when getting provider links. Ignoring it. CONTEXT: {"gateway":"cod","country":""}
2026-02-21T18:44:45+00:00 DEBUG Received invalid country code when getting provider links. Ignoring it. CONTEXT: {"gateway":"ppcp-gateway","country":""}
2026-02-21T18:44:45+00:00 DEBUG Received invalid country code when getting provider links. Ignoring it. CONTEXT: {"gateway":"woocommerce_payments_bancontact","country":""}
2026-02-21T18:44:45+00:00 DEBUG Received invalid country code when getting provider links. Ignoring it. CONTEXT: {"gateway":"woocommerce_payments_sepa_debit","country":""}
2026-02-21T18:44:45+00:00 DEBUG Received invalid country code when getting provider links. Ignoring it. CONTEXT: {"gateway":"woocommerce_payments_giropay","country":""}
2026-02-21T18:44:45+00:00 DEBUG Received invalid country code when getting provider links. Ignoring it. CONTEXT: {"gateway":"woocommerce_payments_sofort","country":""}
2026-02-21T18:44:45+00:00 DEBUG Received invalid country code when getting provider links. Ignoring it. CONTEXT: {"gateway":"woocommerce_payments_p24","country":""}
2026-02-21T18:44:45+00:00 DEBUG Received invalid country code when getting provider links. Ignoring it. CONTEXT: {"gateway":"woocommerce_payments_ideal","country":""}
2026-02-21T18:44:45+00:00 DEBUG Received invalid country code when getting provider links. Ignoring it. CONTEXT: {"gateway":"woocommerce_payments_au_becs_debit","country":""}
2026-02-21T18:44:45+00:00 DEBUG Received invalid country code when getting provider links. Ignoring it. CONTEXT: {"gateway":"woocommerce_payments_eps","country":""}
2026-02-21T18:44:45+00:00 DEBUG Received invalid country code when getting provider links. Ignoring it. CONTEXT: {"gateway":"woocommerce_payments_affirm","country":""}
2026-02-21T18:44:45+00:00 DEBUG Received invalid country code when getting provider links. Ignoring it. CONTEXT: {"gateway":"woocommerce_payments_afterpay_clearpay","country":""}
2026-02-21T18:44:45+00:00 DEBUG Received invalid country code when getting provider links. Ignoring it. CONTEXT: {"gateway":"woocommerce_payments_klarna","country":""}
2026-02-21T18:44:45+00:00 DEBUG Received invalid country code when getting provider links. Ignoring it. CONTEXT: {"gateway":"woocommerce_payments_multibanco","country":""}
2026-02-21T18:44:45+00:00 DEBUG Received invalid country code when getting provider links. Ignoring it. CONTEXT: {"gateway":"woocommerce_payments_grabpay","country":""}
2026-02-21T18:44:45+00:00 DEBUG Received invalid country code when getting provider links. Ignoring it. CONTEXT: {"gateway":"woocommerce_payments_alipay","country":""}
2026-02-21T18:44:45+00:00 DEBUG Received invalid country code when getting provider links. Ignoring it. CONTEXT: {"gateway":"woocommerce_payments_wechat_pay","country":""}
2026-02-21T18:44:45+00:00 DEBUG Received invalid country code when getting provider links. Ignoring it. CONTEXT: {"gateway":"woocommerce_payments","country":""}
2026-02-21T18:44:45+00:00 DEBUG Received invalid country code when getting provider links. Ignoring it. CONTEXT: {"gateway":"woocommerce_payments_bancontact","country":""}
2026-02-21T18:44:45+00:00 DEBUG Received invalid country code when getting provider links. Ignoring it. CONTEXT: {"gateway":"woocommerce_payments_sepa_debit","country":""}
2026-02-21T18:44:45+00:00 DEBUG Received invalid country code when getting provider links. Ignoring it. CONTEXT: {"gateway":"woocommerce_payments_giropay","country":""}
2026-02-21T18:44:45+00:00 DEBUG Received invalid country code when getting provider links. Ignoring it. CONTEXT: {"gateway":"woocommerce_payments_sofort","country":""}
2026-02-21T18:44:45+00:00 DEBUG Received invalid country code when getting provider links. Ignoring it. CONTEXT: {"gateway":"woocommerce_payments_p24","country":""}
2026-02-21T18:44:45+00:00 DEBUG Received invalid country code when getting provider links. Ignoring it. CONTEXT: {"gateway":"woocommerce_payments_ideal","country":""}
2026-02-21T18:44:45+00:00 DEBUG Received invalid country code when getting provider links. Ignoring it. CONTEXT: {"gateway":"woocommerce_payments_au_becs_debit","country":""}
2026-02-21T18:44:45+00:00 DEBUG Received invalid country code when getting provider links. Ignoring it. CONTEXT: {"gateway":"woocommerce_payments_eps","country":""}
2026-02-21T18:44:45+00:00 DEBUG Received invalid country code when getting provider links. Ignoring it. CONTEXT: {"gateway":"woocommerce_payments_affirm","country":""}
2026-02-21T18:44:45+00:00 DEBUG Received invalid country code when getting provider links. Ignoring it. CONTEXT: {"gateway":"woocommerce_payments_afterpay_clearpay","country":""}
2026-02-21T18:44:45+00:00 DEBUG Received invalid country code when getting provider links. Ignoring it. CONTEXT: {"gateway":"woocommerce_payments_klarna","country":""}
2026-02-21T18:44:45+00:00 DEBUG Received invalid country code when getting provider links. Ignoring it. CONTEXT: {"gateway":"woocommerce_payments_multibanco","country":""}
2026-02-21T18:44:45+00:00 DEBUG Received invalid country code when getting provider links. Ignoring it. CONTEXT: {"gateway":"woocommerce_payments_grabpay","country":""}
2026-02-21T18:44:45+00:00 DEBUG Received invalid country code when getting provider links. Ignoring it. CONTEXT: {"gateway":"woocommerce_payments_alipay","country":""}
2026-02-21T18:44:45+00:00 DEBUG Received invalid country code when getting provider links. Ignoring it. CONTEXT: {"gateway":"woocommerce_payments_wechat_pay","country":""}
2026-02-21T18:44:45+00:00 DEBUG Received invalid country code when getting provider links. Ignoring it. CONTEXT: {"gateway":"bacs","country":""}
2026-02-21T18:44:45+00:00 DEBUG Received invalid country code when getting provider links. Ignoring it. CONTEXT: {"gateway":"cheque","country":""}
2026-02-21T18:44:45+00:00 DEBUG Received invalid country code when getting provider links. Ignoring it. CONTEXT: {"gateway":"cod","country":""}
2026-02-21T18:44:45+00:00 DEBUG Received invalid country code when getting provider links. Ignoring it. CONTEXT: {"gateway":"ppcp-gateway","country":""}
2026-02-21T18:44:45+00:00 DEBUG Received invalid country code when getting provider links. Ignoring it. CONTEXT: {"gateway":"woocommerce_payments_bancontact","country":""}
2026-02-21T18:44:45+00:00 DEBUG Received invalid country code when getting provider links. Ignoring it. CONTEXT: {"gateway":"woocommerce_payments_sepa_debit","country":""}
2026-02-21T18:44:45+00:00 DEBUG Received invalid country code when getting provider links. Ignoring it. CONTEXT: {"gateway":"woocommerce_payments_giropay","country":""}
2026-02-21T18:44:45+00:00 DEBUG Received invalid country code when getting provider links. Ignoring it. CONTEXT: {"gateway":"woocommerce_payments_sofort","country":""}
2026-02-21T18:44:45+00:00 DEBUG Received invalid country code when getting provider links. Ignoring it. CONTEXT: {"gateway":"woocommerce_payments_p24","country":""}
2026-02-21T18:44:45+00:00 DEBUG Received invalid country code when getting provider links. Ignoring it. CONTEXT: {"gateway":"woocommerce_payments_ideal","country":""}
2026-02-21T18:44:45+00:00 DEBUG Received invalid country code when getting provider links. Ignoring it. CONTEXT: {"gateway":"woocommerce_payments_au_becs_debit","country":""}
2026-02-21T18:44:45+00:00 DEBUG Received invalid country code when getting provider links. Ignoring it. CONTEXT: {"gateway":"woocommerce_payments_eps","country":""}
2026-02-21T18:44:45+00:00 DEBUG Received invalid country code when getting provider links. Ignoring it. CONTEXT: {"gateway":"woocommerce_payments_affirm","country":""}
2026-02-21T18:44:45+00:00 DEBUG Received invalid country code when getting provider links. Ignoring it. CONTEXT: {"gateway":"woocommerce_payments_afterpay_clearpay","country":""}
2026-02-21T18:44:45+00:00 DEBUG Received invalid country code when getting provider links. Ignoring it. CONTEXT: {"gateway":"woocommerce_payments_klarna","country":""}
2026-02-21T18:44:45+00:00 DEBUG Received invalid country code when getting provider links. Ignoring it. CONTEXT: {"gateway":"woocommerce_payments_multibanco","country":""}
2026-02-21T18:44:45+00:00 DEBUG Received invalid country code when getting provider links. Ignoring it. CONTEXT: {"gateway":"woocommerce_payments_grabpay","country":""}
2026-02-21T18:44:45+00:00 DEBUG Received invalid country code when getting provider links. Ignoring it. CONTEXT: {"gateway":"woocommerce_payments_alipay","country":""}
2026-02-21T18:44:45+00:00 DEBUG Received invalid country code when getting provider links. Ignoring it. CONTEXT: {"gateway":"woocommerce_payments_wechat_pay","country":""}
2026-02-21T18:44:45+00:00 DEBUG Received invalid country code when getting provider links. Ignoring it. CONTEXT: {"gateway":"woocommerce_payments","country":""}
2026-02-21T18:44:45+00:00 DEBUG Received invalid country code when getting provider links. Ignoring it. CONTEXT: {"gateway":"woocommerce_payments_bancontact","country":""}
2026-02-21T18:44:45+00:00 DEBUG Received invalid country code when getting provider links. Ignoring it. CONTEXT: {"gateway":"woocommerce_payments_sepa_debit","country":""}
2026-02-21T18:44:45+00:00 DEBUG Received invalid country code when getting provider links. Ignoring it. CONTEXT: {"gateway":"woocommerce_payments_giropay","country":""}
2026-02-21T18:44:45+00:00 DEBUG Received invalid country code when getting provider links. Ignoring it. CONTEXT: {"gateway":"woocommerce_payments_sofort","country":""}
2026-02-21T18:44:45+00:00 DEBUG Received invalid country code when getting provider links. Ignoring it. CONTEXT: {"gateway":"woocommerce_payments_p24","country":""}
2026-02-21T18:44:45+00:00 DEBUG Received invalid country code when getting provider links. Ignoring it. CONTEXT: {"gateway":"woocommerce_payments_ideal","country":""}
2026-02-21T18:44:45+00:00 DEBUG Received invalid country code when getting provider links. Ignoring it. CONTEXT: {"gateway":"woocommerce_payments_au_becs_debit","country":""}
2026-02-21T18:44:45+00:00 DEBUG Received invalid country code when getting provider links. Ignoring it. CONTEXT: {"gateway":"woocommerce_payments_eps","country":""}
2026-02-21T18:44:45+00:00 DEBUG Received invalid country code when getting provider links. Ignoring it. CONTEXT: {"gateway":"woocommerce_payments_affirm","country":""}
2026-02-21T18:44:45+00:00 DEBUG Received invalid country code when getting provider links. Ignoring it. CONTEXT: {"gateway":"woocommerce_payments_afterpay_clearpay","country":""}
2026-02-21T18:44:45+00:00 DEBUG Received invalid country code when getting provider links. Ignoring it. CONTEXT: {"gateway":"woocommerce_payments_klarna","country":""}
2026-02-21T18:44:45+00:00 DEBUG Received invalid country code when getting provider links. Ignoring it. CONTEXT: {"gateway":"woocommerce_payments_multibanco","country":""}
2026-02-21T18:44:45+00:00 DEBUG Received invalid country code when getting provider links. Ignoring it. CONTEXT: {"gateway":"woocommerce_payments_grabpay","country":""}
2026-02-21T18:44:45+00:00 DEBUG Received invalid country code when getting provider links. Ignoring it. CONTEXT: {"gateway":"woocommerce_payments_alipay","country":""}
2026-02-21T18:44:45+00:00 DEBUG Received invalid country code when getting provider links. Ignoring it. CONTEXT: {"gateway":"woocommerce_payments_wechat_pay","country":""}
2026-02-21T18:44:45+00:00 DEBUG Received invalid country code when getting provider links. Ignoring it. CONTEXT: {"gateway":"bacs","country":""}
2026-02-21T18:44:45+00:00 DEBUG Received invalid country code when getting provider links. Ignoring it. CONTEXT: {"gateway":"cheque","country":""}
2026-02-21T18:44:45+00:00 DEBUG Received invalid country code when getting provider links. Ignoring it. CONTEXT: {"gateway":"cod","country":""}
2026-02-21T18:44:45+00:00 DEBUG Received invalid country code when getting provider links. Ignoring it. CONTEXT: {"gateway":"ppcp-gateway","country":""}
2026-02-21T18:44:45+00:00 DEBUG Received invalid country code when getting provider links. Ignoring it. CONTEXT: {"gateway":"woocommerce_payments_bancontact","country":""}
2026-02-21T18:44:45+00:00 DEBUG Received invalid country code when getting provider links. Ignoring it. CONTEXT: {"gateway":"woocommerce_payments_sepa_debit","country":""}
2026-02-21T18:44:45+00:00 DEBUG Received invalid country code when getting provider links. Ignoring it. CONTEXT: {"gateway":"woocommerce_payments_giropay","country":""}
2026-02-21T18:44:45+00:00 DEBUG Received invalid country code when getting provider links. Ignoring it. CONTEXT: {"gateway":"woocommerce_payments_sofort","country":""}
2026-02-21T18:44:45+00:00 DEBUG Received invalid country code when getting provider links. Ignoring it. CONTEXT: {"gateway":"woocommerce_payments_p24","country":""}
2026-02-21T18:44:45+00:00 DEBUG Received invalid country code when getting provider links. Ignoring it. CONTEXT: {"gateway":"woocommerce_payments_ideal","country":""}
2026-02-21T18:44:45+00:00 DEBUG Received invalid country code when getting provider links. Ignoring it. CONTEXT: {"gateway":"woocommerce_payments_au_becs_debit","country":""}
2026-02-21T18:44:45+00:00 DEBUG Received invalid country code when getting provider links. Ignoring it. CONTEXT: {"gateway":"woocommerce_payments_eps","country":""}
2026-02-21T18:44:45+00:00 DEBUG Received invalid country code when getting provider links. Ignoring it. CONTEXT: {"gateway":"woocommerce_payments_affirm","country":""}
2026-02-21T18:44:45+00:00 DEBUG Received invalid country code when getting provider links. Ignoring it. CONTEXT: {"gateway":"woocommerce_payments_afterpay_clearpay","country":""}
2026-02-21T18:44:45+00:00 DEBUG Received invalid country code when getting provider links. Ignoring it. CONTEXT: {"gateway":"woocommerce_payments_klarna","country":""}
2026-02-21T18:44:45+00:00 DEBUG Received invalid country code when getting provider links. Ignoring it. CONTEXT: {"gateway":"woocommerce_payments_multibanco","country":""}
2026-02-21T18:44:45+00:00 DEBUG Received invalid country code when getting provider links. Ignoring it. CONTEXT: {"gateway":"woocommerce_payments_grabpay","country":""}
2026-02-21T18:44:45+00:00 DEBUG Received invalid country code when getting provider links. Ignoring it. CONTEXT: {"gateway":"woocommerce_payments_alipay","country":""}
2026-02-21T18:44:45+00:00 DEBUG Received invalid country code when getting provider links. Ignoring it. CONTEXT: {"gateway":"woocommerce_payments_wechat_pay","country":""}
2026-02-21T18:44:45+00:00 DEBUG Received invalid country code when getting provider links. Ignoring it. CONTEXT: {"gateway":"woocommerce_payments","country":""}
2026-02-21T18:44:45+00:00 DEBUG Received invalid country code when getting provider links. Ignoring it. CONTEXT: {"gateway":"woocommerce_payments_bancontact","country":""}
2026-02-21T18:44:45+00:00 DEBUG Received invalid country code when getting provider links. Ignoring it. CONTEXT: {"gateway":"woocommerce_payments_sepa_debit","country":""}
2026-02-21T18:44:45+00:00 DEBUG Received invalid country code when getting provider links. Ignoring it. CONTEXT: {"gateway":"woocommerce_payments_giropay","country":""}
2026-02-21T18:44:45+00:00 DEBUG Received invalid country code when getting provider links. Ignoring it. CONTEXT: {"gateway":"woocommerce_payments_sofort","country":""}
2026-02-21T18:44:45+00:00 DEBUG Received invalid country code when getting provider links. Ignoring it. CONTEXT: {"gateway":"woocommerce_payments_p24","country":""}
2026-02-21T18:44:45+00:00 DEBUG Received invalid country code when getting provider links. Ignoring it. CONTEXT: {"gateway":"woocommerce_payments_ideal","country":""}
2026-02-21T18:44:45+00:00 DEBUG Received invalid country code when getting provider links. Ignoring it. CONTEXT: {"gateway":"woocommerce_payments_au_becs_debit","country":""}
2026-02-21T18:44:45+00:00 DEBUG Received invalid country code when getting provider links. Ignoring it. CONTEXT: {"gateway":"woocommerce_payments_eps","country":""}
2026-02-21T18:44:45+00:00 DEBUG Received invalid country code when getting provider links. Ignoring it. CONTEXT: {"gateway":"woocommerce_payments_affirm","country":""}
2026-02-21T18:44:45+00:00 DEBUG Received invalid country code when getting provider links. Ignoring it. CONTEXT: {"gateway":"woocommerce_payments_afterpay_clearpay","country":""}
2026-02-21T18:44:45+00:00 DEBUG Received invalid country code when getting provider links. Ignoring it. CONTEXT: {"gateway":"woocommerce_payments_klarna","country":""}
2026-02-21T18:44:45+00:00 DEBUG Received invalid country code when getting provider links. Ignoring it. CONTEXT: {"gateway":"woocommerce_payments_multibanco","country":""}
2026-02-21T18:44:45+00:00 DEBUG Received invalid country code when getting provider links. Ignoring it. CONTEXT: {"gateway":"woocommerce_payments_grabpay","country":""}
2026-02-21T18:44:45+00:00 DEBUG Received invalid country code when getting provider links. Ignoring it. CONTEXT: {"gateway":"woocommerce_payments_alipay","country":""}
2026-02-21T18:44:45+00:00 DEBUG Received invalid country code when getting provider links. Ignoring it. CONTEXT: {"gateway":"woocommerce_payments_wechat_pay","country":""}
2026-02-21T18:44:45+00:00 DEBUG Received invalid country code when getting provider links. Ignoring it. CONTEXT: {"gateway":"bacs","country":""}
2026-02-21T18:44:45+00:00 DEBUG Received invalid country code when getting provider links. Ignoring it. CONTEXT: {"gateway":"cheque","country":""}
2026-02-21T18:44:45+00:00 DEBUG Received invalid country code when getting provider links. Ignoring it. CONTEXT: {"gateway":"cod","country":""}
2026-02-21T18:44:45+00:00 DEBUG Received invalid country code when getting provider links. Ignoring it. CONTEXT: {"gateway":"ppcp-gateway","country":""}
2026-02-21T18:44:45+00:00 DEBUG Received invalid country code when getting provider links. Ignoring it. CONTEXT: {"gateway":"woocommerce_payments_bancontact","country":""}
2026-02-21T18:44:45+00:00 DEBUG Received invalid country code when getting provider links. Ignoring it. CONTEXT: {"gateway":"woocommerce_payments_sepa_debit","country":""}
2026-02-21T18:44:45+00:00 DEBUG Received invalid country code when getting provider links. Ignoring it. CONTEXT: {"gateway":"woocommerce_payments_giropay","country":""}
2026-02-21T18:44:45+00:00 DEBUG Received invalid country code when getting provider links. Ignoring it. CONTEXT: {"gateway":"woocommerce_payments_sofort","country":""}
2026-02-21T18:44:45+00:00 DEBUG Received invalid country code when getting provider links. Ignoring it. CONTEXT: {"gateway":"woocommerce_payments_p24","country":""}
2026-02-21T18:44:45+00:00 DEBUG Received invalid country code when getting provider links. Ignoring it. CONTEXT: {"gateway":"woocommerce_payments_ideal","country":""}
2026-02-21T18:44:45+00:00 DEBUG Received invalid country code when getting provider links. Ignoring it. CONTEXT: {"gateway":"woocommerce_payments_au_becs_debit","country":""}
2026-02-21T18:44:45+00:00 DEBUG Received invalid country code when getting provider links. Ignoring it. CONTEXT: {"gateway":"woocommerce_payments_eps","country":""}
2026-02-21T18:44:45+00:00 DEBUG Received invalid country code when getting provider links. Ignoring it. CONTEXT: {"gateway":"woocommerce_payments_affirm","country":""}
2026-02-21T18:44:45+00:00 DEBUG Received invalid country code when getting provider links. Ignoring it. CONTEXT: {"gateway":"woocommerce_payments_afterpay_clearpay","country":""}
2026-02-21T18:44:45+00:00 DEBUG Received invalid country code when getting provider links. Ignoring it. CONTEXT: {"gateway":"woocommerce_payments_klarna","country":""}
2026-02-21T18:44:45+00:00 DEBUG Received invalid country code when getting provider links. Ignoring it. CONTEXT: {"gateway":"woocommerce_payments_multibanco","country":""}
2026-02-21T18:44:45+00:00 DEBUG Received invalid country code when getting provider links. Ignoring it. CONTEXT: {"gateway":"woocommerce_payments_grabpay","country":""}
2026-02-21T18:44:45+00:00 DEBUG Received invalid country code when getting provider links. Ignoring it. CONTEXT: {"gateway":"woocommerce_payments_alipay","country":""}
2026-02-21T18:44:45+00:00 DEBUG Received invalid country code when getting provider links. Ignoring it. CONTEXT: {"gateway":"woocommerce_payments_wechat_pay","country":""}
2026-02-21T18:48:06+00:00 DEBUG Received invalid country code when getting provider links. Ignoring it. CONTEXT: {"gateway":"woocommerce_payments","country":""}
2026-02-21T18:48:06+00:00 DEBUG Received invalid country code when getting provider links. Ignoring it. CONTEXT: {"gateway":"woocommerce_payments_bancontact","country":""}
2026-02-21T18:48:06+00:00 DEBUG Received invalid country code when getting provider links. Ignoring it. CONTEXT: {"gateway":"woocommerce_payments_sepa_debit","country":""}
2026-02-21T18:48:06+00:00 DEBUG Received invalid country code when getting provider links. Ignoring it. CONTEXT: {"gateway":"woocommerce_payments_giropay","country":""}
2026-02-21T18:48:06+00:00 DEBUG Received invalid country code when getting provider links. Ignoring it. CONTEXT: {"gateway":"woocommerce_payments_sofort","country":""}
2026-02-21T18:48:06+00:00 DEBUG Received invalid country code when getting provider links. Ignoring it. CONTEXT: {"gateway":"woocommerce_payments_p24","country":""}
2026-02-21T18:48:06+00:00 DEBUG Received invalid country code when getting provider links. Ignoring it. CONTEXT: {"gateway":"woocommerce_payments_ideal","country":""}
2026-02-21T18:48:06+00:00 DEBUG Received invalid country code when getting provider links. Ignoring it. CONTEXT: {"gateway":"woocommerce_payments_au_becs_debit","country":""}
2026-02-21T18:48:06+00:00 DEBUG Received invalid country code when getting provider links. Ignoring it. CONTEXT: {"gateway":"woocommerce_payments_eps","country":""}
2026-02-21T18:48:06+00:00 DEBUG Received invalid country code when getting provider links. Ignoring it. CONTEXT: {"gateway":"woocommerce_payments_affirm","country":""}
2026-02-21T18:48:06+00:00 DEBUG Received invalid country code when getting provider links. Ignoring it. CONTEXT: {"gateway":"woocommerce_payments_afterpay_clearpay","country":""}
2026-02-21T18:48:06+00:00 DEBUG Received invalid country code when getting provider links. Ignoring it. CONTEXT: {"gateway":"woocommerce_payments_klarna","country":""}
2026-02-21T18:48:06+00:00 DEBUG Received invalid country code when getting provider links. Ignoring it. CONTEXT: {"gateway":"woocommerce_payments_multibanco","country":""}
2026-02-21T18:48:06+00:00 DEBUG Received invalid country code when getting provider links. Ignoring it. CONTEXT: {"gateway":"woocommerce_payments_grabpay","country":""}
2026-02-21T18:48:06+00:00 DEBUG Received invalid country code when getting provider links. Ignoring it. CONTEXT: {"gateway":"woocommerce_payments_alipay","country":""}
2026-02-21T18:48:06+00:00 DEBUG Received invalid country code when getting provider links. Ignoring it. CONTEXT: {"gateway":"woocommerce_payments_wechat_pay","country":""}
2026-02-21T18:48:06+00:00 DEBUG Received invalid country code when getting provider links. Ignoring it. CONTEXT: {"gateway":"bacs","country":""}
2026-02-21T18:48:06+00:00 DEBUG Received invalid country code when getting provider links. Ignoring it. CONTEXT: {"gateway":"cheque","country":""}
2026-02-21T18:48:06+00:00 DEBUG Received invalid country code when getting provider links. Ignoring it. CONTEXT: {"gateway":"cod","country":""}
2026-02-21T18:48:06+00:00 DEBUG Received invalid country code when getting provider links. Ignoring it. CONTEXT: {"gateway":"ppcp-gateway","country":""}
2026-02-21T18:48:06+00:00 DEBUG Received invalid country code when getting provider links. Ignoring it. CONTEXT: {"gateway":"woocommerce_payments_bancontact","country":""}
2026-02-21T18:48:06+00:00 DEBUG Received invalid country code when getting provider links. Ignoring it. CONTEXT: {"gateway":"woocommerce_payments_sepa_debit","country":""}
2026-02-21T18:48:06+00:00 DEBUG Received invalid country code when getting provider links. Ignoring it. CONTEXT: {"gateway":"woocommerce_payments_giropay","country":""}
2026-02-21T18:48:06+00:00 DEBUG Received invalid country code when getting provider links. Ignoring it. CONTEXT: {"gateway":"woocommerce_payments_sofort","country":""}
2026-02-21T18:48:06+00:00 DEBUG Received invalid country code when getting provider links. Ignoring it. CONTEXT: {"gateway":"woocommerce_payments_p24","country":""}
2026-02-21T18:48:06+00:00 DEBUG Received invalid country code when getting provider links. Ignoring it. CONTEXT: {"gateway":"woocommerce_payments_ideal","country":""}
2026-02-21T18:48:06+00:00 DEBUG Received invalid country code when getting provider links. Ignoring it. CONTEXT: {"gateway":"woocommerce_payments_au_becs_debit","country":""}
2026-02-21T18:48:06+00:00 DEBUG Received invalid country code when getting provider links. Ignoring it. CONTEXT: {"gateway":"woocommerce_payments_eps","country":""}
2026-02-21T18:48:06+00:00 DEBUG Received invalid country code when getting provider links. Ignoring it. CONTEXT: {"gateway":"woocommerce_payments_affirm","country":""}
2026-02-21T18:48:06+00:00 DEBUG Received invalid country code when getting provider links. Ignoring it. CONTEXT: {"gateway":"woocommerce_payments_afterpay_clearpay","country":""}
2026-02-21T18:48:06+00:00 DEBUG Received invalid country code when getting provider links. Ignoring it. CONTEXT: {"gateway":"woocommerce_payments_klarna","country":""}
2026-02-21T18:48:06+00:00 DEBUG Received invalid country code when getting provider links. Ignoring it. CONTEXT: {"gateway":"woocommerce_payments_multibanco","country":""}
2026-02-21T18:48:06+00:00 DEBUG Received invalid country code when getting provider links. Ignoring it. CONTEXT: {"gateway":"woocommerce_payments_grabpay","country":""}
2026-02-21T18:48:06+00:00 DEBUG Received invalid country code when getting provider links. Ignoring it. CONTEXT: {"gateway":"woocommerce_payments_alipay","country":""}
2026-02-21T18:48:06+00:00 DEBUG Received invalid country code when getting provider links. Ignoring it. CONTEXT: {"gateway":"woocommerce_payments_wechat_pay","country":""}
2026-02-21T18:48:06+00:00 DEBUG Received invalid country code when getting provider links. Ignoring it. CONTEXT: {"gateway":"woocommerce_payments","country":""}
2026-02-21T18:48:06+00:00 DEBUG Received invalid country code when getting provider links. Ignoring it. CONTEXT: {"gateway":"woocommerce_payments_bancontact","country":""}
2026-02-21T18:48:06+00:00 DEBUG Received invalid country code when getting provider links. Ignoring it. CONTEXT: {"gateway":"woocommerce_payments_sepa_debit","country":""}
2026-02-21T18:48:06+00:00 DEBUG Received invalid country code when getting provider links. Ignoring it. CONTEXT: {"gateway":"woocommerce_payments_giropay","country":""}
2026-02-21T18:48:06+00:00 DEBUG Received invalid country code when getting provider links. Ignoring it. CONTEXT: {"gateway":"woocommerce_payments_sofort","country":""}
2026-02-21T18:48:06+00:00 DEBUG Received invalid country code when getting provider links. Ignoring it. CONTEXT: {"gateway":"woocommerce_payments_p24","country":""}
2026-02-21T18:48:06+00:00 DEBUG Received invalid country code when getting provider links. Ignoring it. CONTEXT: {"gateway":"woocommerce_payments_ideal","country":""}
2026-02-21T18:48:06+00:00 DEBUG Received invalid country code when getting provider links. Ignoring it. CONTEXT: {"gateway":"woocommerce_payments_au_becs_debit","country":""}
2026-02-21T18:48:06+00:00 DEBUG Received invalid country code when getting provider links. Ignoring it. CONTEXT: {"gateway":"woocommerce_payments_eps","country":""}
2026-02-21T18:48:06+00:00 DEBUG Received invalid country code when getting provider links. Ignoring it. CONTEXT: {"gateway":"woocommerce_payments_affirm","country":""}
2026-02-21T18:48:06+00:00 DEBUG Received invalid country code when getting provider links. Ignoring it. CONTEXT: {"gateway":"woocommerce_payments_afterpay_clearpay","country":""}
2026-02-21T18:48:06+00:00 DEBUG Received invalid country code when getting provider links. Ignoring it. CONTEXT: {"gateway":"woocommerce_payments_klarna","country":""}
2026-02-21T18:48:06+00:00 DEBUG Received invalid country code when getting provider links. Ignoring it. CONTEXT: {"gateway":"woocommerce_payments_multibanco","country":""}
2026-02-21T18:48:06+00:00 DEBUG Received invalid country code when getting provider links. Ignoring it. CONTEXT: {"gateway":"woocommerce_payments_grabpay","country":""}
2026-02-21T18:48:06+00:00 DEBUG Received invalid country code when getting provider links. Ignoring it. CONTEXT: {"gateway":"woocommerce_payments_alipay","country":""}
2026-02-21T18:48:06+00:00 DEBUG Received invalid country code when getting provider links. Ignoring it. CONTEXT: {"gateway":"woocommerce_payments_wechat_pay","country":""}
2026-02-21T18:48:06+00:00 DEBUG Received invalid country code when getting provider links. Ignoring it. CONTEXT: {"gateway":"bacs","country":""}
2026-02-21T18:48:06+00:00 DEBUG Received invalid country code when getting provider links. Ignoring it. CONTEXT: {"gateway":"cheque","country":""}
2026-02-21T18:48:06+00:00 DEBUG Received invalid country code when getting provider links. Ignoring it. CONTEXT: {"gateway":"cod","country":""}
2026-02-21T18:48:06+00:00 DEBUG Received invalid country code when getting provider links. Ignoring it. CONTEXT: {"gateway":"ppcp-gateway","country":""}
2026-02-21T18:48:06+00:00 DEBUG Received invalid country code when getting provider links. Ignoring it. CONTEXT: {"gateway":"woocommerce_payments_bancontact","country":""}
2026-02-21T18:48:06+00:00 DEBUG Received invalid country code when getting provider links. Ignoring it. CONTEXT: {"gateway":"woocommerce_payments_sepa_debit","country":""}
2026-02-21T18:48:06+00:00 DEBUG Received invalid country code when getting provider links. Ignoring it. CONTEXT: {"gateway":"woocommerce_payments_giropay","country":""}
2026-02-21T18:48:06+00:00 DEBUG Received invalid country code when getting provider links. Ignoring it. CONTEXT: {"gateway":"woocommerce_payments_sofort","country":""}
2026-02-21T18:48:06+00:00 DEBUG Received invalid country code when getting provider links. Ignoring it. CONTEXT: {"gateway":"woocommerce_payments_p24","country":""}
2026-02-21T18:48:06+00:00 DEBUG Received invalid country code when getting provider links. Ignoring it. CONTEXT: {"gateway":"woocommerce_payments_ideal","country":""}
2026-02-21T18:48:06+00:00 DEBUG Received invalid country code when getting provider links. Ignoring it. CONTEXT: {"gateway":"woocommerce_payments_au_becs_debit","country":""}
2026-02-21T18:48:06+00:00 DEBUG Received invalid country code when getting provider links. Ignoring it. CONTEXT: {"gateway":"woocommerce_payments_eps","country":""}
2026-02-21T18:48:06+00:00 DEBUG Received invalid country code when getting provider links. Ignoring it. CONTEXT: {"gateway":"woocommerce_payments_affirm","country":""}
2026-02-21T18:48:06+00:00 DEBUG Received invalid country code when getting provider links. Ignoring it. CONTEXT: {"gateway":"woocommerce_payments_afterpay_clearpay","country":""}
2026-02-21T18:48:06+00:00 DEBUG Received invalid country code when getting provider links. Ignoring it. CONTEXT: {"gateway":"woocommerce_payments_klarna","country":""}
2026-02-21T18:48:06+00:00 DEBUG Received invalid country code when getting provider links. Ignoring it. CONTEXT: {"gateway":"woocommerce_payments_multibanco","country":""}
2026-02-21T18:48:06+00:00 DEBUG Received invalid country code when getting provider links. Ignoring it. CONTEXT: {"gateway":"woocommerce_payments_grabpay","country":""}
2026-02-21T18:48:06+00:00 DEBUG Received invalid country code when getting provider links. Ignoring it. CONTEXT: {"gateway":"woocommerce_payments_alipay","country":""}
2026-02-21T18:48:06+00:00 DEBUG Received invalid country code when getting provider links. Ignoring it. CONTEXT: {"gateway":"woocommerce_payments_wechat_pay","country":""}
2026-02-21T18:48:06+00:00 DEBUG Received invalid country code when getting provider links. Ignoring it. CONTEXT: {"gateway":"woocommerce_payments","country":""}
2026-02-21T18:48:06+00:00 DEBUG Received invalid country code when getting provider links. Ignoring it. CONTEXT: {"gateway":"woocommerce_payments_bancontact","country":""}
2026-02-21T18:48:06+00:00 DEBUG Received invalid country code when getting provider links. Ignoring it. CONTEXT: {"gateway":"woocommerce_payments_sepa_debit","country":""}
2026-02-21T18:48:06+00:00 DEBUG Received invalid country code when getting provider links. Ignoring it. CONTEXT: {"gateway":"woocommerce_payments_giropay","country":""}
2026-02-21T18:48:06+00:00 DEBUG Received invalid country code when getting provider links. Ignoring it. CONTEXT: {"gateway":"woocommerce_payments_sofort","country":""}
2026-02-21T18:48:06+00:00 DEBUG Received invalid country code when getting provider links. Ignoring it. CONTEXT: {"gateway":"woocommerce_payments_p24","country":""}
2026-02-21T18:48:06+00:00 DEBUG Received invalid country code when getting provider links. Ignoring it. CONTEXT: {"gateway":"woocommerce_payments_ideal","country":""}
2026-02-21T18:48:06+00:00 DEBUG Received invalid country code when getting provider links. Ignoring it. CONTEXT: {"gateway":"woocommerce_payments_au_becs_debit","country":""}
2026-02-21T18:48:06+00:00 DEBUG Received invalid country code when getting provider links. Ignoring it. CONTEXT: {"gateway":"woocommerce_payments_eps","country":""}
2026-02-21T18:48:06+00:00 DEBUG Received invalid country code when getting provider links. Ignoring it. CONTEXT: {"gateway":"woocommerce_payments_affirm","country":""}
2026-02-21T18:48:06+00:00 DEBUG Received invalid country code when getting provider links. Ignoring it. CONTEXT: {"gateway":"woocommerce_payments_afterpay_clearpay","country":""}
2026-02-21T18:48:06+00:00 DEBUG Received invalid country code when getting provider links. Ignoring it. CONTEXT: {"gateway":"woocommerce_payments_klarna","country":""}
2026-02-21T18:48:06+00:00 DEBUG Received invalid country code when getting provider links. Ignoring it. CONTEXT: {"gateway":"woocommerce_payments_multibanco","country":""}
2026-02-21T18:48:06+00:00 DEBUG Received invalid country code when getting provider links. Ignoring it. CONTEXT: {"gateway":"woocommerce_payments_grabpay","country":""}
2026-02-21T18:48:06+00:00 DEBUG Received invalid country code when getting provider links. Ignoring it. CONTEXT: {"gateway":"woocommerce_payments_alipay","country":""}
2026-02-21T18:48:06+00:00 DEBUG Received invalid country code when getting provider links. Ignoring it. CONTEXT: {"gateway":"woocommerce_payments_wechat_pay","country":""}
2026-02-21T18:48:06+00:00 DEBUG Received invalid country code when getting provider links. Ignoring it. CONTEXT: {"gateway":"bacs","country":""}
2026-02-21T18:48:06+00:00 DEBUG Received invalid country code when getting provider links. Ignoring it. CONTEXT: {"gateway":"cheque","country":""}
2026-02-21T18:48:06+00:00 DEBUG Received invalid country code when getting provider links. Ignoring it. CONTEXT: {"gateway":"cod","country":""}
2026-02-21T18:48:06+00:00 DEBUG Received invalid country code when getting provider links. Ignoring it. CONTEXT: {"gateway":"ppcp-gateway","country":""}
2026-02-21T18:48:06+00:00 DEBUG Received invalid country code when getting provider links. Ignoring it. CONTEXT: {"gateway":"woocommerce_payments_bancontact","country":""}
2026-02-21T18:48:06+00:00 DEBUG Received invalid country code when getting provider links. Ignoring it. CONTEXT: {"gateway":"woocommerce_payments_sepa_debit","country":""}
2026-02-21T18:48:06+00:00 DEBUG Received invalid country code when getting provider links. Ignoring it. CONTEXT: {"gateway":"woocommerce_payments_giropay","country":""}
2026-02-21T18:48:06+00:00 DEBUG Received invalid country code when getting provider links. Ignoring it. CONTEXT: {"gateway":"woocommerce_payments_sofort","country":""}
2026-02-21T18:48:06+00:00 DEBUG Received invalid country code when getting provider links. Ignoring it. CONTEXT: {"gateway":"woocommerce_payments_p24","country":""}
2026-02-21T18:48:06+00:00 DEBUG Received invalid country code when getting provider links. Ignoring it. CONTEXT: {"gateway":"woocommerce_payments_ideal","country":""}
2026-02-21T18:48:06+00:00 DEBUG Received invalid country code when getting provider links. Ignoring it. CONTEXT: {"gateway":"woocommerce_payments_au_becs_debit","country":""}
2026-02-21T18:48:06+00:00 DEBUG Received invalid country code when getting provider links. Ignoring it. CONTEXT: {"gateway":"woocommerce_payments_eps","country":""}
2026-02-21T18:48:06+00:00 DEBUG Received invalid country code when getting provider links. Ignoring it. CONTEXT: {"gateway":"woocommerce_payments_affirm","country":""}
2026-02-21T18:48:06+00:00 DEBUG Received invalid country code when getting provider links. Ignoring it. CONTEXT: {"gateway":"woocommerce_payments_afterpay_clearpay","country":""}
2026-02-21T18:48:06+00:00 DEBUG Received invalid country code when getting provider links. Ignoring it. CONTEXT: {"gateway":"woocommerce_payments_klarna","country":""}
2026-02-21T18:48:06+00:00 DEBUG Received invalid country code when getting provider links. Ignoring it. CONTEXT: {"gateway":"woocommerce_payments_multibanco","country":""}
2026-02-21T18:48:06+00:00 DEBUG Received invalid country code when getting provider links. Ignoring it. CONTEXT: {"gateway":"woocommerce_payments_grabpay","country":""}
2026-02-21T18:48:06+00:00 DEBUG Received invalid country code when getting provider links. Ignoring it. CONTEXT: {"gateway":"woocommerce_payments_alipay","country":""}
2026-02-21T18:48:06+00:00 DEBUG Received invalid country code when getting provider links. Ignoring it. CONTEXT: {"gateway":"woocommerce_payments_wechat_pay","country":""}
2026-02-21T18:48:06+00:00 DEBUG Received invalid country code when getting provider links. Ignoring it. CONTEXT: {"gateway":"woocommerce_payments","country":""}
2026-02-21T18:48:06+00:00 DEBUG Received invalid country code when getting provider links. Ignoring it. CONTEXT: {"gateway":"woocommerce_payments_bancontact","country":""}
2026-02-21T18:48:06+00:00 DEBUG Received invalid country code when getting provider links. Ignoring it. CONTEXT: {"gateway":"woocommerce_payments_sepa_debit","country":""}
2026-02-21T18:48:06+00:00 DEBUG Received invalid country code when getting provider links. Ignoring it. CONTEXT: {"gateway":"woocommerce_payments_giropay","country":""}
2026-02-21T18:48:06+00:00 DEBUG Received invalid country code when getting provider links. Ignoring it. CONTEXT: {"gateway":"woocommerce_payments_sofort","country":""}
2026-02-21T18:48:06+00:00 DEBUG Received invalid country code when getting provider links. Ignoring it. CONTEXT: {"gateway":"woocommerce_payments_p24","country":""}
2026-02-21T18:48:06+00:00 DEBUG Received invalid country code when getting provider links. Ignoring it. CONTEXT: {"gateway":"woocommerce_payments_ideal","country":""}
2026-02-21T18:48:06+00:00 DEBUG Received invalid country code when getting provider links. Ignoring it. CONTEXT: {"gateway":"woocommerce_payments_au_becs_debit","country":""}
2026-02-21T18:48:06+00:00 DEBUG Received invalid country code when getting provider links. Ignoring it. CONTEXT: {"gateway":"woocommerce_payments_eps","country":""}
2026-02-21T18:48:06+00:00 DEBUG Received invalid country code when getting provider links. Ignoring it. CONTEXT: {"gateway":"woocommerce_payments_affirm","country":""}
2026-02-21T18:48:06+00:00 DEBUG Received invalid country code when getting provider links. Ignoring it. CONTEXT: {"gateway":"woocommerce_payments_afterpay_clearpay","country":""}
2026-02-21T18:48:06+00:00 DEBUG Received invalid country code when getting provider links. Ignoring it. CONTEXT: {"gateway":"woocommerce_payments_klarna","country":""}
2026-02-21T18:48:06+00:00 DEBUG Received invalid country code when getting provider links. Ignoring it. CONTEXT: {"gateway":"woocommerce_payments_multibanco","country":""}
2026-02-21T18:48:06+00:00 DEBUG Received invalid country code when getting provider links. Ignoring it. CONTEXT: {"gateway":"woocommerce_payments_grabpay","country":""}
2026-02-21T18:48:06+00:00 DEBUG Received invalid country code when getting provider links. Ignoring it. CONTEXT: {"gateway":"woocommerce_payments_alipay","country":""}
2026-02-21T18:48:06+00:00 DEBUG Received invalid country code when getting provider links. Ignoring it. CONTEXT: {"gateway":"woocommerce_payments_wechat_pay","country":""}
2026-02-21T18:48:06+00:00 DEBUG Received invalid country code when getting provider links. Ignoring it. CONTEXT: {"gateway":"bacs","country":""}
2026-02-21T18:48:06+00:00 DEBUG Received invalid country code when getting provider links. Ignoring it. CONTEXT: {"gateway":"cheque","country":""}
2026-02-21T18:48:06+00:00 DEBUG Received invalid country code when getting provider links. Ignoring it. CONTEXT: {"gateway":"cod","country":""}
2026-02-21T18:48:06+00:00 DEBUG Received invalid country code when getting provider links. Ignoring it. CONTEXT: {"gateway":"ppcp-gateway","country":""}
2026-02-21T18:48:06+00:00 DEBUG Received invalid country code when getting provider links. Ignoring it. CONTEXT: {"gateway":"woocommerce_payments_bancontact","country":""}
2026-02-21T18:48:06+00:00 DEBUG Received invalid country code when getting provider links. Ignoring it. CONTEXT: {"gateway":"woocommerce_payments_sepa_debit","country":""}
2026-02-21T18:48:06+00:00 DEBUG Received invalid country code when getting provider links. Ignoring it. CONTEXT: {"gateway":"woocommerce_payments_giropay","country":""}
2026-02-21T18:48:06+00:00 DEBUG Received invalid country code when getting provider links. Ignoring it. CONTEXT: {"gateway":"woocommerce_payments_sofort","country":""}
2026-02-21T18:48:06+00:00 DEBUG Received invalid country code when getting provider links. Ignoring it. CONTEXT: {"gateway":"woocommerce_payments_p24","country":""}
2026-02-21T18:48:06+00:00 DEBUG Received invalid country code when getting provider links. Ignoring it. CONTEXT: {"gateway":"woocommerce_payments_ideal","country":""}
2026-02-21T18:48:06+00:00 DEBUG Received invalid country code when getting provider links. Ignoring it. CONTEXT: {"gateway":"woocommerce_payments_au_becs_debit","country":""}
2026-02-21T18:48:06+00:00 DEBUG Received invalid country code when getting provider links. Ignoring it. CONTEXT: {"gateway":"woocommerce_payments_eps","country":""}
2026-02-21T18:48:06+00:00 DEBUG Received invalid country code when getting provider links. Ignoring it. CONTEXT: {"gateway":"woocommerce_payments_affirm","country":""}
2026-02-21T18:48:06+00:00 DEBUG Received invalid country code when getting provider links. Ignoring it. CONTEXT: {"gateway":"woocommerce_payments_afterpay_clearpay","country":""}
2026-02-21T18:48:06+00:00 DEBUG Received invalid country code when getting provider links. Ignoring it. CONTEXT: {"gateway":"woocommerce_payments_klarna","country":""}
2026-02-21T18:48:06+00:00 DEBUG Received invalid country code when getting provider links. Ignoring it. CONTEXT: {"gateway":"woocommerce_payments_multibanco","country":""}
2026-02-21T18:48:06+00:00 DEBUG Received invalid country code when getting provider links. Ignoring it. CONTEXT: {"gateway":"woocommerce_payments_grabpay","country":""}
2026-02-21T18:48:06+00:00 DEBUG Received invalid country code when getting provider links. Ignoring it. CONTEXT: {"gateway":"woocommerce_payments_alipay","country":""}
2026-02-21T18:48:06+00:00 DEBUG Received invalid country code when getting provider links. Ignoring it. CONTEXT: {"gateway":"woocommerce_payments_wechat_pay","country":""}
2026-02-21T18:48:06+00:00 DEBUG Received invalid country code when getting provider links. Ignoring it. CONTEXT: {"gateway":"woocommerce_payments","country":""}
2026-02-21T18:48:06+00:00 DEBUG Received invalid country code when getting provider links. Ignoring it. CONTEXT: {"gateway":"woocommerce_payments_bancontact","country":""}
2026-02-21T18:48:06+00:00 DEBUG Received invalid country code when getting provider links. Ignoring it. CONTEXT: {"gateway":"woocommerce_payments_sepa_debit","country":""}
2026-02-21T18:48:06+00:00 DEBUG Received invalid country code when getting provider links. Ignoring it. CONTEXT: {"gateway":"woocommerce_payments_giropay","country":""}
2026-02-21T18:48:06+00:00 DEBUG Received invalid country code when getting provider links. Ignoring it. CONTEXT: {"gateway":"woocommerce_payments_sofort","country":""}
2026-02-21T18:48:06+00:00 DEBUG Received invalid country code when getting provider links. Ignoring it. CONTEXT: {"gateway":"woocommerce_payments_p24","country":""}
2026-02-21T18:48:06+00:00 DEBUG Received invalid country code when getting provider links. Ignoring it. CONTEXT: {"gateway":"woocommerce_payments_ideal","country":""}
2026-02-21T18:48:06+00:00 DEBUG Received invalid country code when getting provider links. Ignoring it. CONTEXT: {"gateway":"woocommerce_payments_au_becs_debit","country":""}
2026-02-21T18:48:06+00:00 DEBUG Received invalid country code when getting provider links. Ignoring it. CONTEXT: {"gateway":"woocommerce_payments_eps","country":""}
2026-02-21T18:48:06+00:00 DEBUG Received invalid country code when getting provider links. Ignoring it. CONTEXT: {"gateway":"woocommerce_payments_affirm","country":""}
2026-02-21T18:48:06+00:00 DEBUG Received invalid country code when getting provider links. Ignoring it. CONTEXT: {"gateway":"woocommerce_payments_afterpay_clearpay","country":""}
2026-02-21T18:48:06+00:00 DEBUG Received invalid country code when getting provider links. Ignoring it. CONTEXT: {"gateway":"woocommerce_payments_klarna","country":""}
2026-02-21T18:48:06+00:00 DEBUG Received invalid country code when getting provider links. Ignoring it. CONTEXT: {"gateway":"woocommerce_payments_multibanco","country":""}
2026-02-21T18:48:06+00:00 DEBUG Received invalid country code when getting provider links. Ignoring it. CONTEXT: {"gateway":"woocommerce_payments_grabpay","country":""}
2026-02-21T18:48:06+00:00 DEBUG Received invalid country code when getting provider links. Ignoring it. CONTEXT: {"gateway":"woocommerce_payments_alipay","country":""}
2026-02-21T18:48:06+00:00 DEBUG Received invalid country code when getting provider links. Ignoring it. CONTEXT: {"gateway":"woocommerce_payments_wechat_pay","country":""}
2026-02-21T18:48:06+00:00 DEBUG Received invalid country code when getting provider links. Ignoring it. CONTEXT: {"gateway":"bacs","country":""}
2026-02-21T18:48:06+00:00 DEBUG Received invalid country code when getting provider links. Ignoring it. CONTEXT: {"gateway":"cheque","country":""}
2026-02-21T18:48:06+00:00 DEBUG Received invalid country code when getting provider links. Ignoring it. CONTEXT: {"gateway":"cod","country":""}
2026-02-21T18:48:06+00:00 DEBUG Received invalid country code when getting provider links. Ignoring it. CONTEXT: {"gateway":"ppcp-gateway","country":""}
2026-02-21T18:48:06+00:00 DEBUG Received invalid country code when getting provider links. Ignoring it. CONTEXT: {"gateway":"woocommerce_payments_bancontact","country":""}
2026-02-21T18:48:06+00:00 DEBUG Received invalid country code when getting provider links. Ignoring it. CONTEXT: {"gateway":"woocommerce_payments_sepa_debit","country":""}
2026-02-21T18:48:06+00:00 DEBUG Received invalid country code when getting provider links. Ignoring it. CONTEXT: {"gateway":"woocommerce_payments_giropay","country":""}
2026-02-21T18:48:06+00:00 DEBUG Received invalid country code when getting provider links. Ignoring it. CONTEXT: {"gateway":"woocommerce_payments_sofort","country":""}
2026-02-21T18:48:06+00:00 DEBUG Received invalid country code when getting provider links. Ignoring it. CONTEXT: {"gateway":"woocommerce_payments_p24","country":""}
2026-02-21T18:48:06+00:00 DEBUG Received invalid country code when getting provider links. Ignoring it. CONTEXT: {"gateway":"woocommerce_payments_ideal","country":""}
2026-02-21T18:48:06+00:00 DEBUG Received invalid country code when getting provider links. Ignoring it. CONTEXT: {"gateway":"woocommerce_payments_au_becs_debit","country":""}
2026-02-21T18:48:06+00:00 DEBUG Received invalid country code when getting provider links. Ignoring it. CONTEXT: {"gateway":"woocommerce_payments_eps","country":""}
2026-02-21T18:48:06+00:00 DEBUG Received invalid country code when getting provider links. Ignoring it. CONTEXT: {"gateway":"woocommerce_payments_affirm","country":""}
2026-02-21T18:48:06+00:00 DEBUG Received invalid country code when getting provider links. Ignoring it. CONTEXT: {"gateway":"woocommerce_payments_afterpay_clearpay","country":""}
2026-02-21T18:48:06+00:00 DEBUG Received invalid country code when getting provider links. Ignoring it. CONTEXT: {"gateway":"woocommerce_payments_klarna","country":""}
2026-02-21T18:48:06+00:00 DEBUG Received invalid country code when getting provider links. Ignoring it. CONTEXT: {"gateway":"woocommerce_payments_multibanco","country":""}
2026-02-21T18:48:06+00:00 DEBUG Received invalid country code when getting provider links. Ignoring it. CONTEXT: {"gateway":"woocommerce_payments_grabpay","country":""}
2026-02-21T18:48:06+00:00 DEBUG Received invalid country code when getting provider links. Ignoring it. CONTEXT: {"gateway":"woocommerce_payments_alipay","country":""}
2026-02-21T18:48:06+00:00 DEBUG Received invalid country code when getting provider links. Ignoring it. CONTEXT: {"gateway":"woocommerce_payments_wechat_pay","country":""}
2026-02-21T18:48:06+00:00 DEBUG Received invalid country code when getting provider links. Ignoring it. CONTEXT: {"gateway":"woocommerce_payments","country":""}
2026-02-21T18:48:06+00:00 DEBUG Received invalid country code when getting provider links. Ignoring it. CONTEXT: {"gateway":"woocommerce_payments_bancontact","country":""}
2026-02-21T18:48:06+00:00 DEBUG Received invalid country code when getting provider links. Ignoring it. CONTEXT: {"gateway":"woocommerce_payments_sepa_debit","country":""}
2026-02-21T18:48:06+00:00 DEBUG Received invalid country code when getting provider links. Ignoring it. CONTEXT: {"gateway":"woocommerce_payments_giropay","country":""}
2026-02-21T18:48:06+00:00 DEBUG Received invalid country code when getting provider links. Ignoring it. CONTEXT: {"gateway":"woocommerce_payments_sofort","country":""}
2026-02-21T18:48:06+00:00 DEBUG Received invalid country code when getting provider links. Ignoring it. CONTEXT: {"gateway":"woocommerce_payments_p24","country":""}
2026-02-21T18:48:06+00:00 DEBUG Received invalid country code when getting provider links. Ignoring it. CONTEXT: {"gateway":"woocommerce_payments_ideal","country":""}
2026-02-21T18:48:06+00:00 DEBUG Received invalid country code when getting provider links. Ignoring it. CONTEXT: {"gateway":"woocommerce_payments_au_becs_debit","country":""}
2026-02-21T18:48:06+00:00 DEBUG Received invalid country code when getting provider links. Ignoring it. CONTEXT: {"gateway":"woocommerce_payments_eps","country":""}
2026-02-21T18:48:06+00:00 DEBUG Received invalid country code when getting provider links. Ignoring it. CONTEXT: {"gateway":"woocommerce_payments_affirm","country":""}
2026-02-21T18:48:06+00:00 DEBUG Received invalid country code when getting provider links. Ignoring it. CONTEXT: {"gateway":"woocommerce_payments_afterpay_clearpay","country":""}
2026-02-21T18:48:06+00:00 DEBUG Received invalid country code when getting provider links. Ignoring it. CONTEXT: {"gateway":"woocommerce_payments_klarna","country":""}
2026-02-21T18:48:06+00:00 DEBUG Received invalid country code when getting provider links. Ignoring it. CONTEXT: {"gateway":"woocommerce_payments_multibanco","country":""}
2026-02-21T18:48:06+00:00 DEBUG Received invalid country code when getting provider links. Ignoring it. CONTEXT: {"gateway":"woocommerce_payments_grabpay","country":""}
2026-02-21T18:48:06+00:00 DEBUG Received invalid country code when getting provider links. Ignoring it. CONTEXT: {"gateway":"woocommerce_payments_alipay","country":""}
2026-02-21T18:48:06+00:00 DEBUG Received invalid country code when getting provider links. Ignoring it. CONTEXT: {"gateway":"woocommerce_payments_wechat_pay","country":""}
2026-02-21T18:48:06+00:00 DEBUG Received invalid country code when getting provider links. Ignoring it. CONTEXT: {"gateway":"bacs","country":""}
2026-02-21T18:48:06+00:00 DEBUG Received invalid country code when getting provider links. Ignoring it. CONTEXT: {"gateway":"cheque","country":""}
2026-02-21T18:48:06+00:00 DEBUG Received invalid country code when getting provider links. Ignoring it. CONTEXT: {"gateway":"cod","country":""}
2026-02-21T18:48:06+00:00 DEBUG Received invalid country code when getting provider links. Ignoring it. CONTEXT: {"gateway":"ppcp-gateway","country":""}
2026-02-21T18:48:06+00:00 DEBUG Received invalid country code when getting provider links. Ignoring it. CONTEXT: {"gateway":"woocommerce_payments_bancontact","country":""}
2026-02-21T18:48:06+00:00 DEBUG Received invalid country code when getting provider links. Ignoring it. CONTEXT: {"gateway":"woocommerce_payments_sepa_debit","country":""}
2026-02-21T18:48:06+00:00 DEBUG Received invalid country code when getting provider links. Ignoring it. CONTEXT: {"gateway":"woocommerce_payments_giropay","country":""}
2026-02-21T18:48:06+00:00 DEBUG Received invalid country code when getting provider links. Ignoring it. CONTEXT: {"gateway":"woocommerce_payments_sofort","country":""}
2026-02-21T18:48:06+00:00 DEBUG Received invalid country code when getting provider links. Ignoring it. CONTEXT: {"gateway":"woocommerce_payments_p24","country":""}
2026-02-21T18:48:06+00:00 DEBUG Received invalid country code when getting provider links. Ignoring it. CONTEXT: {"gateway":"woocommerce_payments_ideal","country":""}
2026-02-21T18:48:06+00:00 DEBUG Received invalid country code when getting provider links. Ignoring it. CONTEXT: {"gateway":"woocommerce_payments_au_becs_debit","country":""}
2026-02-21T18:48:06+00:00 DEBUG Received invalid country code when getting provider links. Ignoring it. CONTEXT: {"gateway":"woocommerce_payments_eps","country":""}
2026-02-21T18:48:06+00:00 DEBUG Received invalid country code when getting provider links. Ignoring it. CONTEXT: {"gateway":"woocommerce_payments_affirm","country":""}
2026-02-21T18:48:06+00:00 DEBUG Received invalid country code when getting provider links. Ignoring it. CONTEXT: {"gateway":"woocommerce_payments_afterpay_clearpay","country":""}
2026-02-21T18:48:06+00:00 DEBUG Received invalid country code when getting provider links. Ignoring it. CONTEXT: {"gateway":"woocommerce_payments_klarna","country":""}
2026-02-21T18:48:06+00:00 DEBUG Received invalid country code when getting provider links. Ignoring it. CONTEXT: {"gateway":"woocommerce_payments_multibanco","country":""}
2026-02-21T18:48:06+00:00 DEBUG Received invalid country code when getting provider links. Ignoring it. CONTEXT: {"gateway":"woocommerce_payments_grabpay","country":""}
2026-02-21T18:48:06+00:00 DEBUG Received invalid country code when getting provider links. Ignoring it. CONTEXT: {"gateway":"woocommerce_payments_alipay","country":""}
2026-02-21T18:48:06+00:00 DEBUG Received invalid country code when getting provider links. Ignoring it. CONTEXT: {"gateway":"woocommerce_payments_wechat_pay","country":""}
2026-02-21T18:48:06+00:00 DEBUG Received invalid country code when getting provider links. Ignoring it. CONTEXT: {"gateway":"woocommerce_payments","country":""}
2026-02-21T18:48:06+00:00 DEBUG Received invalid country code when getting provider links. Ignoring it. CONTEXT: {"gateway":"woocommerce_payments_bancontact","country":""}
2026-02-21T18:48:06+00:00 DEBUG Received invalid country code when getting provider links. Ignoring it. CONTEXT: {"gateway":"woocommerce_payments_sepa_debit","country":""}
2026-02-21T18:48:06+00:00 DEBUG Received invalid country code when getting provider links. Ignoring it. CONTEXT: {"gateway":"woocommerce_payments_giropay","country":""}
2026-02-21T18:48:06+00:00 DEBUG Received invalid country code when getting provider links. Ignoring it. CONTEXT: {"gateway":"woocommerce_payments_sofort","country":""}
2026-02-21T18:48:06+00:00 DEBUG Received invalid country code when getting provider links. Ignoring it. CONTEXT: {"gateway":"woocommerce_payments_p24","country":""}
2026-02-21T18:48:06+00:00 DEBUG Received invalid country code when getting provider links. Ignoring it. CONTEXT: {"gateway":"woocommerce_payments_ideal","country":""}
2026-02-21T18:48:06+00:00 DEBUG Received invalid country code when getting provider links. Ignoring it. CONTEXT: {"gateway":"woocommerce_payments_au_becs_debit","country":""}
2026-02-21T18:48:06+00:00 DEBUG Received invalid country code when getting provider links. Ignoring it. CONTEXT: {"gateway":"woocommerce_payments_eps","country":""}
2026-02-21T18:48:06+00:00 DEBUG Received invalid country code when getting provider links. Ignoring it. CONTEXT: {"gateway":"woocommerce_payments_affirm","country":""}
2026-02-21T18:48:06+00:00 DEBUG Received invalid country code when getting provider links. Ignoring it. CONTEXT: {"gateway":"woocommerce_payments_afterpay_clearpay","country":""}
2026-02-21T18:48:06+00:00 DEBUG Received invalid country code when getting provider links. Ignoring it. CONTEXT: {"gateway":"woocommerce_payments_klarna","country":""}
2026-02-21T18:48:06+00:00 DEBUG Received invalid country code when getting provider links. Ignoring it. CONTEXT: {"gateway":"woocommerce_payments_multibanco","country":""}
2026-02-21T18:48:06+00:00 DEBUG Received invalid country code when getting provider links. Ignoring it. CONTEXT: {"gateway":"woocommerce_payments_grabpay","country":""}
2026-02-21T18:48:06+00:00 DEBUG Received invalid country code when getting provider links. Ignoring it. CONTEXT: {"gateway":"woocommerce_payments_alipay","country":""}
2026-02-21T18:48:06+00:00 DEBUG Received invalid country code when getting provider links. Ignoring it. CONTEXT: {"gateway":"woocommerce_payments_wechat_pay","country":""}
2026-02-21T18:48:06+00:00 DEBUG Received invalid country code when getting provider links. Ignoring it. CONTEXT: {"gateway":"bacs","country":""}
2026-02-21T18:48:06+00:00 DEBUG Received invalid country code when getting provider links. Ignoring it. CONTEXT: {"gateway":"cheque","country":""}
2026-02-21T18:48:06+00:00 DEBUG Received invalid country code when getting provider links. Ignoring it. CONTEXT: {"gateway":"cod","country":""}
2026-02-21T18:48:06+00:00 DEBUG Received invalid country code when getting provider links. Ignoring it. CONTEXT: {"gateway":"ppcp-gateway","country":""}
2026-02-21T18:48:06+00:00 DEBUG Received invalid country code when getting provider links. Ignoring it. CONTEXT: {"gateway":"woocommerce_payments_bancontact","country":""}
2026-02-21T18:48:06+00:00 DEBUG Received invalid country code when getting provider links. Ignoring it. CONTEXT: {"gateway":"woocommerce_payments_sepa_debit","country":""}
2026-02-21T18:48:06+00:00 DEBUG Received invalid country code when getting provider links. Ignoring it. CONTEXT: {"gateway":"woocommerce_payments_giropay","country":""}
2026-02-21T18:48:06+00:00 DEBUG Received invalid country code when getting provider links. Ignoring it. CONTEXT: {"gateway":"woocommerce_payments_sofort","country":""}
2026-02-21T18:48:06+00:00 DEBUG Received invalid country code when getting provider links. Ignoring it. CONTEXT: {"gateway":"woocommerce_payments_p24","country":""}
2026-02-21T18:48:06+00:00 DEBUG Received invalid country code when getting provider links. Ignoring it. CONTEXT: {"gateway":"woocommerce_payments_ideal","country":""}
2026-02-21T18:48:06+00:00 DEBUG Received invalid country code when getting provider links. Ignoring it. CONTEXT: {"gateway":"woocommerce_payments_au_becs_debit","country":""}
2026-02-21T18:48:06+00:00 DEBUG Received invalid country code when getting provider links. Ignoring it. CONTEXT: {"gateway":"woocommerce_payments_eps","country":""}
2026-02-21T18:48:06+00:00 DEBUG Received invalid country code when getting provider links. Ignoring it. CONTEXT: {"gateway":"woocommerce_payments_affirm","country":""}
2026-02-21T18:48:06+00:00 DEBUG Received invalid country code when getting provider links. Ignoring it. CONTEXT: {"gateway":"woocommerce_payments_afterpay_clearpay","country":""}
2026-02-21T18:48:06+00:00 DEBUG Received invalid country code when getting provider links. Ignoring it. CONTEXT: {"gateway":"woocommerce_payments_klarna","country":""}
2026-02-21T18:48:06+00:00 DEBUG Received invalid country code when getting provider links. Ignoring it. CONTEXT: {"gateway":"woocommerce_payments_multibanco","country":""}
2026-02-21T18:48:06+00:00 DEBUG Received invalid country code when getting provider links. Ignoring it. CONTEXT: {"gateway":"woocommerce_payments_grabpay","country":""}
2026-02-21T18:48:06+00:00 DEBUG Received invalid country code when getting provider links. Ignoring it. CONTEXT: {"gateway":"woocommerce_payments_alipay","country":""}
2026-02-21T18:48:06+00:00 DEBUG Received invalid country code when getting provider links. Ignoring it. CONTEXT: {"gateway":"woocommerce_payments_wechat_pay","country":""}
2026-02-21T18:48:06+00:00 DEBUG Received invalid country code when getting provider links. Ignoring it. CONTEXT: {"gateway":"woocommerce_payments","country":""}
2026-02-21T18:48:06+00:00 DEBUG Received invalid country code when getting provider links. Ignoring it. CONTEXT: {"gateway":"woocommerce_payments_bancontact","country":""}
2026-02-21T18:48:06+00:00 DEBUG Received invalid country code when getting provider links. Ignoring it. CONTEXT: {"gateway":"woocommerce_payments_sepa_debit","country":""}
2026-02-21T18:48:06+00:00 DEBUG Received invalid country code when getting provider links. Ignoring it. CONTEXT: {"gateway":"woocommerce_payments_giropay","country":""}
2026-02-21T18:48:06+00:00 DEBUG Received invalid country code when getting provider links. Ignoring it. CONTEXT: {"gateway":"woocommerce_payments_sofort","country":""}
2026-02-21T18:48:06+00:00 DEBUG Received invalid country code when getting provider links. Ignoring it. CONTEXT: {"gateway":"woocommerce_payments_p24","country":""}
2026-02-21T18:48:06+00:00 DEBUG Received invalid country code when getting provider links. Ignoring it. CONTEXT: {"gateway":"woocommerce_payments_ideal","country":""}
2026-02-21T18:48:06+00:00 DEBUG Received invalid country code when getting provider links. Ignoring it. CONTEXT: {"gateway":"woocommerce_payments_au_becs_debit","country":""}
2026-02-21T18:48:06+00:00 DEBUG Received invalid country code when getting provider links. Ignoring it. CONTEXT: {"gateway":"woocommerce_payments_eps","country":""}
2026-02-21T18:48:06+00:00 DEBUG Received invalid country code when getting provider links. Ignoring it. CONTEXT: {"gateway":"woocommerce_payments_affirm","country":""}
2026-02-21T18:48:06+00:00 DEBUG Received invalid country code when getting provider links. Ignoring it. CONTEXT: {"gateway":"woocommerce_payments_afterpay_clearpay","country":""}
2026-02-21T18:48:06+00:00 DEBUG Received invalid country code when getting provider links. Ignoring it. CONTEXT: {"gateway":"woocommerce_payments_klarna","country":""}
2026-02-21T18:48:06+00:00 DEBUG Received invalid country code when getting provider links. Ignoring it. CONTEXT: {"gateway":"woocommerce_payments_multibanco","country":""}
2026-02-21T18:48:06+00:00 DEBUG Received invalid country code when getting provider links. Ignoring it. CONTEXT: {"gateway":"woocommerce_payments_grabpay","country":""}
2026-02-21T18:48:06+00:00 DEBUG Received invalid country code when getting provider links. Ignoring it. CONTEXT: {"gateway":"woocommerce_payments_alipay","country":""}
2026-02-21T18:48:06+00:00 DEBUG Received invalid country code when getting provider links. Ignoring it. CONTEXT: {"gateway":"woocommerce_payments_wechat_pay","country":""}
2026-02-21T18:48:06+00:00 DEBUG Received invalid country code when getting provider links. Ignoring it. CONTEXT: {"gateway":"bacs","country":""}
2026-02-21T18:48:06+00:00 DEBUG Received invalid country code when getting provider links. Ignoring it. CONTEXT: {"gateway":"cheque","country":""}
2026-02-21T18:48:06+00:00 DEBUG Received invalid country code when getting provider links. Ignoring it. CONTEXT: {"gateway":"cod","country":""}
2026-02-21T18:48:06+00:00 DEBUG Received invalid country code when getting provider links. Ignoring it. CONTEXT: {"gateway":"ppcp-gateway","country":""}
2026-02-21T18:48:06+00:00 DEBUG Received invalid country code when getting provider links. Ignoring it. CONTEXT: {"gateway":"woocommerce_payments_bancontact","country":""}
2026-02-21T18:48:06+00:00 DEBUG Received invalid country code when getting provider links. Ignoring it. CONTEXT: {"gateway":"woocommerce_payments_sepa_debit","country":""}
2026-02-21T18:48:06+00:00 DEBUG Received invalid country code when getting provider links. Ignoring it. CONTEXT: {"gateway":"woocommerce_payments_giropay","country":""}
2026-02-21T18:48:06+00:00 DEBUG Received invalid country code when getting provider links. Ignoring it. CONTEXT: {"gateway":"woocommerce_payments_sofort","country":""}
2026-02-21T18:48:06+00:00 DEBUG Received invalid country code when getting provider links. Ignoring it. CONTEXT: {"gateway":"woocommerce_payments_p24","country":""}
2026-02-21T18:48:06+00:00 DEBUG Received invalid country code when getting provider links. Ignoring it. CONTEXT: {"gateway":"woocommerce_payments_ideal","country":""}
2026-02-21T18:48:06+00:00 DEBUG Received invalid country code when getting provider links. Ignoring it. CONTEXT: {"gateway":"woocommerce_payments_au_becs_debit","country":""}
2026-02-21T18:48:06+00:00 DEBUG Received invalid country code when getting provider links. Ignoring it. CONTEXT: {"gateway":"woocommerce_payments_eps","country":""}
2026-02-21T18:48:06+00:00 DEBUG Received invalid country code when getting provider links. Ignoring it. CONTEXT: {"gateway":"woocommerce_payments_affirm","country":""}
2026-02-21T18:48:06+00:00 DEBUG Received invalid country code when getting provider links. Ignoring it. CONTEXT: {"gateway":"woocommerce_payments_afterpay_clearpay","country":""}
2026-02-21T18:48:06+00:00 DEBUG Received invalid country code when getting provider links. Ignoring it. CONTEXT: {"gateway":"woocommerce_payments_klarna","country":""}
2026-02-21T18:48:06+00:00 DEBUG Received invalid country code when getting provider links. Ignoring it. CONTEXT: {"gateway":"woocommerce_payments_multibanco","country":""}
2026-02-21T18:48:06+00:00 DEBUG Received invalid country code when getting provider links. Ignoring it. CONTEXT: {"gateway":"woocommerce_payments_grabpay","country":""}
2026-02-21T18:48:06+00:00 DEBUG Received invalid country code when getting provider links. Ignoring it. CONTEXT: {"gateway":"woocommerce_payments_alipay","country":""}
2026-02-21T18:48:06+00:00 DEBUG Received invalid country code when getting provider links. Ignoring it. CONTEXT: {"gateway":"woocommerce_payments_wechat_pay","country":""}
2026-02-21T18:48:06+00:00 DEBUG Received invalid country code when getting provider links. Ignoring it. CONTEXT: {"gateway":"woocommerce_payments","country":""}
2026-02-21T18:48:06+00:00 DEBUG Received invalid country code when getting provider links. Ignoring it. CONTEXT: {"gateway":"woocommerce_payments_bancontact","country":""}
2026-02-21T18:48:06+00:00 DEBUG Received invalid country code when getting provider links. Ignoring it. CONTEXT: {"gateway":"woocommerce_payments_sepa_debit","country":""}
2026-02-21T18:48:06+00:00 DEBUG Received invalid country code when getting provider links. Ignoring it. CONTEXT: {"gateway":"woocommerce_payments_giropay","country":""}
2026-02-21T18:48:06+00:00 DEBUG Received invalid country code when getting provider links. Ignoring it. CONTEXT: {"gateway":"woocommerce_payments_sofort","country":""}
2026-02-21T18:48:06+00:00 DEBUG Received invalid country code when getting provider links. Ignoring it. CONTEXT: {"gateway":"woocommerce_payments_p24","country":""}
2026-02-21T18:48:06+00:00 DEBUG Received invalid country code when getting provider links. Ignoring it. CONTEXT: {"gateway":"woocommerce_payments_ideal","country":""}
2026-02-21T18:48:06+00:00 DEBUG Received invalid country code when getting provider links. Ignoring it. CONTEXT: {"gateway":"woocommerce_payments_au_becs_debit","country":""}
2026-02-21T18:48:06+00:00 DEBUG Received invalid country code when getting provider links. Ignoring it. CONTEXT: {"gateway":"woocommerce_payments_eps","country":""}
2026-02-21T18:48:06+00:00 DEBUG Received invalid country code when getting provider links. Ignoring it. CONTEXT: {"gateway":"woocommerce_payments_affirm","country":""}
2026-02-21T18:48:06+00:00 DEBUG Received invalid country code when getting provider links. Ignoring it. CONTEXT: {"gateway":"woocommerce_payments_afterpay_clearpay","country":""}
2026-02-21T18:48:06+00:00 DEBUG Received invalid country code when getting provider links. Ignoring it. CONTEXT: {"gateway":"woocommerce_payments_klarna","country":""}
2026-02-21T18:48:06+00:00 DEBUG Received invalid country code when getting provider links. Ignoring it. CONTEXT: {"gateway":"woocommerce_payments_multibanco","country":""}
2026-02-21T18:48:06+00:00 DEBUG Received invalid country code when getting provider links. Ignoring it. CONTEXT: {"gateway":"woocommerce_payments_grabpay","country":""}
2026-02-21T18:48:06+00:00 DEBUG Received invalid country code when getting provider links. Ignoring it. CONTEXT: {"gateway":"woocommerce_payments_alipay","country":""}
2026-02-21T18:48:06+00:00 DEBUG Received invalid country code when getting provider links. Ignoring it. CONTEXT: {"gateway":"woocommerce_payments_wechat_pay","country":""}
2026-02-21T18:48:06+00:00 DEBUG Received invalid country code when getting provider links. Ignoring it. CONTEXT: {"gateway":"bacs","country":""}
2026-02-21T18:48:06+00:00 DEBUG Received invalid country code when getting provider links. Ignoring it. CONTEXT: {"gateway":"cheque","country":""}
2026-02-21T18:48:06+00:00 DEBUG Received invalid country code when getting provider links. Ignoring it. CONTEXT: {"gateway":"cod","country":""}
2026-02-21T18:48:06+00:00 DEBUG Received invalid country code when getting provider links. Ignoring it. CONTEXT: {"gateway":"ppcp-gateway","country":""}
2026-02-21T18:48:06+00:00 DEBUG Received invalid country code when getting provider links. Ignoring it. CONTEXT: {"gateway":"woocommerce_payments_bancontact","country":""}
2026-02-21T18:48:06+00:00 DEBUG Received invalid country code when getting provider links. Ignoring it. CONTEXT: {"gateway":"woocommerce_payments_sepa_debit","country":""}
2026-02-21T18:48:06+00:00 DEBUG Received invalid country code when getting provider links. Ignoring it. CONTEXT: {"gateway":"woocommerce_payments_giropay","country":""}
2026-02-21T18:48:06+00:00 DEBUG Received invalid country code when getting provider links. Ignoring it. CONTEXT: {"gateway":"woocommerce_payments_sofort","country":""}
2026-02-21T18:48:06+00:00 DEBUG Received invalid country code when getting provider links. Ignoring it. CONTEXT: {"gateway":"woocommerce_payments_p24","country":""}
2026-02-21T18:48:06+00:00 DEBUG Received invalid country code when getting provider links. Ignoring it. CONTEXT: {"gateway":"woocommerce_payments_ideal","country":""}
2026-02-21T18:48:06+00:00 DEBUG Received invalid country code when getting provider links. Ignoring it. CONTEXT: {"gateway":"woocommerce_payments_au_becs_debit","country":""}
2026-02-21T18:48:06+00:00 DEBUG Received invalid country code when getting provider links. Ignoring it. CONTEXT: {"gateway":"woocommerce_payments_eps","country":""}
2026-02-21T18:48:06+00:00 DEBUG Received invalid country code when getting provider links. Ignoring it. CONTEXT: {"gateway":"woocommerce_payments_affirm","country":""}
2026-02-21T18:48:06+00:00 DEBUG Received invalid country code when getting provider links. Ignoring it. CONTEXT: {"gateway":"woocommerce_payments_afterpay_clearpay","country":""}
2026-02-21T18:48:06+00:00 DEBUG Received invalid country code when getting provider links. Ignoring it. CONTEXT: {"gateway":"woocommerce_payments_klarna","country":""}
2026-02-21T18:48:06+00:00 DEBUG Received invalid country code when getting provider links. Ignoring it. CONTEXT: {"gateway":"woocommerce_payments_multibanco","country":""}
2026-02-21T18:48:06+00:00 DEBUG Received invalid country code when getting provider links. Ignoring it. CONTEXT: {"gateway":"woocommerce_payments_grabpay","country":""}
2026-02-21T18:48:06+00:00 DEBUG Received invalid country code when getting provider links. Ignoring it. CONTEXT: {"gateway":"woocommerce_payments_alipay","country":""}
2026-02-21T18:48:06+00:00 DEBUG Received invalid country code when getting provider links. Ignoring it. CONTEXT: {"gateway":"woocommerce_payments_wechat_pay","country":""}
2026-02-21T18:48:06+00:00 DEBUG Received invalid country code when getting provider links. Ignoring it. CONTEXT: {"gateway":"woocommerce_payments","country":""}
2026-02-21T18:48:06+00:00 DEBUG Received invalid country code when getting provider links. Ignoring it. CONTEXT: {"gateway":"woocommerce_payments_bancontact","country":""}
2026-02-21T18:48:06+00:00 DEBUG Received invalid country code when getting provider links. Ignoring it. CONTEXT: {"gateway":"woocommerce_payments_sepa_debit","country":""}
2026-02-21T18:48:06+00:00 DEBUG Received invalid country code when getting provider links. Ignoring it. CONTEXT: {"gateway":"woocommerce_payments_giropay","country":""}
2026-02-21T18:48:06+00:00 DEBUG Received invalid country code when getting provider links. Ignoring it. CONTEXT: {"gateway":"woocommerce_payments_sofort","country":""}
2026-02-21T18:48:06+00:00 DEBUG Received invalid country code when getting provider links. Ignoring it. CONTEXT: {"gateway":"woocommerce_payments_p24","country":""}
2026-02-21T18:48:06+00:00 DEBUG Received invalid country code when getting provider links. Ignoring it. CONTEXT: {"gateway":"woocommerce_payments_ideal","country":""}
2026-02-21T18:48:06+00:00 DEBUG Received invalid country code when getting provider links. Ignoring it. CONTEXT: {"gateway":"woocommerce_payments_au_becs_debit","country":""}
2026-02-21T18:48:06+00:00 DEBUG Received invalid country code when getting provider links. Ignoring it. CONTEXT: {"gateway":"woocommerce_payments_eps","country":""}
2026-02-21T18:48:06+00:00 DEBUG Received invalid country code when getting provider links. Ignoring it. CONTEXT: {"gateway":"woocommerce_payments_affirm","country":""}
2026-02-21T18:48:06+00:00 DEBUG Received invalid country code when getting provider links. Ignoring it. CONTEXT: {"gateway":"woocommerce_payments_afterpay_clearpay","country":""}
2026-02-21T18:48:06+00:00 DEBUG Received invalid country code when getting provider links. Ignoring it. CONTEXT: {"gateway":"woocommerce_payments_klarna","country":""}
2026-02-21T18:48:06+00:00 DEBUG Received invalid country code when getting provider links. Ignoring it. CONTEXT: {"gateway":"woocommerce_payments_multibanco","country":""}
2026-02-21T18:48:06+00:00 DEBUG Received invalid country code when getting provider links. Ignoring it. CONTEXT: {"gateway":"woocommerce_payments_grabpay","country":""}
2026-02-21T18:48:06+00:00 DEBUG Received invalid country code when getting provider links. Ignoring it. CONTEXT: {"gateway":"woocommerce_payments_alipay","country":""}
2026-02-21T18:48:06+00:00 DEBUG Received invalid country code when getting provider links. Ignoring it. CONTEXT: {"gateway":"woocommerce_payments_wechat_pay","country":""}
2026-02-21T18:48:06+00:00 DEBUG Received invalid country code when getting provider links. Ignoring it. CONTEXT: {"gateway":"bacs","country":""}
2026-02-21T18:48:06+00:00 DEBUG Received invalid country code when getting provider links. Ignoring it. CONTEXT: {"gateway":"cheque","country":""}
2026-02-21T18:48:06+00:00 DEBUG Received invalid country code when getting provider links. Ignoring it. CONTEXT: {"gateway":"cod","country":""}
2026-02-21T18:48:06+00:00 DEBUG Received invalid country code when getting provider links. Ignoring it. CONTEXT: {"gateway":"ppcp-gateway","country":""}
2026-02-21T18:48:06+00:00 DEBUG Received invalid country code when getting provider links. Ignoring it. CONTEXT: {"gateway":"woocommerce_payments_bancontact","country":""}
2026-02-21T18:48:06+00:00 DEBUG Received invalid country code when getting provider links. Ignoring it. CONTEXT: {"gateway":"woocommerce_payments_sepa_debit","country":""}
2026-02-21T18:48:06+00:00 DEBUG Received invalid country code when getting provider links. Ignoring it. CONTEXT: {"gateway":"woocommerce_payments_giropay","country":""}
2026-02-21T18:48:06+00:00 DEBUG Received invalid country code when getting provider links. Ignoring it. CONTEXT: {"gateway":"woocommerce_payments_sofort","country":""}
2026-02-21T18:48:06+00:00 DEBUG Received invalid country code when getting provider links. Ignoring it. CONTEXT: {"gateway":"woocommerce_payments_p24","country":""}
2026-02-21T18:48:06+00:00 DEBUG Received invalid country code when getting provider links. Ignoring it. CONTEXT: {"gateway":"woocommerce_payments_ideal","country":""}
2026-02-21T18:48:06+00:00 DEBUG Received invalid country code when getting provider links. Ignoring it. CONTEXT: {"gateway":"woocommerce_payments_au_becs_debit","country":""}
2026-02-21T18:48:06+00:00 DEBUG Received invalid country code when getting provider links. Ignoring it. CONTEXT: {"gateway":"woocommerce_payments_eps","country":""}
2026-02-21T18:48:06+00:00 DEBUG Received invalid country code when getting provider links. Ignoring it. CONTEXT: {"gateway":"woocommerce_payments_affirm","country":""}
2026-02-21T18:48:06+00:00 DEBUG Received invalid country code when getting provider links. Ignoring it. CONTEXT: {"gateway":"woocommerce_payments_afterpay_clearpay","country":""}
2026-02-21T18:48:06+00:00 DEBUG Received invalid country code when getting provider links. Ignoring it. CONTEXT: {"gateway":"woocommerce_payments_klarna","country":""}
2026-02-21T18:48:06+00:00 DEBUG Received invalid country code when getting provider links. Ignoring it. CONTEXT: {"gateway":"woocommerce_payments_multibanco","country":""}
2026-02-21T18:48:06+00:00 DEBUG Received invalid country code when getting provider links. Ignoring it. CONTEXT: {"gateway":"woocommerce_payments_grabpay","country":""}
2026-02-21T18:48:06+00:00 DEBUG Received invalid country code when getting provider links. Ignoring it. CONTEXT: {"gateway":"woocommerce_payments_alipay","country":""}
2026-02-21T18:48:06+00:00 DEBUG Received invalid country code when getting provider links. Ignoring it. CONTEXT: {"gateway":"woocommerce_payments_wechat_pay","country":""}
2026-02-21T18:48:07+00:00 DEBUG Received invalid country code when getting provider links. Ignoring it. CONTEXT: {"gateway":"woocommerce_payments","country":""}
2026-02-21T18:48:07+00:00 DEBUG Received invalid country code when getting provider links. Ignoring it. CONTEXT: {"gateway":"woocommerce_payments_bancontact","country":""}
2026-02-21T18:48:07+00:00 DEBUG Received invalid country code when getting provider links. Ignoring it. CONTEXT: {"gateway":"woocommerce_payments_sepa_debit","country":""}
2026-02-21T18:48:07+00:00 DEBUG Received invalid country code when getting provider links. Ignoring it. CONTEXT: {"gateway":"woocommerce_payments_giropay","country":""}
2026-02-21T18:48:07+00:00 DEBUG Received invalid country code when getting provider links. Ignoring it. CONTEXT: {"gateway":"woocommerce_payments_sofort","country":""}
2026-02-21T18:48:07+00:00 DEBUG Received invalid country code when getting provider links. Ignoring it. CONTEXT: {"gateway":"woocommerce_payments_p24","country":""}
2026-02-21T18:48:07+00:00 DEBUG Received invalid country code when getting provider links. Ignoring it. CONTEXT: {"gateway":"woocommerce_payments_ideal","country":""}
2026-02-21T18:48:07+00:00 DEBUG Received invalid country code when getting provider links. Ignoring it. CONTEXT: {"gateway":"woocommerce_payments_au_becs_debit","country":""}
2026-02-21T18:48:07+00:00 DEBUG Received invalid country code when getting provider links. Ignoring it. CONTEXT: {"gateway":"woocommerce_payments_eps","country":""}
2026-02-21T18:48:07+00:00 DEBUG Received invalid country code when getting provider links. Ignoring it. CONTEXT: {"gateway":"woocommerce_payments_affirm","country":""}
2026-02-21T18:48:07+00:00 DEBUG Received invalid country code when getting provider links. Ignoring it. CONTEXT: {"gateway":"woocommerce_payments_afterpay_clearpay","country":""}
2026-02-21T18:48:07+00:00 DEBUG Received invalid country code when getting provider links. Ignoring it. CONTEXT: {"gateway":"woocommerce_payments_klarna","country":""}
2026-02-21T18:48:07+00:00 DEBUG Received invalid country code when getting provider links. Ignoring it. CONTEXT: {"gateway":"woocommerce_payments_multibanco","country":""}
2026-02-21T18:48:07+00:00 DEBUG Received invalid country code when getting provider links. Ignoring it. CONTEXT: {"gateway":"woocommerce_payments_grabpay","country":""}
2026-02-21T18:48:07+00:00 DEBUG Received invalid country code when getting provider links. Ignoring it. CONTEXT: {"gateway":"woocommerce_payments_alipay","country":""}
2026-02-21T18:48:07+00:00 DEBUG Received invalid country code when getting provider links. Ignoring it. CONTEXT: {"gateway":"woocommerce_payments_wechat_pay","country":""}
2026-02-21T18:48:07+00:00 DEBUG Received invalid country code when getting provider links. Ignoring it. CONTEXT: {"gateway":"bacs","country":""}
2026-02-21T18:48:07+00:00 DEBUG Received invalid country code when getting provider links. Ignoring it. CONTEXT: {"gateway":"cheque","country":""}
2026-02-21T18:48:07+00:00 DEBUG Received invalid country code when getting provider links. Ignoring it. CONTEXT: {"gateway":"cod","country":""}
2026-02-21T18:48:07+00:00 DEBUG Received invalid country code when getting provider links. Ignoring it. CONTEXT: {"gateway":"ppcp-gateway","country":""}
2026-02-21T18:48:07+00:00 DEBUG Received invalid country code when getting provider links. Ignoring it. CONTEXT: {"gateway":"woocommerce_payments_bancontact","country":""}
2026-02-21T18:48:07+00:00 DEBUG Received invalid country code when getting provider links. Ignoring it. CONTEXT: {"gateway":"woocommerce_payments_sepa_debit","country":""}
2026-02-21T18:48:07+00:00 DEBUG Received invalid country code when getting provider links. Ignoring it. CONTEXT: {"gateway":"woocommerce_payments_giropay","country":""}
2026-02-21T18:48:07+00:00 DEBUG Received invalid country code when getting provider links. Ignoring it. CONTEXT: {"gateway":"woocommerce_payments_sofort","country":""}
2026-02-21T18:48:07+00:00 DEBUG Received invalid country code when getting provider links. Ignoring it. CONTEXT: {"gateway":"woocommerce_payments_p24","country":""}
2026-02-21T18:48:07+00:00 DEBUG Received invalid country code when getting provider links. Ignoring it. CONTEXT: {"gateway":"woocommerce_payments_ideal","country":""}
2026-02-21T18:48:07+00:00 DEBUG Received invalid country code when getting provider links. Ignoring it. CONTEXT: {"gateway":"woocommerce_payments_au_becs_debit","country":""}
2026-02-21T18:48:07+00:00 DEBUG Received invalid country code when getting provider links. Ignoring it. CONTEXT: {"gateway":"woocommerce_payments_eps","country":""}
2026-02-21T18:48:07+00:00 DEBUG Received invalid country code when getting provider links. Ignoring it. CONTEXT: {"gateway":"woocommerce_payments_affirm","country":""}
2026-02-21T18:48:07+00:00 DEBUG Received invalid country code when getting provider links. Ignoring it. CONTEXT: {"gateway":"woocommerce_payments_afterpay_clearpay","country":""}
2026-02-21T18:48:07+00:00 DEBUG Received invalid country code when getting provider links. Ignoring it. CONTEXT: {"gateway":"woocommerce_payments_klarna","country":""}
2026-02-21T18:48:07+00:00 DEBUG Received invalid country code when getting provider links. Ignoring it. CONTEXT: {"gateway":"woocommerce_payments_multibanco","country":""}
2026-02-21T18:48:07+00:00 DEBUG Received invalid country code when getting provider links. Ignoring it. CONTEXT: {"gateway":"woocommerce_payments_grabpay","country":""}
2026-02-21T18:48:07+00:00 DEBUG Received invalid country code when getting provider links. Ignoring it. CONTEXT: {"gateway":"woocommerce_payments_alipay","country":""}
2026-02-21T18:48:07+00:00 DEBUG Received invalid country code when getting provider links. Ignoring it. CONTEXT: {"gateway":"woocommerce_payments_wechat_pay","country":""}
2026-02-21T18:48:07+00:00 DEBUG Received invalid country code when getting provider links. Ignoring it. CONTEXT: {"gateway":"woocommerce_payments","country":""}
2026-02-21T18:48:07+00:00 DEBUG Received invalid country code when getting provider links. Ignoring it. CONTEXT: {"gateway":"woocommerce_payments_bancontact","country":""}
2026-02-21T18:48:07+00:00 DEBUG Received invalid country code when getting provider links. Ignoring it. CONTEXT: {"gateway":"woocommerce_payments_sepa_debit","country":""}
2026-02-21T18:48:07+00:00 DEBUG Received invalid country code when getting provider links. Ignoring it. CONTEXT: {"gateway":"woocommerce_payments_giropay","country":""}
2026-02-21T18:48:07+00:00 DEBUG Received invalid country code when getting provider links. Ignoring it. CONTEXT: {"gateway":"woocommerce_payments_sofort","country":""}
2026-02-21T18:48:07+00:00 DEBUG Received invalid country code when getting provider links. Ignoring it. CONTEXT: {"gateway":"woocommerce_payments_p24","country":""}
2026-02-21T18:48:07+00:00 DEBUG Received invalid country code when getting provider links. Ignoring it. CONTEXT: {"gateway":"woocommerce_payments_ideal","country":""}
2026-02-21T18:48:07+00:00 DEBUG Received invalid country code when getting provider links. Ignoring it. CONTEXT: {"gateway":"woocommerce_payments_au_becs_debit","country":""}
2026-02-21T18:48:07+00:00 DEBUG Received invalid country code when getting provider links. Ignoring it. CONTEXT: {"gateway":"woocommerce_payments_eps","country":""}
2026-02-21T18:48:07+00:00 DEBUG Received invalid country code when getting provider links. Ignoring it. CONTEXT: {"gateway":"woocommerce_payments_affirm","country":""}
2026-02-21T18:48:07+00:00 DEBUG Received invalid country code when getting provider links. Ignoring it. CONTEXT: {"gateway":"woocommerce_payments_afterpay_clearpay","country":""}
2026-02-21T18:48:07+00:00 DEBUG Received invalid country code when getting provider links. Ignoring it. CONTEXT: {"gateway":"woocommerce_payments_klarna","country":""}
2026-02-21T18:48:07+00:00 DEBUG Received invalid country code when getting provider links. Ignoring it. CONTEXT: {"gateway":"woocommerce_payments_multibanco","country":""}
2026-02-21T18:48:07+00:00 DEBUG Received invalid country code when getting provider links. Ignoring it. CONTEXT: {"gateway":"woocommerce_payments_grabpay","country":""}
2026-02-21T18:48:07+00:00 DEBUG Received invalid country code when getting provider links. Ignoring it. CONTEXT: {"gateway":"woocommerce_payments_alipay","country":""}
2026-02-21T18:48:07+00:00 DEBUG Received invalid country code when getting provider links. Ignoring it. CONTEXT: {"gateway":"woocommerce_payments_wechat_pay","country":""}
2026-02-21T18:48:07+00:00 DEBUG Received invalid country code when getting provider links. Ignoring it. CONTEXT: {"gateway":"bacs","country":""}
2026-02-21T18:48:07+00:00 DEBUG Received invalid country code when getting provider links. Ignoring it. CONTEXT: {"gateway":"cheque","country":""}
2026-02-21T18:48:07+00:00 DEBUG Received invalid country code when getting provider links. Ignoring it. CONTEXT: {"gateway":"cod","country":""}
2026-02-21T18:48:07+00:00 DEBUG Received invalid country code when getting provider links. Ignoring it. CONTEXT: {"gateway":"ppcp-gateway","country":""}
2026-02-21T18:48:07+00:00 DEBUG Received invalid country code when getting provider links. Ignoring it. CONTEXT: {"gateway":"woocommerce_payments_bancontact","country":""}
2026-02-21T18:48:07+00:00 DEBUG Received invalid country code when getting provider links. Ignoring it. CONTEXT: {"gateway":"woocommerce_payments_sepa_debit","country":""}
2026-02-21T18:48:07+00:00 DEBUG Received invalid country code when getting provider links. Ignoring it. CONTEXT: {"gateway":"woocommerce_payments_giropay","country":""}
2026-02-21T18:48:07+00:00 DEBUG Received invalid country code when getting provider links. Ignoring it. CONTEXT: {"gateway":"woocommerce_payments_sofort","country":""}
2026-02-21T18:48:07+00:00 DEBUG Received invalid country code when getting provider links. Ignoring it. CONTEXT: {"gateway":"woocommerce_payments_p24","country":""}
2026-02-21T18:48:07+00:00 DEBUG Received invalid country code when getting provider links. Ignoring it. CONTEXT: {"gateway":"woocommerce_payments_ideal","country":""}
2026-02-21T18:48:07+00:00 DEBUG Received invalid country code when getting provider links. Ignoring it. CONTEXT: {"gateway":"woocommerce_payments_au_becs_debit","country":""}
2026-02-21T18:48:07+00:00 DEBUG Received invalid country code when getting provider links. Ignoring it. CONTEXT: {"gateway":"woocommerce_payments_eps","country":""}
2026-02-21T18:48:07+00:00 DEBUG Received invalid country code when getting provider links. Ignoring it. CONTEXT: {"gateway":"woocommerce_payments_affirm","country":""}
2026-02-21T18:48:07+00:00 DEBUG Received invalid country code when getting provider links. Ignoring it. CONTEXT: {"gateway":"woocommerce_payments_afterpay_clearpay","country":""}
2026-02-21T18:48:07+00:00 DEBUG Received invalid country code when getting provider links. Ignoring it. CONTEXT: {"gateway":"woocommerce_payments_klarna","country":""}
2026-02-21T18:48:07+00:00 DEBUG Received invalid country code when getting provider links. Ignoring it. CONTEXT: {"gateway":"woocommerce_payments_multibanco","country":""}
2026-02-21T18:48:07+00:00 DEBUG Received invalid country code when getting provider links. Ignoring it. CONTEXT: {"gateway":"woocommerce_payments_grabpay","country":""}
2026-02-21T18:48:07+00:00 DEBUG Received invalid country code when getting provider links. Ignoring it. CONTEXT: {"gateway":"woocommerce_payments_alipay","country":""}
2026-02-21T18:48:07+00:00 DEBUG Received invalid country code when getting provider links. Ignoring it. CONTEXT: {"gateway":"woocommerce_payments_wechat_pay","country":""}
2026-02-21T18:48:07+00:00 DEBUG Received invalid country code when getting provider links. Ignoring it. CONTEXT: {"gateway":"woocommerce_payments","country":""}
2026-02-21T18:48:07+00:00 DEBUG Received invalid country code when getting provider links. Ignoring it. CONTEXT: {"gateway":"woocommerce_payments_bancontact","country":""}
2026-02-21T18:48:07+00:00 DEBUG Received invalid country code when getting provider links. Ignoring it. CONTEXT: {"gateway":"woocommerce_payments_sepa_debit","country":""}
2026-02-21T18:48:07+00:00 DEBUG Received invalid country code when getting provider links. Ignoring it. CONTEXT: {"gateway":"woocommerce_payments_giropay","country":""}
2026-02-21T18:48:07+00:00 DEBUG Received invalid country code when getting provider links. Ignoring it. CONTEXT: {"gateway":"woocommerce_payments_sofort","country":""}
2026-02-21T18:48:07+00:00 DEBUG Received invalid country code when getting provider links. Ignoring it. CONTEXT: {"gateway":"woocommerce_payments_p24","country":""}
2026-02-21T18:48:07+00:00 DEBUG Received invalid country code when getting provider links. Ignoring it. CONTEXT: {"gateway":"woocommerce_payments_ideal","country":""}
2026-02-21T18:48:07+00:00 DEBUG Received invalid country code when getting provider links. Ignoring it. CONTEXT: {"gateway":"woocommerce_payments_au_becs_debit","country":""}
2026-02-21T18:48:07+00:00 DEBUG Received invalid country code when getting provider links. Ignoring it. CONTEXT: {"gateway":"woocommerce_payments_eps","country":""}
2026-02-21T18:48:07+00:00 DEBUG Received invalid country code when getting provider links. Ignoring it. CONTEXT: {"gateway":"woocommerce_payments_affirm","country":""}
2026-02-21T18:48:07+00:00 DEBUG Received invalid country code when getting provider links. Ignoring it. CONTEXT: {"gateway":"woocommerce_payments_afterpay_clearpay","country":""}
2026-02-21T18:48:07+00:00 DEBUG Received invalid country code when getting provider links. Ignoring it. CONTEXT: {"gateway":"woocommerce_payments_klarna","country":""}
2026-02-21T18:48:07+00:00 DEBUG Received invalid country code when getting provider links. Ignoring it. CONTEXT: {"gateway":"woocommerce_payments_multibanco","country":""}
2026-02-21T18:48:07+00:00 DEBUG Received invalid country code when getting provider links. Ignoring it. CONTEXT: {"gateway":"woocommerce_payments_grabpay","country":""}
2026-02-21T18:48:07+00:00 DEBUG Received invalid country code when getting provider links. Ignoring it. CONTEXT: {"gateway":"woocommerce_payments_alipay","country":""}
2026-02-21T18:48:07+00:00 DEBUG Received invalid country code when getting provider links. Ignoring it. CONTEXT: {"gateway":"woocommerce_payments_wechat_pay","country":""}
2026-02-21T18:48:07+00:00 DEBUG Received invalid country code when getting provider links. Ignoring it. CONTEXT: {"gateway":"bacs","country":""}
2026-02-21T18:48:07+00:00 DEBUG Received invalid country code when getting provider links. Ignoring it. CONTEXT: {"gateway":"cheque","country":""}
2026-02-21T18:48:07+00:00 DEBUG Received invalid country code when getting provider links. Ignoring it. CONTEXT: {"gateway":"cod","country":""}
2026-02-21T18:48:07+00:00 DEBUG Received invalid country code when getting provider links. Ignoring it. CONTEXT: {"gateway":"ppcp-gateway","country":""}
2026-02-21T18:48:07+00:00 DEBUG Received invalid country code when getting provider links. Ignoring it. CONTEXT: {"gateway":"woocommerce_payments_bancontact","country":""}
2026-02-21T18:48:07+00:00 DEBUG Received invalid country code when getting provider links. Ignoring it. CONTEXT: {"gateway":"woocommerce_payments_sepa_debit","country":""}
2026-02-21T18:48:07+00:00 DEBUG Received invalid country code when getting provider links. Ignoring it. CONTEXT: {"gateway":"woocommerce_payments_giropay","country":""}
2026-02-21T18:48:07+00:00 DEBUG Received invalid country code when getting provider links. Ignoring it. CONTEXT: {"gateway":"woocommerce_payments_sofort","country":""}
2026-02-21T18:48:07+00:00 DEBUG Received invalid country code when getting provider links. Ignoring it. CONTEXT: {"gateway":"woocommerce_payments_p24","country":""}
2026-02-21T18:48:07+00:00 DEBUG Received invalid country code when getting provider links. Ignoring it. CONTEXT: {"gateway":"woocommerce_payments_ideal","country":""}
2026-02-21T18:48:07+00:00 DEBUG Received invalid country code when getting provider links. Ignoring it. CONTEXT: {"gateway":"woocommerce_payments_au_becs_debit","country":""}
2026-02-21T18:48:07+00:00 DEBUG Received invalid country code when getting provider links. Ignoring it. CONTEXT: {"gateway":"woocommerce_payments_eps","country":""}
2026-02-21T18:48:07+00:00 DEBUG Received invalid country code when getting provider links. Ignoring it. CONTEXT: {"gateway":"woocommerce_payments_affirm","country":""}
2026-02-21T18:48:07+00:00 DEBUG Received invalid country code when getting provider links. Ignoring it. CONTEXT: {"gateway":"woocommerce_payments_afterpay_clearpay","country":""}
2026-02-21T18:48:07+00:00 DEBUG Received invalid country code when getting provider links. Ignoring it. CONTEXT: {"gateway":"woocommerce_payments_klarna","country":""}
2026-02-21T18:48:07+00:00 DEBUG Received invalid country code when getting provider links. Ignoring it. CONTEXT: {"gateway":"woocommerce_payments_multibanco","country":""}
2026-02-21T18:48:07+00:00 DEBUG Received invalid country code when getting provider links. Ignoring it. CONTEXT: {"gateway":"woocommerce_payments_grabpay","country":""}
2026-02-21T18:48:07+00:00 DEBUG Received invalid country code when getting provider links. Ignoring it. CONTEXT: {"gateway":"woocommerce_payments_alipay","country":""}
2026-02-21T18:48:07+00:00 DEBUG Received invalid country code when getting provider links. Ignoring it. CONTEXT: {"gateway":"woocommerce_payments_wechat_pay","country":""}
2026-02-21T18:48:07+00:00 DEBUG Received invalid country code when getting provider links. Ignoring it. CONTEXT: {"gateway":"woocommerce_payments","country":""}
2026-02-21T18:48:07+00:00 DEBUG Received invalid country code when getting provider links. Ignoring it. CONTEXT: {"gateway":"woocommerce_payments_bancontact","country":""}
2026-02-21T18:48:07+00:00 DEBUG Received invalid country code when getting provider links. Ignoring it. CONTEXT: {"gateway":"woocommerce_payments_sepa_debit","country":""}
2026-02-21T18:48:07+00:00 DEBUG Received invalid country code when getting provider links. Ignoring it. CONTEXT: {"gateway":"woocommerce_payments_giropay","country":""}
2026-02-21T18:48:07+00:00 DEBUG Received invalid country code when getting provider links. Ignoring it. CONTEXT: {"gateway":"woocommerce_payments_sofort","country":""}
2026-02-21T18:48:07+00:00 DEBUG Received invalid country code when getting provider links. Ignoring it. CONTEXT: {"gateway":"woocommerce_payments_p24","country":""}
2026-02-21T18:48:07+00:00 DEBUG Received invalid country code when getting provider links. Ignoring it. CONTEXT: {"gateway":"woocommerce_payments_ideal","country":""}
2026-02-21T18:48:07+00:00 DEBUG Received invalid country code when getting provider links. Ignoring it. CONTEXT: {"gateway":"woocommerce_payments_au_becs_debit","country":""}
2026-02-21T18:48:07+00:00 DEBUG Received invalid country code when getting provider links. Ignoring it. CONTEXT: {"gateway":"woocommerce_payments_eps","country":""}
2026-02-21T18:48:07+00:00 DEBUG Received invalid country code when getting provider links. Ignoring it. CONTEXT: {"gateway":"woocommerce_payments_affirm","country":""}
2026-02-21T18:48:07+00:00 DEBUG Received invalid country code when getting provider links. Ignoring it. CONTEXT: {"gateway":"woocommerce_payments_afterpay_clearpay","country":""}
2026-02-21T18:48:07+00:00 DEBUG Received invalid country code when getting provider links. Ignoring it. CONTEXT: {"gateway":"woocommerce_payments_klarna","country":""}
2026-02-21T18:48:07+00:00 DEBUG Received invalid country code when getting provider links. Ignoring it. CONTEXT: {"gateway":"woocommerce_payments_multibanco","country":""}
2026-02-21T18:48:07+00:00 DEBUG Received invalid country code when getting provider links. Ignoring it. CONTEXT: {"gateway":"woocommerce_payments_grabpay","country":""}
2026-02-21T18:48:07+00:00 DEBUG Received invalid country code when getting provider links. Ignoring it. CONTEXT: {"gateway":"woocommerce_payments_alipay","country":""}
2026-02-21T18:48:07+00:00 DEBUG Received invalid country code when getting provider links. Ignoring it. CONTEXT: {"gateway":"woocommerce_payments_wechat_pay","country":""}
2026-02-21T18:48:07+00:00 DEBUG Received invalid country code when getting provider links. Ignoring it. CONTEXT: {"gateway":"bacs","country":""}
2026-02-21T18:48:07+00:00 DEBUG Received invalid country code when getting provider links. Ignoring it. CONTEXT: {"gateway":"cheque","country":""}
2026-02-21T18:48:07+00:00 DEBUG Received invalid country code when getting provider links. Ignoring it. CONTEXT: {"gateway":"cod","country":""}
2026-02-21T18:48:07+00:00 DEBUG Received invalid country code when getting provider links. Ignoring it. CONTEXT: {"gateway":"ppcp-gateway","country":""}
2026-02-21T18:48:07+00:00 DEBUG Received invalid country code when getting provider links. Ignoring it. CONTEXT: {"gateway":"woocommerce_payments_bancontact","country":""}
2026-02-21T18:48:07+00:00 DEBUG Received invalid country code when getting provider links. Ignoring it. CONTEXT: {"gateway":"woocommerce_payments_sepa_debit","country":""}
2026-02-21T18:48:07+00:00 DEBUG Received invalid country code when getting provider links. Ignoring it. CONTEXT: {"gateway":"woocommerce_payments_giropay","country":""}
2026-02-21T18:48:07+00:00 DEBUG Received invalid country code when getting provider links. Ignoring it. CONTEXT: {"gateway":"woocommerce_payments_sofort","country":""}
2026-02-21T18:48:07+00:00 DEBUG Received invalid country code when getting provider links. Ignoring it. CONTEXT: {"gateway":"woocommerce_payments_p24","country":""}
2026-02-21T18:48:07+00:00 DEBUG Received invalid country code when getting provider links. Ignoring it. CONTEXT: {"gateway":"woocommerce_payments_ideal","country":""}
2026-02-21T18:48:07+00:00 DEBUG Received invalid country code when getting provider links. Ignoring it. CONTEXT: {"gateway":"woocommerce_payments_au_becs_debit","country":""}
2026-02-21T18:48:07+00:00 DEBUG Received invalid country code when getting provider links. Ignoring it. CONTEXT: {"gateway":"woocommerce_payments_eps","country":""}
2026-02-21T18:48:07+00:00 DEBUG Received invalid country code when getting provider links. Ignoring it. CONTEXT: {"gateway":"woocommerce_payments_affirm","country":""}
2026-02-21T18:48:07+00:00 DEBUG Received invalid country code when getting provider links. Ignoring it. CONTEXT: {"gateway":"woocommerce_payments_afterpay_clearpay","country":""}
2026-02-21T18:48:07+00:00 DEBUG Received invalid country code when getting provider links. Ignoring it. CONTEXT: {"gateway":"woocommerce_payments_klarna","country":""}
2026-02-21T18:48:07+00:00 DEBUG Received invalid country code when getting provider links. Ignoring it. CONTEXT: {"gateway":"woocommerce_payments_multibanco","country":""}
2026-02-21T18:48:07+00:00 DEBUG Received invalid country code when getting provider links. Ignoring it. CONTEXT: {"gateway":"woocommerce_payments_grabpay","country":""}
2026-02-21T18:48:07+00:00 DEBUG Received invalid country code when getting provider links. Ignoring it. CONTEXT: {"gateway":"woocommerce_payments_alipay","country":""}
2026-02-21T18:48:07+00:00 DEBUG Received invalid country code when getting provider links. Ignoring it. CONTEXT: {"gateway":"woocommerce_payments_wechat_pay","country":""}
2026-02-21T18:48:07+00:00 DEBUG Received invalid country code when getting provider links. Ignoring it. CONTEXT: {"gateway":"woocommerce_payments","country":""}
2026-02-21T18:48:07+00:00 DEBUG Received invalid country code when getting provider links. Ignoring it. CONTEXT: {"gateway":"woocommerce_payments_bancontact","country":""}
2026-02-21T18:48:07+00:00 DEBUG Received invalid country code when getting provider links. Ignoring it. CONTEXT: {"gateway":"woocommerce_payments_sepa_debit","country":""}
2026-02-21T18:48:07+00:00 DEBUG Received invalid country code when getting provider links. Ignoring it. CONTEXT: {"gateway":"woocommerce_payments_giropay","country":""}
2026-02-21T18:48:07+00:00 DEBUG Received invalid country code when getting provider links. Ignoring it. CONTEXT: {"gateway":"woocommerce_payments_sofort","country":""}
2026-02-21T18:48:07+00:00 DEBUG Received invalid country code when getting provider links. Ignoring it. CONTEXT: {"gateway":"woocommerce_payments_p24","country":""}
2026-02-21T18:48:07+00:00 DEBUG Received invalid country code when getting provider links. Ignoring it. CONTEXT: {"gateway":"woocommerce_payments_ideal","country":""}
2026-02-21T18:48:07+00:00 DEBUG Received invalid country code when getting provider links. Ignoring it. CONTEXT: {"gateway":"woocommerce_payments_au_becs_debit","country":""}
2026-02-21T18:48:07+00:00 DEBUG Received invalid country code when getting provider links. Ignoring it. CONTEXT: {"gateway":"woocommerce_payments_eps","country":""}
2026-02-21T18:48:07+00:00 DEBUG Received invalid country code when getting provider links. Ignoring it. CONTEXT: {"gateway":"woocommerce_payments_affirm","country":""}
2026-02-21T18:48:07+00:00 DEBUG Received invalid country code when getting provider links. Ignoring it. CONTEXT: {"gateway":"woocommerce_payments_afterpay_clearpay","country":""}
2026-02-21T18:48:07+00:00 DEBUG Received invalid country code when getting provider links. Ignoring it. CONTEXT: {"gateway":"woocommerce_payments_klarna","country":""}
2026-02-21T18:48:07+00:00 DEBUG Received invalid country code when getting provider links. Ignoring it. CONTEXT: {"gateway":"woocommerce_payments_multibanco","country":""}
2026-02-21T18:48:07+00:00 DEBUG Received invalid country code when getting provider links. Ignoring it. CONTEXT: {"gateway":"woocommerce_payments_grabpay","country":""}
2026-02-21T18:48:07+00:00 DEBUG Received invalid country code when getting provider links. Ignoring it. CONTEXT: {"gateway":"woocommerce_payments_alipay","country":""}
2026-02-21T18:48:07+00:00 DEBUG Received invalid country code when getting provider links. Ignoring it. CONTEXT: {"gateway":"woocommerce_payments_wechat_pay","country":""}
2026-02-21T18:48:07+00:00 DEBUG Received invalid country code when getting provider links. Ignoring it. CONTEXT: {"gateway":"bacs","country":""}
2026-02-21T18:48:07+00:00 DEBUG Received invalid country code when getting provider links. Ignoring it. CONTEXT: {"gateway":"cheque","country":""}
2026-02-21T18:48:07+00:00 DEBUG Received invalid country code when getting provider links. Ignoring it. CONTEXT: {"gateway":"cod","country":""}
2026-02-21T18:48:07+00:00 DEBUG Received invalid country code when getting provider links. Ignoring it. CONTEXT: {"gateway":"ppcp-gateway","country":""}
2026-02-21T18:48:07+00:00 DEBUG Received invalid country code when getting provider links. Ignoring it. CONTEXT: {"gateway":"woocommerce_payments_bancontact","country":""}
2026-02-21T18:48:07+00:00 DEBUG Received invalid country code when getting provider links. Ignoring it. CONTEXT: {"gateway":"woocommerce_payments_sepa_debit","country":""}
2026-02-21T18:48:07+00:00 DEBUG Received invalid country code when getting provider links. Ignoring it. CONTEXT: {"gateway":"woocommerce_payments_giropay","country":""}
2026-02-21T18:48:07+00:00 DEBUG Received invalid country code when getting provider links. Ignoring it. CONTEXT: {"gateway":"woocommerce_payments_sofort","country":""}
2026-02-21T18:48:07+00:00 DEBUG Received invalid country code when getting provider links. Ignoring it. CONTEXT: {"gateway":"woocommerce_payments_p24","country":""}
2026-02-21T18:48:07+00:00 DEBUG Received invalid country code when getting provider links. Ignoring it. CONTEXT: {"gateway":"woocommerce_payments_ideal","country":""}
2026-02-21T18:48:07+00:00 DEBUG Received invalid country code when getting provider links. Ignoring it. CONTEXT: {"gateway":"woocommerce_payments_au_becs_debit","country":""}
2026-02-21T18:48:07+00:00 DEBUG Received invalid country code when getting provider links. Ignoring it. CONTEXT: {"gateway":"woocommerce_payments_eps","country":""}
2026-02-21T18:48:07+00:00 DEBUG Received invalid country code when getting provider links. Ignoring it. CONTEXT: {"gateway":"woocommerce_payments_affirm","country":""}
2026-02-21T18:48:07+00:00 DEBUG Received invalid country code when getting provider links. Ignoring it. CONTEXT: {"gateway":"woocommerce_payments_afterpay_clearpay","country":""}
2026-02-21T18:48:07+00:00 DEBUG Received invalid country code when getting provider links. Ignoring it. CONTEXT: {"gateway":"woocommerce_payments_klarna","country":""}
2026-02-21T18:48:07+00:00 DEBUG Received invalid country code when getting provider links. Ignoring it. CONTEXT: {"gateway":"woocommerce_payments_multibanco","country":""}
2026-02-21T18:48:07+00:00 DEBUG Received invalid country code when getting provider links. Ignoring it. CONTEXT: {"gateway":"woocommerce_payments_grabpay","country":""}
2026-02-21T18:48:07+00:00 DEBUG Received invalid country code when getting provider links. Ignoring it. CONTEXT: {"gateway":"woocommerce_payments_alipay","country":""}
2026-02-21T18:48:07+00:00 DEBUG Received invalid country code when getting provider links. Ignoring it. CONTEXT: {"gateway":"woocommerce_payments_wechat_pay","country":""}
2026-02-21T18:48:07+00:00 DEBUG Received invalid country code when getting provider links. Ignoring it. CONTEXT: {"gateway":"woocommerce_payments","country":""}
2026-02-21T18:48:07+00:00 DEBUG Received invalid country code when getting provider links. Ignoring it. CONTEXT: {"gateway":"woocommerce_payments_bancontact","country":""}
2026-02-21T18:48:07+00:00 DEBUG Received invalid country code when getting provider links. Ignoring it. CONTEXT: {"gateway":"woocommerce_payments_sepa_debit","country":""}
2026-02-21T18:48:07+00:00 DEBUG Received invalid country code when getting provider links. Ignoring it. CONTEXT: {"gateway":"woocommerce_payments_giropay","country":""}
2026-02-21T18:48:07+00:00 DEBUG Received invalid country code when getting provider links. Ignoring it. CONTEXT: {"gateway":"woocommerce_payments_sofort","country":""}
2026-02-21T18:48:07+00:00 DEBUG Received invalid country code when getting provider links. Ignoring it. CONTEXT: {"gateway":"woocommerce_payments_p24","country":""}
2026-02-21T18:48:07+00:00 DEBUG Received invalid country code when getting provider links. Ignoring it. CONTEXT: {"gateway":"woocommerce_payments_ideal","country":""}
2026-02-21T18:48:07+00:00 DEBUG Received invalid country code when getting provider links. Ignoring it. CONTEXT: {"gateway":"woocommerce_payments_au_becs_debit","country":""}
2026-02-21T18:48:07+00:00 DEBUG Received invalid country code when getting provider links. Ignoring it. CONTEXT: {"gateway":"woocommerce_payments_eps","country":""}
2026-02-21T18:48:07+00:00 DEBUG Received invalid country code when getting provider links. Ignoring it. CONTEXT: {"gateway":"woocommerce_payments_affirm","country":""}
2026-02-21T18:48:07+00:00 DEBUG Received invalid country code when getting provider links. Ignoring it. CONTEXT: {"gateway":"woocommerce_payments_afterpay_clearpay","country":""}
2026-02-21T18:48:07+00:00 DEBUG Received invalid country code when getting provider links. Ignoring it. CONTEXT: {"gateway":"woocommerce_payments_klarna","country":""}
2026-02-21T18:48:07+00:00 DEBUG Received invalid country code when getting provider links. Ignoring it. CONTEXT: {"gateway":"woocommerce_payments_multibanco","country":""}
2026-02-21T18:48:07+00:00 DEBUG Received invalid country code when getting provider links. Ignoring it. CONTEXT: {"gateway":"woocommerce_payments_grabpay","country":""}
2026-02-21T18:48:07+00:00 DEBUG Received invalid country code when getting provider links. Ignoring it. CONTEXT: {"gateway":"woocommerce_payments_alipay","country":""}
2026-02-21T18:48:07+00:00 DEBUG Received invalid country code when getting provider links. Ignoring it. CONTEXT: {"gateway":"woocommerce_payments_wechat_pay","country":""}
2026-02-21T18:48:07+00:00 DEBUG Received invalid country code when getting provider links. Ignoring it. CONTEXT: {"gateway":"bacs","country":""}
2026-02-21T18:48:07+00:00 DEBUG Received invalid country code when getting provider links. Ignoring it. CONTEXT: {"gateway":"cheque","country":""}
2026-02-21T18:48:07+00:00 DEBUG Received invalid country code when getting provider links. Ignoring it. CONTEXT: {"gateway":"cod","country":""}
2026-02-21T18:48:07+00:00 DEBUG Received invalid country code when getting provider links. Ignoring it. CONTEXT: {"gateway":"ppcp-gateway","country":""}
2026-02-21T18:48:07+00:00 DEBUG Received invalid country code when getting provider links. Ignoring it. CONTEXT: {"gateway":"woocommerce_payments_bancontact","country":""}
2026-02-21T18:48:07+00:00 DEBUG Received invalid country code when getting provider links. Ignoring it. CONTEXT: {"gateway":"woocommerce_payments_sepa_debit","country":""}
2026-02-21T18:48:07+00:00 DEBUG Received invalid country code when getting provider links. Ignoring it. CONTEXT: {"gateway":"woocommerce_payments_giropay","country":""}
2026-02-21T18:48:07+00:00 DEBUG Received invalid country code when getting provider links. Ignoring it. CONTEXT: {"gateway":"woocommerce_payments_sofort","country":""}
2026-02-21T18:48:07+00:00 DEBUG Received invalid country code when getting provider links. Ignoring it. CONTEXT: {"gateway":"woocommerce_payments_p24","country":""}
2026-02-21T18:48:07+00:00 DEBUG Received invalid country code when getting provider links. Ignoring it. CONTEXT: {"gateway":"woocommerce_payments_ideal","country":""}
2026-02-21T18:48:07+00:00 DEBUG Received invalid country code when getting provider links. Ignoring it. CONTEXT: {"gateway":"woocommerce_payments_au_becs_debit","country":""}
2026-02-21T18:48:07+00:00 DEBUG Received invalid country code when getting provider links. Ignoring it. CONTEXT: {"gateway":"woocommerce_payments_eps","country":""}
2026-02-21T18:48:07+00:00 DEBUG Received invalid country code when getting provider links. Ignoring it. CONTEXT: {"gateway":"woocommerce_payments_affirm","country":""}
2026-02-21T18:48:07+00:00 DEBUG Received invalid country code when getting provider links. Ignoring it. CONTEXT: {"gateway":"woocommerce_payments_afterpay_clearpay","country":""}
2026-02-21T18:48:07+00:00 DEBUG Received invalid country code when getting provider links. Ignoring it. CONTEXT: {"gateway":"woocommerce_payments_klarna","country":""}
2026-02-21T18:48:07+00:00 DEBUG Received invalid country code when getting provider links. Ignoring it. CONTEXT: {"gateway":"woocommerce_payments_multibanco","country":""}
2026-02-21T18:48:07+00:00 DEBUG Received invalid country code when getting provider links. Ignoring it. CONTEXT: {"gateway":"woocommerce_payments_grabpay","country":""}
2026-02-21T18:48:07+00:00 DEBUG Received invalid country code when getting provider links. Ignoring it. CONTEXT: {"gateway":"woocommerce_payments_alipay","country":""}
2026-02-21T18:48:07+00:00 DEBUG Received invalid country code when getting provider links. Ignoring it. CONTEXT: {"gateway":"woocommerce_payments_wechat_pay","country":""}
2026-02-21T18:48:07+00:00 DEBUG Received invalid country code when getting provider links. Ignoring it. CONTEXT: {"gateway":"woocommerce_payments","country":""}
2026-02-21T18:48:07+00:00 DEBUG Received invalid country code when getting provider links. Ignoring it. CONTEXT: {"gateway":"woocommerce_payments_bancontact","country":""}
2026-02-21T18:48:07+00:00 DEBUG Received invalid country code when getting provider links. Ignoring it. CONTEXT: {"gateway":"woocommerce_payments_sepa_debit","country":""}
2026-02-21T18:48:07+00:00 DEBUG Received invalid country code when getting provider links. Ignoring it. CONTEXT: {"gateway":"woocommerce_payments_giropay","country":""}
2026-02-21T18:48:07+00:00 DEBUG Received invalid country code when getting provider links. Ignoring it. CONTEXT: {"gateway":"woocommerce_payments_sofort","country":""}
2026-02-21T18:48:07+00:00 DEBUG Received invalid country code when getting provider links. Ignoring it. CONTEXT: {"gateway":"woocommerce_payments_p24","country":""}
2026-02-21T18:48:07+00:00 DEBUG Received invalid country code when getting provider links. Ignoring it. CONTEXT: {"gateway":"woocommerce_payments_ideal","country":""}
2026-02-21T18:48:07+00:00 DEBUG Received invalid country code when getting provider links. Ignoring it. CONTEXT: {"gateway":"woocommerce_payments_au_becs_debit","country":""}
2026-02-21T18:48:07+00:00 DEBUG Received invalid country code when getting provider links. Ignoring it. CONTEXT: {"gateway":"woocommerce_payments_eps","country":""}
2026-02-21T18:48:07+00:00 DEBUG Received invalid country code when getting provider links. Ignoring it. CONTEXT: {"gateway":"woocommerce_payments_affirm","country":""}
2026-02-21T18:48:07+00:00 DEBUG Received invalid country code when getting provider links. Ignoring it. CONTEXT: {"gateway":"woocommerce_payments_afterpay_clearpay","country":""}
2026-02-21T18:48:07+00:00 DEBUG Received invalid country code when getting provider links. Ignoring it. CONTEXT: {"gateway":"woocommerce_payments_klarna","country":""}
2026-02-21T18:48:07+00:00 DEBUG Received invalid country code when getting provider links. Ignoring it. CONTEXT: {"gateway":"woocommerce_payments_multibanco","country":""}
2026-02-21T18:48:07+00:00 DEBUG Received invalid country code when getting provider links. Ignoring it. CONTEXT: {"gateway":"woocommerce_payments_grabpay","country":""}
2026-02-21T18:48:07+00:00 DEBUG Received invalid country code when getting provider links. Ignoring it. CONTEXT: {"gateway":"woocommerce_payments_alipay","country":""}
2026-02-21T18:48:07+00:00 DEBUG Received invalid country code when getting provider links. Ignoring it. CONTEXT: {"gateway":"woocommerce_payments_wechat_pay","country":""}
2026-02-21T18:48:07+00:00 DEBUG Received invalid country code when getting provider links. Ignoring it. CONTEXT: {"gateway":"bacs","country":""}
2026-02-21T18:48:07+00:00 DEBUG Received invalid country code when getting provider links. Ignoring it. CONTEXT: {"gateway":"cheque","country":""}
2026-02-21T18:48:07+00:00 DEBUG Received invalid country code when getting provider links. Ignoring it. CONTEXT: {"gateway":"cod","country":""}
2026-02-21T18:48:07+00:00 DEBUG Received invalid country code when getting provider links. Ignoring it. CONTEXT: {"gateway":"ppcp-gateway","country":""}
2026-02-21T18:48:07+00:00 DEBUG Received invalid country code when getting provider links. Ignoring it. CONTEXT: {"gateway":"woocommerce_payments_bancontact","country":""}
2026-02-21T18:48:07+00:00 DEBUG Received invalid country code when getting provider links. Ignoring it. CONTEXT: {"gateway":"woocommerce_payments_sepa_debit","country":""}
2026-02-21T18:48:07+00:00 DEBUG Received invalid country code when getting provider links. Ignoring it. CONTEXT: {"gateway":"woocommerce_payments_giropay","country":""}
2026-02-21T18:48:07+00:00 DEBUG Received invalid country code when getting provider links. Ignoring it. CONTEXT: {"gateway":"woocommerce_payments_sofort","country":""}
2026-02-21T18:48:07+00:00 DEBUG Received invalid country code when getting provider links. Ignoring it. CONTEXT: {"gateway":"woocommerce_payments_p24","country":""}
2026-02-21T18:48:07+00:00 DEBUG Received invalid country code when getting provider links. Ignoring it. CONTEXT: {"gateway":"woocommerce_payments_ideal","country":""}
2026-02-21T18:48:07+00:00 DEBUG Received invalid country code when getting provider links. Ignoring it. CONTEXT: {"gateway":"woocommerce_payments_au_becs_debit","country":""}
2026-02-21T18:48:07+00:00 DEBUG Received invalid country code when getting provider links. Ignoring it. CONTEXT: {"gateway":"woocommerce_payments_eps","country":""}
2026-02-21T18:48:07+00:00 DEBUG Received invalid country code when getting provider links. Ignoring it. CONTEXT: {"gateway":"woocommerce_payments_affirm","country":""}
2026-02-21T18:48:07+00:00 DEBUG Received invalid country code when getting provider links. Ignoring it. CONTEXT: {"gateway":"woocommerce_payments_afterpay_clearpay","country":""}
2026-02-21T18:48:07+00:00 DEBUG Received invalid country code when getting provider links. Ignoring it. CONTEXT: {"gateway":"woocommerce_payments_klarna","country":""}
2026-02-21T18:48:07+00:00 DEBUG Received invalid country code when getting provider links. Ignoring it. CONTEXT: {"gateway":"woocommerce_payments_multibanco","country":""}
2026-02-21T18:48:07+00:00 DEBUG Received invalid country code when getting provider links. Ignoring it. CONTEXT: {"gateway":"woocommerce_payments_grabpay","country":""}
2026-02-21T18:48:07+00:00 DEBUG Received invalid country code when getting provider links. Ignoring it. CONTEXT: {"gateway":"woocommerce_payments_alipay","country":""}
2026-02-21T18:48:07+00:00 DEBUG Received invalid country code when getting provider links. Ignoring it. CONTEXT: {"gateway":"woocommerce_payments_wechat_pay","country":""}
2026-02-21T18:48:07+00:00 DEBUG Received invalid country code when getting provider links. Ignoring it. CONTEXT: {"gateway":"woocommerce_payments","country":""}
2026-02-21T18:48:07+00:00 DEBUG Received invalid country code when getting provider links. Ignoring it. CONTEXT: {"gateway":"woocommerce_payments_bancontact","country":""}
2026-02-21T18:48:07+00:00 DEBUG Received invalid country code when getting provider links. Ignoring it. CONTEXT: {"gateway":"woocommerce_payments_sepa_debit","country":""}
2026-02-21T18:48:07+00:00 DEBUG Received invalid country code when getting provider links. Ignoring it. CONTEXT: {"gateway":"woocommerce_payments_giropay","country":""}
2026-02-21T18:48:07+00:00 DEBUG Received invalid country code when getting provider links. Ignoring it. CONTEXT: {"gateway":"woocommerce_payments_sofort","country":""}
2026-02-21T18:48:07+00:00 DEBUG Received invalid country code when getting provider links. Ignoring it. CONTEXT: {"gateway":"woocommerce_payments_p24","country":""}
2026-02-21T18:48:07+00:00 DEBUG Received invalid country code when getting provider links. Ignoring it. CONTEXT: {"gateway":"woocommerce_payments_ideal","country":""}
2026-02-21T18:48:07+00:00 DEBUG Received invalid country code when getting provider links. Ignoring it. CONTEXT: {"gateway":"woocommerce_payments_au_becs_debit","country":""}
2026-02-21T18:48:07+00:00 DEBUG Received invalid country code when getting provider links. Ignoring it. CONTEXT: {"gateway":"woocommerce_payments_eps","country":""}
2026-02-21T18:48:07+00:00 DEBUG Received invalid country code when getting provider links. Ignoring it. CONTEXT: {"gateway":"woocommerce_payments_affirm","country":""}
2026-02-21T18:48:07+00:00 DEBUG Received invalid country code when getting provider links. Ignoring it. CONTEXT: {"gateway":"woocommerce_payments_afterpay_clearpay","country":""}
2026-02-21T18:48:07+00:00 DEBUG Received invalid country code when getting provider links. Ignoring it. CONTEXT: {"gateway":"woocommerce_payments_klarna","country":""}
2026-02-21T18:48:07+00:00 DEBUG Received invalid country code when getting provider links. Ignoring it. CONTEXT: {"gateway":"woocommerce_payments_multibanco","country":""}
2026-02-21T18:48:07+00:00 DEBUG Received invalid country code when getting provider links. Ignoring it. CONTEXT: {"gateway":"woocommerce_payments_grabpay","country":""}
2026-02-21T18:48:07+00:00 DEBUG Received invalid country code when getting provider links. Ignoring it. CONTEXT: {"gateway":"woocommerce_payments_alipay","country":""}
2026-02-21T18:48:07+00:00 DEBUG Received invalid country code when getting provider links. Ignoring it. CONTEXT: {"gateway":"woocommerce_payments_wechat_pay","country":""}
2026-02-21T18:48:07+00:00 DEBUG Received invalid country code when getting provider links. Ignoring it. CONTEXT: {"gateway":"bacs","country":""}
2026-02-21T18:48:07+00:00 DEBUG Received invalid country code when getting provider links. Ignoring it. CONTEXT: {"gateway":"cheque","country":""}
2026-02-21T18:48:07+00:00 DEBUG Received invalid country code when getting provider links. Ignoring it. CONTEXT: {"gateway":"cod","country":""}
2026-02-21T18:48:07+00:00 DEBUG Received invalid country code when getting provider links. Ignoring it. CONTEXT: {"gateway":"ppcp-gateway","country":""}
2026-02-21T18:48:07+00:00 DEBUG Received invalid country code when getting provider links. Ignoring it. CONTEXT: {"gateway":"woocommerce_payments_bancontact","country":""}
2026-02-21T18:48:07+00:00 DEBUG Received invalid country code when getting provider links. Ignoring it. CONTEXT: {"gateway":"woocommerce_payments_sepa_debit","country":""}
2026-02-21T18:48:07+00:00 DEBUG Received invalid country code when getting provider links. Ignoring it. CONTEXT: {"gateway":"woocommerce_payments_giropay","country":""}
2026-02-21T18:48:07+00:00 DEBUG Received invalid country code when getting provider links. Ignoring it. CONTEXT: {"gateway":"woocommerce_payments_sofort","country":""}
2026-02-21T18:48:07+00:00 DEBUG Received invalid country code when getting provider links. Ignoring it. CONTEXT: {"gateway":"woocommerce_payments_p24","country":""}
2026-02-21T18:48:07+00:00 DEBUG Received invalid country code when getting provider links. Ignoring it. CONTEXT: {"gateway":"woocommerce_payments_ideal","country":""}
2026-02-21T18:48:07+00:00 DEBUG Received invalid country code when getting provider links. Ignoring it. CONTEXT: {"gateway":"woocommerce_payments_au_becs_debit","country":""}
2026-02-21T18:48:07+00:00 DEBUG Received invalid country code when getting provider links. Ignoring it. CONTEXT: {"gateway":"woocommerce_payments_eps","country":""}
2026-02-21T18:48:07+00:00 DEBUG Received invalid country code when getting provider links. Ignoring it. CONTEXT: {"gateway":"woocommerce_payments_affirm","country":""}
2026-02-21T18:48:07+00:00 DEBUG Received invalid country code when getting provider links. Ignoring it. CONTEXT: {"gateway":"woocommerce_payments_afterpay_clearpay","country":""}
2026-02-21T18:48:07+00:00 DEBUG Received invalid country code when getting provider links. Ignoring it. CONTEXT: {"gateway":"woocommerce_payments_klarna","country":""}
2026-02-21T18:48:07+00:00 DEBUG Received invalid country code when getting provider links. Ignoring it. CONTEXT: {"gateway":"woocommerce_payments_multibanco","country":""}
2026-02-21T18:48:07+00:00 DEBUG Received invalid country code when getting provider links. Ignoring it. CONTEXT: {"gateway":"woocommerce_payments_grabpay","country":""}
2026-02-21T18:48:07+00:00 DEBUG Received invalid country code when getting provider links. Ignoring it. CONTEXT: {"gateway":"woocommerce_payments_alipay","country":""}
2026-02-21T18:48:07+00:00 DEBUG Received invalid country code when getting provider links. Ignoring it. CONTEXT: {"gateway":"woocommerce_payments_wechat_pay","country":""}
2026-02-21T18:48:07+00:00 DEBUG Received invalid country code when getting provider links. Ignoring it. CONTEXT: {"gateway":"woocommerce_payments","country":""}
2026-02-21T18:48:07+00:00 DEBUG Received invalid country code when getting provider links. Ignoring it. CONTEXT: {"gateway":"woocommerce_payments_bancontact","country":""}
2026-02-21T18:48:07+00:00 DEBUG Received invalid country code when getting provider links. Ignoring it. CONTEXT: {"gateway":"woocommerce_payments_sepa_debit","country":""}
2026-02-21T18:48:07+00:00 DEBUG Received invalid country code when getting provider links. Ignoring it. CONTEXT: {"gateway":"woocommerce_payments_giropay","country":""}
2026-02-21T18:48:07+00:00 DEBUG Received invalid country code when getting provider links. Ignoring it. CONTEXT: {"gateway":"woocommerce_payments_sofort","country":""}
2026-02-21T18:48:07+00:00 DEBUG Received invalid country code when getting provider links. Ignoring it. CONTEXT: {"gateway":"woocommerce_payments_p24","country":""}
2026-02-21T18:48:07+00:00 DEBUG Received invalid country code when getting provider links. Ignoring it. CONTEXT: {"gateway":"woocommerce_payments_ideal","country":""}
2026-02-21T18:48:07+00:00 DEBUG Received invalid country code when getting provider links. Ignoring it. CONTEXT: {"gateway":"woocommerce_payments_au_becs_debit","country":""}
2026-02-21T18:48:07+00:00 DEBUG Received invalid country code when getting provider links. Ignoring it. CONTEXT: {"gateway":"woocommerce_payments_eps","country":""}
2026-02-21T18:48:07+00:00 DEBUG Received invalid country code when getting provider links. Ignoring it. CONTEXT: {"gateway":"woocommerce_payments_affirm","country":""}
2026-02-21T18:48:07+00:00 DEBUG Received invalid country code when getting provider links. Ignoring it. CONTEXT: {"gateway":"woocommerce_payments_afterpay_clearpay","country":""}
2026-02-21T18:48:07+00:00 DEBUG Received invalid country code when getting provider links. Ignoring it. CONTEXT: {"gateway":"woocommerce_payments_klarna","country":""}
2026-02-21T18:48:07+00:00 DEBUG Received invalid country code when getting provider links. Ignoring it. CONTEXT: {"gateway":"woocommerce_payments_multibanco","country":""}
2026-02-21T18:48:07+00:00 DEBUG Received invalid country code when getting provider links. Ignoring it. CONTEXT: {"gateway":"woocommerce_payments_grabpay","country":""}
2026-02-21T18:48:07+00:00 DEBUG Received invalid country code when getting provider links. Ignoring it. CONTEXT: {"gateway":"woocommerce_payments_alipay","country":""}
2026-02-21T18:48:07+00:00 DEBUG Received invalid country code when getting provider links. Ignoring it. CONTEXT: {"gateway":"woocommerce_payments_wechat_pay","country":""}
2026-02-21T18:48:07+00:00 DEBUG Received invalid country code when getting provider links. Ignoring it. CONTEXT: {"gateway":"bacs","country":""}
2026-02-21T18:48:07+00:00 DEBUG Received invalid country code when getting provider links. Ignoring it. CONTEXT: {"gateway":"cheque","country":""}
2026-02-21T18:48:07+00:00 DEBUG Received invalid country code when getting provider links. Ignoring it. CONTEXT: {"gateway":"cod","country":""}
2026-02-21T18:48:07+00:00 DEBUG Received invalid country code when getting provider links. Ignoring it. CONTEXT: {"gateway":"ppcp-gateway","country":""}
2026-02-21T18:48:07+00:00 DEBUG Received invalid country code when getting provider links. Ignoring it. CONTEXT: {"gateway":"woocommerce_payments_bancontact","country":""}
2026-02-21T18:48:07+00:00 DEBUG Received invalid country code when getting provider links. Ignoring it. CONTEXT: {"gateway":"woocommerce_payments_sepa_debit","country":""}
2026-02-21T18:48:07+00:00 DEBUG Received invalid country code when getting provider links. Ignoring it. CONTEXT: {"gateway":"woocommerce_payments_giropay","country":""}
2026-02-21T18:48:07+00:00 DEBUG Received invalid country code when getting provider links. Ignoring it. CONTEXT: {"gateway":"woocommerce_payments_sofort","country":""}
2026-02-21T18:48:07+00:00 DEBUG Received invalid country code when getting provider links. Ignoring it. CONTEXT: {"gateway":"woocommerce_payments_p24","country":""}
2026-02-21T18:48:07+00:00 DEBUG Received invalid country code when getting provider links. Ignoring it. CONTEXT: {"gateway":"woocommerce_payments_ideal","country":""}
2026-02-21T18:48:07+00:00 DEBUG Received invalid country code when getting provider links. Ignoring it. CONTEXT: {"gateway":"woocommerce_payments_au_becs_debit","country":""}
2026-02-21T18:48:07+00:00 DEBUG Received invalid country code when getting provider links. Ignoring it. CONTEXT: {"gateway":"woocommerce_payments_eps","country":""}
2026-02-21T18:48:07+00:00 DEBUG Received invalid country code when getting provider links. Ignoring it. CONTEXT: {"gateway":"woocommerce_payments_affirm","country":""}
2026-02-21T18:48:07+00:00 DEBUG Received invalid country code when getting provider links. Ignoring it. CONTEXT: {"gateway":"woocommerce_payments_afterpay_clearpay","country":""}
2026-02-21T18:48:07+00:00 DEBUG Received invalid country code when getting provider links. Ignoring it. CONTEXT: {"gateway":"woocommerce_payments_klarna","country":""}
2026-02-21T18:48:07+00:00 DEBUG Received invalid country code when getting provider links. Ignoring it. CONTEXT: {"gateway":"woocommerce_payments_multibanco","country":""}
2026-02-21T18:48:07+00:00 DEBUG Received invalid country code when getting provider links. Ignoring it. CONTEXT: {"gateway":"woocommerce_payments_grabpay","country":""}
2026-02-21T18:48:07+00:00 DEBUG Received invalid country code when getting provider links. Ignoring it. CONTEXT: {"gateway":"woocommerce_payments_alipay","country":""}
2026-02-21T18:48:07+00:00 DEBUG Received invalid country code when getting provider links. Ignoring it. CONTEXT: {"gateway":"woocommerce_payments_wechat_pay","country":""}
2026-02-21T18:48:08+00:00 DEBUG Received invalid country code when getting provider links. Ignoring it. CONTEXT: {"gateway":"woocommerce_payments","country":""}
2026-02-21T18:48:08+00:00 DEBUG Received invalid country code when getting provider links. Ignoring it. CONTEXT: {"gateway":"woocommerce_payments_bancontact","country":""}
2026-02-21T18:48:08+00:00 DEBUG Received invalid country code when getting provider links. Ignoring it. CONTEXT: {"gateway":"woocommerce_payments_sepa_debit","country":""}
2026-02-21T18:48:08+00:00 DEBUG Received invalid country code when getting provider links. Ignoring it. CONTEXT: {"gateway":"woocommerce_payments_giropay","country":""}
2026-02-21T18:48:08+00:00 DEBUG Received invalid country code when getting provider links. Ignoring it. CONTEXT: {"gateway":"woocommerce_payments_sofort","country":""}
2026-02-21T18:48:08+00:00 DEBUG Received invalid country code when getting provider links. Ignoring it. CONTEXT: {"gateway":"woocommerce_payments_p24","country":""}
2026-02-21T18:48:08+00:00 DEBUG Received invalid country code when getting provider links. Ignoring it. CONTEXT: {"gateway":"woocommerce_payments_ideal","country":""}
2026-02-21T18:48:08+00:00 DEBUG Received invalid country code when getting provider links. Ignoring it. CONTEXT: {"gateway":"woocommerce_payments_au_becs_debit","country":""}
2026-02-21T18:48:08+00:00 DEBUG Received invalid country code when getting provider links. Ignoring it. CONTEXT: {"gateway":"woocommerce_payments_eps","country":""}
2026-02-21T18:48:08+00:00 DEBUG Received invalid country code when getting provider links. Ignoring it. CONTEXT: {"gateway":"woocommerce_payments_affirm","country":""}
2026-02-21T18:48:08+00:00 DEBUG Received invalid country code when getting provider links. Ignoring it. CONTEXT: {"gateway":"woocommerce_payments_afterpay_clearpay","country":""}
2026-02-21T18:48:08+00:00 DEBUG Received invalid country code when getting provider links. Ignoring it. CONTEXT: {"gateway":"woocommerce_payments_klarna","country":""}
2026-02-21T18:48:08+00:00 DEBUG Received invalid country code when getting provider links. Ignoring it. CONTEXT: {"gateway":"woocommerce_payments_multibanco","country":""}
2026-02-21T18:48:08+00:00 DEBUG Received invalid country code when getting provider links. Ignoring it. CONTEXT: {"gateway":"woocommerce_payments_grabpay","country":""}
2026-02-21T18:48:08+00:00 DEBUG Received invalid country code when getting provider links. Ignoring it. CONTEXT: {"gateway":"woocommerce_payments_alipay","country":""}
2026-02-21T18:48:08+00:00 DEBUG Received invalid country code when getting provider links. Ignoring it. CONTEXT: {"gateway":"woocommerce_payments_wechat_pay","country":""}
2026-02-21T18:48:08+00:00 DEBUG Received invalid country code when getting provider links. Ignoring it. CONTEXT: {"gateway":"bacs","country":""}
2026-02-21T18:48:08+00:00 DEBUG Received invalid country code when getting provider links. Ignoring it. CONTEXT: {"gateway":"cheque","country":""}
2026-02-21T18:48:08+00:00 DEBUG Received invalid country code when getting provider links. Ignoring it. CONTEXT: {"gateway":"cod","country":""}
2026-02-21T18:48:08+00:00 DEBUG Received invalid country code when getting provider links. Ignoring it. CONTEXT: {"gateway":"ppcp-gateway","country":""}
2026-02-21T18:48:08+00:00 DEBUG Received invalid country code when getting provider links. Ignoring it. CONTEXT: {"gateway":"woocommerce_payments_bancontact","country":""}
2026-02-21T18:48:08+00:00 DEBUG Received invalid country code when getting provider links. Ignoring it. CONTEXT: {"gateway":"woocommerce_payments_sepa_debit","country":""}
2026-02-21T18:48:08+00:00 DEBUG Received invalid country code when getting provider links. Ignoring it. CONTEXT: {"gateway":"woocommerce_payments_giropay","country":""}
2026-02-21T18:48:08+00:00 DEBUG Received invalid country code when getting provider links. Ignoring it. CONTEXT: {"gateway":"woocommerce_payments_sofort","country":""}
2026-02-21T18:48:08+00:00 DEBUG Received invalid country code when getting provider links. Ignoring it. CONTEXT: {"gateway":"woocommerce_payments_p24","country":""}
2026-02-21T18:48:08+00:00 DEBUG Received invalid country code when getting provider links. Ignoring it. CONTEXT: {"gateway":"woocommerce_payments_ideal","country":""}
2026-02-21T18:48:08+00:00 DEBUG Received invalid country code when getting provider links. Ignoring it. CONTEXT: {"gateway":"woocommerce_payments_au_becs_debit","country":""}
2026-02-21T18:48:08+00:00 DEBUG Received invalid country code when getting provider links. Ignoring it. CONTEXT: {"gateway":"woocommerce_payments_eps","country":""}
2026-02-21T18:48:08+00:00 DEBUG Received invalid country code when getting provider links. Ignoring it. CONTEXT: {"gateway":"woocommerce_payments_affirm","country":""}
2026-02-21T18:48:08+00:00 DEBUG Received invalid country code when getting provider links. Ignoring it. CONTEXT: {"gateway":"woocommerce_payments_afterpay_clearpay","country":""}
2026-02-21T18:48:08+00:00 DEBUG Received invalid country code when getting provider links. Ignoring it. CONTEXT: {"gateway":"woocommerce_payments_klarna","country":""}
2026-02-21T18:48:08+00:00 DEBUG Received invalid country code when getting provider links. Ignoring it. CONTEXT: {"gateway":"woocommerce_payments_multibanco","country":""}
2026-02-21T18:48:08+00:00 DEBUG Received invalid country code when getting provider links. Ignoring it. CONTEXT: {"gateway":"woocommerce_payments_grabpay","country":""}
2026-02-21T18:48:08+00:00 DEBUG Received invalid country code when getting provider links. Ignoring it. CONTEXT: {"gateway":"woocommerce_payments_alipay","country":""}
2026-02-21T18:48:08+00:00 DEBUG Received invalid country code when getting provider links. Ignoring it. CONTEXT: {"gateway":"woocommerce_payments_wechat_pay","country":""}
2026-02-21T18:48:08+00:00 DEBUG Received invalid country code when getting provider links. Ignoring it. CONTEXT: {"gateway":"woocommerce_payments","country":""}
2026-02-21T18:48:08+00:00 DEBUG Received invalid country code when getting provider links. Ignoring it. CONTEXT: {"gateway":"woocommerce_payments_bancontact","country":""}
2026-02-21T18:48:08+00:00 DEBUG Received invalid country code when getting provider links. Ignoring it. CONTEXT: {"gateway":"woocommerce_payments_sepa_debit","country":""}
2026-02-21T18:48:08+00:00 DEBUG Received invalid country code when getting provider links. Ignoring it. CONTEXT: {"gateway":"woocommerce_payments_giropay","country":""}
2026-02-21T18:48:08+00:00 DEBUG Received invalid country code when getting provider links. Ignoring it. CONTEXT: {"gateway":"woocommerce_payments_sofort","country":""}
2026-02-21T18:48:08+00:00 DEBUG Received invalid country code when getting provider links. Ignoring it. CONTEXT: {"gateway":"woocommerce_payments_p24","country":""}
2026-02-21T18:48:08+00:00 DEBUG Received invalid country code when getting provider links. Ignoring it. CONTEXT: {"gateway":"woocommerce_payments_ideal","country":""}
2026-02-21T18:48:08+00:00 DEBUG Received invalid country code when getting provider links. Ignoring it. CONTEXT: {"gateway":"woocommerce_payments_au_becs_debit","country":""}
2026-02-21T18:48:08+00:00 DEBUG Received invalid country code when getting provider links. Ignoring it. CONTEXT: {"gateway":"woocommerce_payments_eps","country":""}
2026-02-21T18:48:08+00:00 DEBUG Received invalid country code when getting provider links. Ignoring it. CONTEXT: {"gateway":"woocommerce_payments_affirm","country":""}
2026-02-21T18:48:08+00:00 DEBUG Received invalid country code when getting provider links. Ignoring it. CONTEXT: {"gateway":"woocommerce_payments_afterpay_clearpay","country":""}
2026-02-21T18:48:08+00:00 DEBUG Received invalid country code when getting provider links. Ignoring it. CONTEXT: {"gateway":"woocommerce_payments_klarna","country":""}
2026-02-21T18:48:08+00:00 DEBUG Received invalid country code when getting provider links. Ignoring it. CONTEXT: {"gateway":"woocommerce_payments_multibanco","country":""}
2026-02-21T18:48:08+00:00 DEBUG Received invalid country code when getting provider links. Ignoring it. CONTEXT: {"gateway":"woocommerce_payments_grabpay","country":""}
2026-02-21T18:48:08+00:00 DEBUG Received invalid country code when getting provider links. Ignoring it. CONTEXT: {"gateway":"woocommerce_payments_alipay","country":""}
2026-02-21T18:48:08+00:00 DEBUG Received invalid country code when getting provider links. Ignoring it. CONTEXT: {"gateway":"woocommerce_payments_wechat_pay","country":""}
2026-02-21T18:48:08+00:00 DEBUG Received invalid country code when getting provider links. Ignoring it. CONTEXT: {"gateway":"bacs","country":""}
2026-02-21T18:48:08+00:00 DEBUG Received invalid country code when getting provider links. Ignoring it. CONTEXT: {"gateway":"cheque","country":""}
2026-02-21T18:48:08+00:00 DEBUG Received invalid country code when getting provider links. Ignoring it. CONTEXT: {"gateway":"cod","country":""}
2026-02-21T18:48:08+00:00 DEBUG Received invalid country code when getting provider links. Ignoring it. CONTEXT: {"gateway":"ppcp-gateway","country":""}
2026-02-21T18:48:08+00:00 DEBUG Received invalid country code when getting provider links. Ignoring it. CONTEXT: {"gateway":"woocommerce_payments_bancontact","country":""}
2026-02-21T18:48:08+00:00 DEBUG Received invalid country code when getting provider links. Ignoring it. CONTEXT: {"gateway":"woocommerce_payments_sepa_debit","country":""}
2026-02-21T18:48:08+00:00 DEBUG Received invalid country code when getting provider links. Ignoring it. CONTEXT: {"gateway":"woocommerce_payments_giropay","country":""}
2026-02-21T18:48:08+00:00 DEBUG Received invalid country code when getting provider links. Ignoring it. CONTEXT: {"gateway":"woocommerce_payments_sofort","country":""}
2026-02-21T18:48:08+00:00 DEBUG Received invalid country code when getting provider links. Ignoring it. CONTEXT: {"gateway":"woocommerce_payments_p24","country":""}
2026-02-21T18:48:08+00:00 DEBUG Received invalid country code when getting provider links. Ignoring it. CONTEXT: {"gateway":"woocommerce_payments_ideal","country":""}
2026-02-21T18:48:08+00:00 DEBUG Received invalid country code when getting provider links. Ignoring it. CONTEXT: {"gateway":"woocommerce_payments_au_becs_debit","country":""}
2026-02-21T18:48:08+00:00 DEBUG Received invalid country code when getting provider links. Ignoring it. CONTEXT: {"gateway":"woocommerce_payments_eps","country":""}
2026-02-21T18:48:08+00:00 DEBUG Received invalid country code when getting provider links. Ignoring it. CONTEXT: {"gateway":"woocommerce_payments_affirm","country":""}
2026-02-21T18:48:08+00:00 DEBUG Received invalid country code when getting provider links. Ignoring it. CONTEXT: {"gateway":"woocommerce_payments_afterpay_clearpay","country":""}
2026-02-21T18:48:08+00:00 DEBUG Received invalid country code when getting provider links. Ignoring it. CONTEXT: {"gateway":"woocommerce_payments_klarna","country":""}
2026-02-21T18:48:08+00:00 DEBUG Received invalid country code when getting provider links. Ignoring it. CONTEXT: {"gateway":"woocommerce_payments_multibanco","country":""}
2026-02-21T18:48:08+00:00 DEBUG Received invalid country code when getting provider links. Ignoring it. CONTEXT: {"gateway":"woocommerce_payments_grabpay","country":""}
2026-02-21T18:48:08+00:00 DEBUG Received invalid country code when getting provider links. Ignoring it. CONTEXT: {"gateway":"woocommerce_payments_alipay","country":""}
2026-02-21T18:48:08+00:00 DEBUG Received invalid country code when getting provider links. Ignoring it. CONTEXT: {"gateway":"woocommerce_payments_wechat_pay","country":""}
2026-02-21T18:48:08+00:00 DEBUG Received invalid country code when getting provider links. Ignoring it. CONTEXT: {"gateway":"woocommerce_payments","country":""}
2026-02-21T18:48:08+00:00 DEBUG Received invalid country code when getting provider links. Ignoring it. CONTEXT: {"gateway":"woocommerce_payments_bancontact","country":""}
2026-02-21T18:48:08+00:00 DEBUG Received invalid country code when getting provider links. Ignoring it. CONTEXT: {"gateway":"woocommerce_payments_sepa_debit","country":""}
2026-02-21T18:48:08+00:00 DEBUG Received invalid country code when getting provider links. Ignoring it. CONTEXT: {"gateway":"woocommerce_payments_giropay","country":""}
2026-02-21T18:48:08+00:00 DEBUG Received invalid country code when getting provider links. Ignoring it. CONTEXT: {"gateway":"woocommerce_payments_sofort","country":""}
2026-02-21T18:48:08+00:00 DEBUG Received invalid country code when getting provider links. Ignoring it. CONTEXT: {"gateway":"woocommerce_payments_p24","country":""}
2026-02-21T18:48:08+00:00 DEBUG Received invalid country code when getting provider links. Ignoring it. CONTEXT: {"gateway":"woocommerce_payments_ideal","country":""}
2026-02-21T18:48:08+00:00 DEBUG Received invalid country code when getting provider links. Ignoring it. CONTEXT: {"gateway":"woocommerce_payments_au_becs_debit","country":""}
2026-02-21T18:48:08+00:00 DEBUG Received invalid country code when getting provider links. Ignoring it. CONTEXT: {"gateway":"woocommerce_payments_eps","country":""}
2026-02-21T18:48:08+00:00 DEBUG Received invalid country code when getting provider links. Ignoring it. CONTEXT: {"gateway":"woocommerce_payments_affirm","country":""}
2026-02-21T18:48:08+00:00 DEBUG Received invalid country code when getting provider links. Ignoring it. CONTEXT: {"gateway":"woocommerce_payments_afterpay_clearpay","country":""}
2026-02-21T18:48:08+00:00 DEBUG Received invalid country code when getting provider links. Ignoring it. CONTEXT: {"gateway":"woocommerce_payments_klarna","country":""}
2026-02-21T18:48:08+00:00 DEBUG Received invalid country code when getting provider links. Ignoring it. CONTEXT: {"gateway":"woocommerce_payments_multibanco","country":""}
2026-02-21T18:48:08+00:00 DEBUG Received invalid country code when getting provider links. Ignoring it. CONTEXT: {"gateway":"woocommerce_payments_grabpay","country":""}
2026-02-21T18:48:08+00:00 DEBUG Received invalid country code when getting provider links. Ignoring it. CONTEXT: {"gateway":"woocommerce_payments_alipay","country":""}
2026-02-21T18:48:08+00:00 DEBUG Received invalid country code when getting provider links. Ignoring it. CONTEXT: {"gateway":"woocommerce_payments_wechat_pay","country":""}
2026-02-21T18:48:08+00:00 DEBUG Received invalid country code when getting provider links. Ignoring it. CONTEXT: {"gateway":"bacs","country":""}
2026-02-21T18:48:08+00:00 DEBUG Received invalid country code when getting provider links. Ignoring it. CONTEXT: {"gateway":"cheque","country":""}
2026-02-21T18:48:08+00:00 DEBUG Received invalid country code when getting provider links. Ignoring it. CONTEXT: {"gateway":"cod","country":""}
2026-02-21T18:48:08+00:00 DEBUG Received invalid country code when getting provider links. Ignoring it. CONTEXT: {"gateway":"ppcp-gateway","country":""}
2026-02-21T18:48:08+00:00 DEBUG Received invalid country code when getting provider links. Ignoring it. CONTEXT: {"gateway":"woocommerce_payments_bancontact","country":""}
2026-02-21T18:48:08+00:00 DEBUG Received invalid country code when getting provider links. Ignoring it. CONTEXT: {"gateway":"woocommerce_payments_sepa_debit","country":""}
2026-02-21T18:48:08+00:00 DEBUG Received invalid country code when getting provider links. Ignoring it. CONTEXT: {"gateway":"woocommerce_payments_giropay","country":""}
2026-02-21T18:48:08+00:00 DEBUG Received invalid country code when getting provider links. Ignoring it. CONTEXT: {"gateway":"woocommerce_payments_sofort","country":""}
2026-02-21T18:48:08+00:00 DEBUG Received invalid country code when getting provider links. Ignoring it. CONTEXT: {"gateway":"woocommerce_payments_p24","country":""}
2026-02-21T18:48:08+00:00 DEBUG Received invalid country code when getting provider links. Ignoring it. CONTEXT: {"gateway":"woocommerce_payments_ideal","country":""}
2026-02-21T18:48:08+00:00 DEBUG Received invalid country code when getting provider links. Ignoring it. CONTEXT: {"gateway":"woocommerce_payments_au_becs_debit","country":""}
2026-02-21T18:48:08+00:00 DEBUG Received invalid country code when getting provider links. Ignoring it. CONTEXT: {"gateway":"woocommerce_payments_eps","country":""}
2026-02-21T18:48:08+00:00 DEBUG Received invalid country code when getting provider links. Ignoring it. CONTEXT: {"gateway":"woocommerce_payments_affirm","country":""}
2026-02-21T18:48:08+00:00 DEBUG Received invalid country code when getting provider links. Ignoring it. CONTEXT: {"gateway":"woocommerce_payments_afterpay_clearpay","country":""}
2026-02-21T18:48:08+00:00 DEBUG Received invalid country code when getting provider links. Ignoring it. CONTEXT: {"gateway":"woocommerce_payments_klarna","country":""}
2026-02-21T18:48:08+00:00 DEBUG Received invalid country code when getting provider links. Ignoring it. CONTEXT: {"gateway":"woocommerce_payments_multibanco","country":""}
2026-02-21T18:48:08+00:00 DEBUG Received invalid country code when getting provider links. Ignoring it. CONTEXT: {"gateway":"woocommerce_payments_grabpay","country":""}
2026-02-21T18:48:08+00:00 DEBUG Received invalid country code when getting provider links. Ignoring it. CONTEXT: {"gateway":"woocommerce_payments_alipay","country":""}
2026-02-21T18:48:08+00:00 DEBUG Received invalid country code when getting provider links. Ignoring it. CONTEXT: {"gateway":"woocommerce_payments_wechat_pay","country":""}
2026-02-21T18:48:08+00:00 DEBUG Received invalid country code when getting provider links. Ignoring it. CONTEXT: {"gateway":"woocommerce_payments","country":""}
2026-02-21T18:48:08+00:00 DEBUG Received invalid country code when getting provider links. Ignoring it. CONTEXT: {"gateway":"woocommerce_payments_bancontact","country":""}
2026-02-21T18:48:08+00:00 DEBUG Received invalid country code when getting provider links. Ignoring it. CONTEXT: {"gateway":"woocommerce_payments_sepa_debit","country":""}
2026-02-21T18:48:08+00:00 DEBUG Received invalid country code when getting provider links. Ignoring it. CONTEXT: {"gateway":"woocommerce_payments_giropay","country":""}
2026-02-21T18:48:08+00:00 DEBUG Received invalid country code when getting provider links. Ignoring it. CONTEXT: {"gateway":"woocommerce_payments_sofort","country":""}
2026-02-21T18:48:08+00:00 DEBUG Received invalid country code when getting provider links. Ignoring it. CONTEXT: {"gateway":"woocommerce_payments_p24","country":""}
2026-02-21T18:48:08+00:00 DEBUG Received invalid country code when getting provider links. Ignoring it. CONTEXT: {"gateway":"woocommerce_payments_ideal","country":""}
2026-02-21T18:48:08+00:00 DEBUG Received invalid country code when getting provider links. Ignoring it. CONTEXT: {"gateway":"woocommerce_payments_au_becs_debit","country":""}
2026-02-21T18:48:08+00:00 DEBUG Received invalid country code when getting provider links. Ignoring it. CONTEXT: {"gateway":"woocommerce_payments_eps","country":""}
2026-02-21T18:48:08+00:00 DEBUG Received invalid country code when getting provider links. Ignoring it. CONTEXT: {"gateway":"woocommerce_payments_affirm","country":""}
2026-02-21T18:48:08+00:00 DEBUG Received invalid country code when getting provider links. Ignoring it. CONTEXT: {"gateway":"woocommerce_payments_afterpay_clearpay","country":""}
2026-02-21T18:48:08+00:00 DEBUG Received invalid country code when getting provider links. Ignoring it. CONTEXT: {"gateway":"woocommerce_payments_klarna","country":""}
2026-02-21T18:48:08+00:00 DEBUG Received invalid country code when getting provider links. Ignoring it. CONTEXT: {"gateway":"woocommerce_payments_multibanco","country":""}
2026-02-21T18:48:08+00:00 DEBUG Received invalid country code when getting provider links. Ignoring it. CONTEXT: {"gateway":"woocommerce_payments_grabpay","country":""}
2026-02-21T18:48:08+00:00 DEBUG Received invalid country code when getting provider links. Ignoring it. CONTEXT: {"gateway":"woocommerce_payments_alipay","country":""}
2026-02-21T18:48:08+00:00 DEBUG Received invalid country code when getting provider links. Ignoring it. CONTEXT: {"gateway":"woocommerce_payments_wechat_pay","country":""}
2026-02-21T18:48:08+00:00 DEBUG Received invalid country code when getting provider links. Ignoring it. CONTEXT: {"gateway":"bacs","country":""}
2026-02-21T18:48:08+00:00 DEBUG Received invalid country code when getting provider links. Ignoring it. CONTEXT: {"gateway":"cheque","country":""}
2026-02-21T18:48:08+00:00 DEBUG Received invalid country code when getting provider links. Ignoring it. CONTEXT: {"gateway":"cod","country":""}
2026-02-21T18:48:08+00:00 DEBUG Received invalid country code when getting provider links. Ignoring it. CONTEXT: {"gateway":"ppcp-gateway","country":""}
2026-02-21T18:48:08+00:00 DEBUG Received invalid country code when getting provider links. Ignoring it. CONTEXT: {"gateway":"woocommerce_payments_bancontact","country":""}
2026-02-21T18:48:08+00:00 DEBUG Received invalid country code when getting provider links. Ignoring it. CONTEXT: {"gateway":"woocommerce_payments_sepa_debit","country":""}
2026-02-21T18:48:08+00:00 DEBUG Received invalid country code when getting provider links. Ignoring it. CONTEXT: {"gateway":"woocommerce_payments_giropay","country":""}
2026-02-21T18:48:08+00:00 DEBUG Received invalid country code when getting provider links. Ignoring it. CONTEXT: {"gateway":"woocommerce_payments_sofort","country":""}
2026-02-21T18:48:08+00:00 DEBUG Received invalid country code when getting provider links. Ignoring it. CONTEXT: {"gateway":"woocommerce_payments_p24","country":""}
2026-02-21T18:48:08+00:00 DEBUG Received invalid country code when getting provider links. Ignoring it. CONTEXT: {"gateway":"woocommerce_payments_ideal","country":""}
2026-02-21T18:48:08+00:00 DEBUG Received invalid country code when getting provider links. Ignoring it. CONTEXT: {"gateway":"woocommerce_payments_au_becs_debit","country":""}
2026-02-21T18:48:08+00:00 DEBUG Received invalid country code when getting provider links. Ignoring it. CONTEXT: {"gateway":"woocommerce_payments_eps","country":""}
2026-02-21T18:48:08+00:00 DEBUG Received invalid country code when getting provider links. Ignoring it. CONTEXT: {"gateway":"woocommerce_payments_affirm","country":""}
2026-02-21T18:48:08+00:00 DEBUG Received invalid country code when getting provider links. Ignoring it. CONTEXT: {"gateway":"woocommerce_payments_afterpay_clearpay","country":""}
2026-02-21T18:48:08+00:00 DEBUG Received invalid country code when getting provider links. Ignoring it. CONTEXT: {"gateway":"woocommerce_payments_klarna","country":""}
2026-02-21T18:48:08+00:00 DEBUG Received invalid country code when getting provider links. Ignoring it. CONTEXT: {"gateway":"woocommerce_payments_multibanco","country":""}
2026-02-21T18:48:08+00:00 DEBUG Received invalid country code when getting provider links. Ignoring it. CONTEXT: {"gateway":"woocommerce_payments_grabpay","country":""}
2026-02-21T18:48:08+00:00 DEBUG Received invalid country code when getting provider links. Ignoring it. CONTEXT: {"gateway":"woocommerce_payments_alipay","country":""}
2026-02-21T18:48:08+00:00 DEBUG Received invalid country code when getting provider links. Ignoring it. CONTEXT: {"gateway":"woocommerce_payments_wechat_pay","country":""}
2026-02-21T18:48:08+00:00 DEBUG Received invalid country code when getting provider links. Ignoring it. CONTEXT: {"gateway":"woocommerce_payments","country":""}
2026-02-21T18:48:08+00:00 DEBUG Received invalid country code when getting provider links. Ignoring it. CONTEXT: {"gateway":"woocommerce_payments_bancontact","country":""}
2026-02-21T18:48:08+00:00 DEBUG Received invalid country code when getting provider links. Ignoring it. CONTEXT: {"gateway":"woocommerce_payments_sepa_debit","country":""}
2026-02-21T18:48:08+00:00 DEBUG Received invalid country code when getting provider links. Ignoring it. CONTEXT: {"gateway":"woocommerce_payments_giropay","country":""}
2026-02-21T18:48:08+00:00 DEBUG Received invalid country code when getting provider links. Ignoring it. CONTEXT: {"gateway":"woocommerce_payments_sofort","country":""}
2026-02-21T18:48:08+00:00 DEBUG Received invalid country code when getting provider links. Ignoring it. CONTEXT: {"gateway":"woocommerce_payments_p24","country":""}
2026-02-21T18:48:08+00:00 DEBUG Received invalid country code when getting provider links. Ignoring it. CONTEXT: {"gateway":"woocommerce_payments_ideal","country":""}
2026-02-21T18:48:08+00:00 DEBUG Received invalid country code when getting provider links. Ignoring it. CONTEXT: {"gateway":"woocommerce_payments_au_becs_debit","country":""}
2026-02-21T18:48:08+00:00 DEBUG Received invalid country code when getting provider links. Ignoring it. CONTEXT: {"gateway":"woocommerce_payments_eps","country":""}
2026-02-21T18:48:08+00:00 DEBUG Received invalid country code when getting provider links. Ignoring it. CONTEXT: {"gateway":"woocommerce_payments_affirm","country":""}
2026-02-21T18:48:08+00:00 DEBUG Received invalid country code when getting provider links. Ignoring it. CONTEXT: {"gateway":"woocommerce_payments_afterpay_clearpay","country":""}
2026-02-21T18:48:08+00:00 DEBUG Received invalid country code when getting provider links. Ignoring it. CONTEXT: {"gateway":"woocommerce_payments_klarna","country":""}
2026-02-21T18:48:08+00:00 DEBUG Received invalid country code when getting provider links. Ignoring it. CONTEXT: {"gateway":"woocommerce_payments_multibanco","country":""}
2026-02-21T18:48:08+00:00 DEBUG Received invalid country code when getting provider links. Ignoring it. CONTEXT: {"gateway":"woocommerce_payments_grabpay","country":""}
2026-02-21T18:48:08+00:00 DEBUG Received invalid country code when getting provider links. Ignoring it. CONTEXT: {"gateway":"woocommerce_payments_alipay","country":""}
2026-02-21T18:48:08+00:00 DEBUG Received invalid country code when getting provider links. Ignoring it. CONTEXT: {"gateway":"woocommerce_payments_wechat_pay","country":""}
2026-02-21T18:48:08+00:00 DEBUG Received invalid country code when getting provider links. Ignoring it. CONTEXT: {"gateway":"bacs","country":""}
2026-02-21T18:48:08+00:00 DEBUG Received invalid country code when getting provider links. Ignoring it. CONTEXT: {"gateway":"cheque","country":""}
2026-02-21T18:48:08+00:00 DEBUG Received invalid country code when getting provider links. Ignoring it. CONTEXT: {"gateway":"cod","country":""}
2026-02-21T18:48:08+00:00 DEBUG Received invalid country code when getting provider links. Ignoring it. CONTEXT: {"gateway":"ppcp-gateway","country":""}
2026-02-21T18:48:08+00:00 DEBUG Received invalid country code when getting provider links. Ignoring it. CONTEXT: {"gateway":"woocommerce_payments_bancontact","country":""}
2026-02-21T18:48:08+00:00 DEBUG Received invalid country code when getting provider links. Ignoring it. CONTEXT: {"gateway":"woocommerce_payments_sepa_debit","country":""}
2026-02-21T18:48:08+00:00 DEBUG Received invalid country code when getting provider links. Ignoring it. CONTEXT: {"gateway":"woocommerce_payments_giropay","country":""}
2026-02-21T18:48:08+00:00 DEBUG Received invalid country code when getting provider links. Ignoring it. CONTEXT: {"gateway":"woocommerce_payments_sofort","country":""}
2026-02-21T18:48:08+00:00 DEBUG Received invalid country code when getting provider links. Ignoring it. CONTEXT: {"gateway":"woocommerce_payments_p24","country":""}
2026-02-21T18:48:08+00:00 DEBUG Received invalid country code when getting provider links. Ignoring it. CONTEXT: {"gateway":"woocommerce_payments_ideal","country":""}
2026-02-21T18:48:08+00:00 DEBUG Received invalid country code when getting provider links. Ignoring it. CONTEXT: {"gateway":"woocommerce_payments_au_becs_debit","country":""}
2026-02-21T18:48:08+00:00 DEBUG Received invalid country code when getting provider links. Ignoring it. CONTEXT: {"gateway":"woocommerce_payments_eps","country":""}
2026-02-21T18:48:08+00:00 DEBUG Received invalid country code when getting provider links. Ignoring it. CONTEXT: {"gateway":"woocommerce_payments_affirm","country":""}
2026-02-21T18:48:08+00:00 DEBUG Received invalid country code when getting provider links. Ignoring it. CONTEXT: {"gateway":"woocommerce_payments_afterpay_clearpay","country":""}
2026-02-21T18:48:08+00:00 DEBUG Received invalid country code when getting provider links. Ignoring it. CONTEXT: {"gateway":"woocommerce_payments_klarna","country":""}
2026-02-21T18:48:08+00:00 DEBUG Received invalid country code when getting provider links. Ignoring it. CONTEXT: {"gateway":"woocommerce_payments_multibanco","country":""}
2026-02-21T18:48:08+00:00 DEBUG Received invalid country code when getting provider links. Ignoring it. CONTEXT: {"gateway":"woocommerce_payments_grabpay","country":""}
2026-02-21T18:48:08+00:00 DEBUG Received invalid country code when getting provider links. Ignoring it. CONTEXT: {"gateway":"woocommerce_payments_alipay","country":""}
2026-02-21T18:48:08+00:00 DEBUG Received invalid country code when getting provider links. Ignoring it. CONTEXT: {"gateway":"woocommerce_payments_wechat_pay","country":""}
2026-02-21T18:48:08+00:00 DEBUG Received invalid country code when getting provider links. Ignoring it. CONTEXT: {"gateway":"woocommerce_payments","country":""}
2026-02-21T18:48:08+00:00 DEBUG Received invalid country code when getting provider links. Ignoring it. CONTEXT: {"gateway":"woocommerce_payments_bancontact","country":""}
2026-02-21T18:48:08+00:00 DEBUG Received invalid country code when getting provider links. Ignoring it. CONTEXT: {"gateway":"woocommerce_payments_sepa_debit","country":""}
2026-02-21T18:48:08+00:00 DEBUG Received invalid country code when getting provider links. Ignoring it. CONTEXT: {"gateway":"woocommerce_payments_giropay","country":""}
2026-02-21T18:48:08+00:00 DEBUG Received invalid country code when getting provider links. Ignoring it. CONTEXT: {"gateway":"woocommerce_payments_sofort","country":""}
2026-02-21T18:48:08+00:00 DEBUG Received invalid country code when getting provider links. Ignoring it. CONTEXT: {"gateway":"woocommerce_payments_p24","country":""}
2026-02-21T18:48:08+00:00 DEBUG Received invalid country code when getting provider links. Ignoring it. CONTEXT: {"gateway":"woocommerce_payments_ideal","country":""}
2026-02-21T18:48:08+00:00 DEBUG Received invalid country code when getting provider links. Ignoring it. CONTEXT: {"gateway":"woocommerce_payments_au_becs_debit","country":""}
2026-02-21T18:48:08+00:00 DEBUG Received invalid country code when getting provider links. Ignoring it. CONTEXT: {"gateway":"woocommerce_payments_eps","country":""}
2026-02-21T18:48:08+00:00 DEBUG Received invalid country code when getting provider links. Ignoring it. CONTEXT: {"gateway":"woocommerce_payments_affirm","country":""}
2026-02-21T18:48:08+00:00 DEBUG Received invalid country code when getting provider links. Ignoring it. CONTEXT: {"gateway":"woocommerce_payments_afterpay_clearpay","country":""}
2026-02-21T18:48:08+00:00 DEBUG Received invalid country code when getting provider links. Ignoring it. CONTEXT: {"gateway":"woocommerce_payments_klarna","country":""}
2026-02-21T18:48:08+00:00 DEBUG Received invalid country code when getting provider links. Ignoring it. CONTEXT: {"gateway":"woocommerce_payments_multibanco","country":""}
2026-02-21T18:48:08+00:00 DEBUG Received invalid country code when getting provider links. Ignoring it. CONTEXT: {"gateway":"woocommerce_payments_grabpay","country":""}
2026-02-21T18:48:08+00:00 DEBUG Received invalid country code when getting provider links. Ignoring it. CONTEXT: {"gateway":"woocommerce_payments_alipay","country":""}
2026-02-21T18:48:08+00:00 DEBUG Received invalid country code when getting provider links. Ignoring it. CONTEXT: {"gateway":"woocommerce_payments_wechat_pay","country":""}
2026-02-21T18:48:08+00:00 DEBUG Received invalid country code when getting provider links. Ignoring it. CONTEXT: {"gateway":"bacs","country":""}
2026-02-21T18:48:08+00:00 DEBUG Received invalid country code when getting provider links. Ignoring it. CONTEXT: {"gateway":"cheque","country":""}
2026-02-21T18:48:08+00:00 DEBUG Received invalid country code when getting provider links. Ignoring it. CONTEXT: {"gateway":"cod","country":""}
2026-02-21T18:48:08+00:00 DEBUG Received invalid country code when getting provider links. Ignoring it. CONTEXT: {"gateway":"ppcp-gateway","country":""}
2026-02-21T18:48:08+00:00 DEBUG Received invalid country code when getting provider links. Ignoring it. CONTEXT: {"gateway":"woocommerce_payments_bancontact","country":""}
2026-02-21T18:48:08+00:00 DEBUG Received invalid country code when getting provider links. Ignoring it. CONTEXT: {"gateway":"woocommerce_payments_sepa_debit","country":""}
2026-02-21T18:48:08+00:00 DEBUG Received invalid country code when getting provider links. Ignoring it. CONTEXT: {"gateway":"woocommerce_payments_giropay","country":""}
2026-02-21T18:48:08+00:00 DEBUG Received invalid country code when getting provider links. Ignoring it. CONTEXT: {"gateway":"woocommerce_payments_sofort","country":""}
2026-02-21T18:48:08+00:00 DEBUG Received invalid country code when getting provider links. Ignoring it. CONTEXT: {"gateway":"woocommerce_payments_p24","country":""}
2026-02-21T18:48:08+00:00 DEBUG Received invalid country code when getting provider links. Ignoring it. CONTEXT: {"gateway":"woocommerce_payments_ideal","country":""}
2026-02-21T18:48:08+00:00 DEBUG Received invalid country code when getting provider links. Ignoring it. CONTEXT: {"gateway":"woocommerce_payments_au_becs_debit","country":""}
2026-02-21T18:48:08+00:00 DEBUG Received invalid country code when getting provider links. Ignoring it. CONTEXT: {"gateway":"woocommerce_payments_eps","country":""}
2026-02-21T18:48:08+00:00 DEBUG Received invalid country code when getting provider links. Ignoring it. CONTEXT: {"gateway":"woocommerce_payments_affirm","country":""}
2026-02-21T18:48:08+00:00 DEBUG Received invalid country code when getting provider links. Ignoring it. CONTEXT: {"gateway":"woocommerce_payments_afterpay_clearpay","country":""}
2026-02-21T18:48:08+00:00 DEBUG Received invalid country code when getting provider links. Ignoring it. CONTEXT: {"gateway":"woocommerce_payments_klarna","country":""}
2026-02-21T18:48:08+00:00 DEBUG Received invalid country code when getting provider links. Ignoring it. CONTEXT: {"gateway":"woocommerce_payments_multibanco","country":""}
2026-02-21T18:48:08+00:00 DEBUG Received invalid country code when getting provider links. Ignoring it. CONTEXT: {"gateway":"woocommerce_payments_grabpay","country":""}
2026-02-21T18:48:08+00:00 DEBUG Received invalid country code when getting provider links. Ignoring it. CONTEXT: {"gateway":"woocommerce_payments_alipay","country":""}
2026-02-21T18:48:08+00:00 DEBUG Received invalid country code when getting provider links. Ignoring it. CONTEXT: {"gateway":"woocommerce_payments_wechat_pay","country":""}
2026-02-21T18:48:48+00:00 DEBUG Received invalid country code when getting provider links. Ignoring it. CONTEXT: {"gateway":"woocommerce_payments","country":""}
2026-02-21T18:48:48+00:00 DEBUG Received invalid country code when getting provider links. Ignoring it. CONTEXT: {"gateway":"woocommerce_payments_bancontact","country":""}
2026-02-21T18:48:48+00:00 DEBUG Received invalid country code when getting provider links. Ignoring it. CONTEXT: {"gateway":"woocommerce_payments_sepa_debit","country":""}
2026-02-21T18:48:48+00:00 DEBUG Received invalid country code when getting provider links. Ignoring it. CONTEXT: {"gateway":"woocommerce_payments_giropay","country":""}
2026-02-21T18:48:48+00:00 DEBUG Received invalid country code when getting provider links. Ignoring it. CONTEXT: {"gateway":"woocommerce_payments_sofort","country":""}
2026-02-21T18:48:48+00:00 DEBUG Received invalid country code when getting provider links. Ignoring it. CONTEXT: {"gateway":"woocommerce_payments_p24","country":""}
2026-02-21T18:48:48+00:00 DEBUG Received invalid country code when getting provider links. Ignoring it. CONTEXT: {"gateway":"woocommerce_payments_ideal","country":""}
2026-02-21T18:48:48+00:00 DEBUG Received invalid country code when getting provider links. Ignoring it. CONTEXT: {"gateway":"woocommerce_payments_au_becs_debit","country":""}
2026-02-21T18:48:48+00:00 DEBUG Received invalid country code when getting provider links. Ignoring it. CONTEXT: {"gateway":"woocommerce_payments_eps","country":""}
2026-02-21T18:48:48+00:00 DEBUG Received invalid country code when getting provider links. Ignoring it. CONTEXT: {"gateway":"woocommerce_payments_affirm","country":""}
2026-02-21T18:48:48+00:00 DEBUG Received invalid country code when getting provider links. Ignoring it. CONTEXT: {"gateway":"woocommerce_payments_afterpay_clearpay","country":""}
2026-02-21T18:48:48+00:00 DEBUG Received invalid country code when getting provider links. Ignoring it. CONTEXT: {"gateway":"woocommerce_payments_klarna","country":""}
2026-02-21T18:48:48+00:00 DEBUG Received invalid country code when getting provider links. Ignoring it. CONTEXT: {"gateway":"woocommerce_payments_multibanco","country":""}
2026-02-21T18:48:48+00:00 DEBUG Received invalid country code when getting provider links. Ignoring it. CONTEXT: {"gateway":"woocommerce_payments_grabpay","country":""}
2026-02-21T18:48:48+00:00 DEBUG Received invalid country code when getting provider links. Ignoring it. CONTEXT: {"gateway":"woocommerce_payments_alipay","country":""}
2026-02-21T18:48:48+00:00 DEBUG Received invalid country code when getting provider links. Ignoring it. CONTEXT: {"gateway":"woocommerce_payments_wechat_pay","country":""}
2026-02-21T18:48:48+00:00 DEBUG Received invalid country code when getting provider links. Ignoring it. CONTEXT: {"gateway":"bacs","country":""}
2026-02-21T18:48:48+00:00 DEBUG Received invalid country code when getting provider links. Ignoring it. CONTEXT: {"gateway":"cheque","country":""}
2026-02-21T18:48:48+00:00 DEBUG Received invalid country code when getting provider links. Ignoring it. CONTEXT: {"gateway":"cod","country":""}
2026-02-21T18:48:48+00:00 DEBUG Received invalid country code when getting provider links. Ignoring it. CONTEXT: {"gateway":"ppcp-gateway","country":""}
2026-02-21T18:48:48+00:00 DEBUG Received invalid country code when getting provider links. Ignoring it. CONTEXT: {"gateway":"woocommerce_payments_bancontact","country":""}
2026-02-21T18:48:48+00:00 DEBUG Received invalid country code when getting provider links. Ignoring it. CONTEXT: {"gateway":"woocommerce_payments_sepa_debit","country":""}
2026-02-21T18:48:48+00:00 DEBUG Received invalid country code when getting provider links. Ignoring it. CONTEXT: {"gateway":"woocommerce_payments_giropay","country":""}
2026-02-21T18:48:48+00:00 DEBUG Received invalid country code when getting provider links. Ignoring it. CONTEXT: {"gateway":"woocommerce_payments_sofort","country":""}
2026-02-21T18:48:48+00:00 DEBUG Received invalid country code when getting provider links. Ignoring it. CONTEXT: {"gateway":"woocommerce_payments_p24","country":""}
2026-02-21T18:48:48+00:00 DEBUG Received invalid country code when getting provider links. Ignoring it. CONTEXT: {"gateway":"woocommerce_payments_ideal","country":""}
2026-02-21T18:48:48+00:00 DEBUG Received invalid country code when getting provider links. Ignoring it. CONTEXT: {"gateway":"woocommerce_payments_au_becs_debit","country":""}
2026-02-21T18:48:48+00:00 DEBUG Received invalid country code when getting provider links. Ignoring it. CONTEXT: {"gateway":"woocommerce_payments_eps","country":""}
2026-02-21T18:48:48+00:00 DEBUG Received invalid country code when getting provider links. Ignoring it. CONTEXT: {"gateway":"woocommerce_payments_affirm","country":""}
2026-02-21T18:48:48+00:00 DEBUG Received invalid country code when getting provider links. Ignoring it. CONTEXT: {"gateway":"woocommerce_payments_afterpay_clearpay","country":""}
2026-02-21T18:48:48+00:00 DEBUG Received invalid country code when getting provider links. Ignoring it. CONTEXT: {"gateway":"woocommerce_payments_klarna","country":""}
2026-02-21T18:48:48+00:00 DEBUG Received invalid country code when getting provider links. Ignoring it. CONTEXT: {"gateway":"woocommerce_payments_multibanco","country":""}
2026-02-21T18:48:48+00:00 DEBUG Received invalid country code when getting provider links. Ignoring it. CONTEXT: {"gateway":"woocommerce_payments_grabpay","country":""}
2026-02-21T18:48:48+00:00 DEBUG Received invalid country code when getting provider links. Ignoring it. CONTEXT: {"gateway":"woocommerce_payments_alipay","country":""}
2026-02-21T18:48:48+00:00 DEBUG Received invalid country code when getting provider links. Ignoring it. CONTEXT: {"gateway":"woocommerce_payments_wechat_pay","country":""}
2026-02-21T18:48:48+00:00 DEBUG Received invalid country code when getting provider links. Ignoring it. CONTEXT: {"gateway":"woocommerce_payments","country":""}
2026-02-21T18:48:48+00:00 DEBUG Received invalid country code when getting provider links. Ignoring it. CONTEXT: {"gateway":"woocommerce_payments_bancontact","country":""}
2026-02-21T18:48:48+00:00 DEBUG Received invalid country code when getting provider links. Ignoring it. CONTEXT: {"gateway":"woocommerce_payments_sepa_debit","country":""}
2026-02-21T18:48:48+00:00 DEBUG Received invalid country code when getting provider links. Ignoring it. CONTEXT: {"gateway":"woocommerce_payments_giropay","country":""}
2026-02-21T18:48:48+00:00 DEBUG Received invalid country code when getting provider links. Ignoring it. CONTEXT: {"gateway":"woocommerce_payments_sofort","country":""}
2026-02-21T18:48:48+00:00 DEBUG Received invalid country code when getting provider links. Ignoring it. CONTEXT: {"gateway":"woocommerce_payments_p24","country":""}
2026-02-21T18:48:48+00:00 DEBUG Received invalid country code when getting provider links. Ignoring it. CONTEXT: {"gateway":"woocommerce_payments_ideal","country":""}
2026-02-21T18:48:48+00:00 DEBUG Received invalid country code when getting provider links. Ignoring it. CONTEXT: {"gateway":"woocommerce_payments_au_becs_debit","country":""}
2026-02-21T18:48:48+00:00 DEBUG Received invalid country code when getting provider links. Ignoring it. CONTEXT: {"gateway":"woocommerce_payments_eps","country":""}
2026-02-21T18:48:48+00:00 DEBUG Received invalid country code when getting provider links. Ignoring it. CONTEXT: {"gateway":"woocommerce_payments_affirm","country":""}
2026-02-21T18:48:48+00:00 DEBUG Received invalid country code when getting provider links. Ignoring it. CONTEXT: {"gateway":"woocommerce_payments_afterpay_clearpay","country":""}
2026-02-21T18:48:48+00:00 DEBUG Received invalid country code when getting provider links. Ignoring it. CONTEXT: {"gateway":"woocommerce_payments_klarna","country":""}
2026-02-21T18:48:48+00:00 DEBUG Received invalid country code when getting provider links. Ignoring it. CONTEXT: {"gateway":"woocommerce_payments_multibanco","country":""}
2026-02-21T18:48:48+00:00 DEBUG Received invalid country code when getting provider links. Ignoring it. CONTEXT: {"gateway":"woocommerce_payments_grabpay","country":""}
2026-02-21T18:48:48+00:00 DEBUG Received invalid country code when getting provider links. Ignoring it. CONTEXT: {"gateway":"woocommerce_payments_alipay","country":""}
2026-02-21T18:48:48+00:00 DEBUG Received invalid country code when getting provider links. Ignoring it. CONTEXT: {"gateway":"woocommerce_payments_wechat_pay","country":""}
2026-02-21T18:48:48+00:00 DEBUG Received invalid country code when getting provider links. Ignoring it. CONTEXT: {"gateway":"bacs","country":""}
2026-02-21T18:48:48+00:00 DEBUG Received invalid country code when getting provider links. Ignoring it. CONTEXT: {"gateway":"cheque","country":""}
2026-02-21T18:48:48+00:00 DEBUG Received invalid country code when getting provider links. Ignoring it. CONTEXT: {"gateway":"cod","country":""}
2026-02-21T18:48:48+00:00 DEBUG Received invalid country code when getting provider links. Ignoring it. CONTEXT: {"gateway":"ppcp-gateway","country":""}
2026-02-21T18:48:48+00:00 DEBUG Received invalid country code when getting provider links. Ignoring it. CONTEXT: {"gateway":"woocommerce_payments_bancontact","country":""}
2026-02-21T18:48:48+00:00 DEBUG Received invalid country code when getting provider links. Ignoring it. CONTEXT: {"gateway":"woocommerce_payments_sepa_debit","country":""}
2026-02-21T18:48:48+00:00 DEBUG Received invalid country code when getting provider links. Ignoring it. CONTEXT: {"gateway":"woocommerce_payments_giropay","country":""}
2026-02-21T18:48:48+00:00 DEBUG Received invalid country code when getting provider links. Ignoring it. CONTEXT: {"gateway":"woocommerce_payments_sofort","country":""}
2026-02-21T18:48:48+00:00 DEBUG Received invalid country code when getting provider links. Ignoring it. CONTEXT: {"gateway":"woocommerce_payments_p24","country":""}
2026-02-21T18:48:48+00:00 DEBUG Received invalid country code when getting provider links. Ignoring it. CONTEXT: {"gateway":"woocommerce_payments_ideal","country":""}
2026-02-21T18:48:48+00:00 DEBUG Received invalid country code when getting provider links. Ignoring it. CONTEXT: {"gateway":"woocommerce_payments_au_becs_debit","country":""}
2026-02-21T18:48:48+00:00 DEBUG Received invalid country code when getting provider links. Ignoring it. CONTEXT: {"gateway":"woocommerce_payments_eps","country":""}
2026-02-21T18:48:48+00:00 DEBUG Received invalid country code when getting provider links. Ignoring it. CONTEXT: {"gateway":"woocommerce_payments_affirm","country":""}
2026-02-21T18:48:48+00:00 DEBUG Received invalid country code when getting provider links. Ignoring it. CONTEXT: {"gateway":"woocommerce_payments_afterpay_clearpay","country":""}
2026-02-21T18:48:48+00:00 DEBUG Received invalid country code when getting provider links. Ignoring it. CONTEXT: {"gateway":"woocommerce_payments_klarna","country":""}
2026-02-21T18:48:48+00:00 DEBUG Received invalid country code when getting provider links. Ignoring it. CONTEXT: {"gateway":"woocommerce_payments_multibanco","country":""}
2026-02-21T18:48:48+00:00 DEBUG Received invalid country code when getting provider links. Ignoring it. CONTEXT: {"gateway":"woocommerce_payments_grabpay","country":""}
2026-02-21T18:48:48+00:00 DEBUG Received invalid country code when getting provider links. Ignoring it. CONTEXT: {"gateway":"woocommerce_payments_alipay","country":""}
2026-02-21T18:48:48+00:00 DEBUG Received invalid country code when getting provider links. Ignoring it. CONTEXT: {"gateway":"woocommerce_payments_wechat_pay","country":""}
2026-02-21T18:48:48+00:00 DEBUG Received invalid country code when getting provider links. Ignoring it. CONTEXT: {"gateway":"woocommerce_payments","country":""}
2026-02-21T18:48:48+00:00 DEBUG Received invalid country code when getting provider links. Ignoring it. CONTEXT: {"gateway":"woocommerce_payments_bancontact","country":""}
2026-02-21T18:48:48+00:00 DEBUG Received invalid country code when getting provider links. Ignoring it. CONTEXT: {"gateway":"woocommerce_payments_sepa_debit","country":""}
2026-02-21T18:48:48+00:00 DEBUG Received invalid country code when getting provider links. Ignoring it. CONTEXT: {"gateway":"woocommerce_payments_giropay","country":""}
2026-02-21T18:48:48+00:00 DEBUG Received invalid country code when getting provider links. Ignoring it. CONTEXT: {"gateway":"woocommerce_payments_sofort","country":""}
2026-02-21T18:48:48+00:00 DEBUG Received invalid country code when getting provider links. Ignoring it. CONTEXT: {"gateway":"woocommerce_payments_p24","country":""}
2026-02-21T18:48:48+00:00 DEBUG Received invalid country code when getting provider links. Ignoring it. CONTEXT: {"gateway":"woocommerce_payments_ideal","country":""}
2026-02-21T18:48:48+00:00 DEBUG Received invalid country code when getting provider links. Ignoring it. CONTEXT: {"gateway":"woocommerce_payments_au_becs_debit","country":""}
2026-02-21T18:48:48+00:00 DEBUG Received invalid country code when getting provider links. Ignoring it. CONTEXT: {"gateway":"woocommerce_payments_eps","country":""}
2026-02-21T18:48:48+00:00 DEBUG Received invalid country code when getting provider links. Ignoring it. CONTEXT: {"gateway":"woocommerce_payments_affirm","country":""}
2026-02-21T18:48:48+00:00 DEBUG Received invalid country code when getting provider links. Ignoring it. CONTEXT: {"gateway":"woocommerce_payments_afterpay_clearpay","country":""}
2026-02-21T18:48:48+00:00 DEBUG Received invalid country code when getting provider links. Ignoring it. CONTEXT: {"gateway":"woocommerce_payments_klarna","country":""}
2026-02-21T18:48:48+00:00 DEBUG Received invalid country code when getting provider links. Ignoring it. CONTEXT: {"gateway":"woocommerce_payments_multibanco","country":""}
2026-02-21T18:48:48+00:00 DEBUG Received invalid country code when getting provider links. Ignoring it. CONTEXT: {"gateway":"woocommerce_payments_grabpay","country":""}
2026-02-21T18:48:48+00:00 DEBUG Received invalid country code when getting provider links. Ignoring it. CONTEXT: {"gateway":"woocommerce_payments_alipay","country":""}
2026-02-21T18:48:48+00:00 DEBUG Received invalid country code when getting provider links. Ignoring it. CONTEXT: {"gateway":"woocommerce_payments_wechat_pay","country":""}
2026-02-21T18:48:48+00:00 DEBUG Received invalid country code when getting provider links. Ignoring it. CONTEXT: {"gateway":"bacs","country":""}
2026-02-21T18:48:48+00:00 DEBUG Received invalid country code when getting provider links. Ignoring it. CONTEXT: {"gateway":"cheque","country":""}
2026-02-21T18:48:48+00:00 DEBUG Received invalid country code when getting provider links. Ignoring it. CONTEXT: {"gateway":"cod","country":""}
2026-02-21T18:48:48+00:00 DEBUG Received invalid country code when getting provider links. Ignoring it. CONTEXT: {"gateway":"ppcp-gateway","country":""}
2026-02-21T18:48:48+00:00 DEBUG Received invalid country code when getting provider links. Ignoring it. CONTEXT: {"gateway":"woocommerce_payments_bancontact","country":""}
2026-02-21T18:48:48+00:00 DEBUG Received invalid country code when getting provider links. Ignoring it. CONTEXT: {"gateway":"woocommerce_payments_sepa_debit","country":""}
2026-02-21T18:48:48+00:00 DEBUG Received invalid country code when getting provider links. Ignoring it. CONTEXT: {"gateway":"woocommerce_payments_giropay","country":""}
2026-02-21T18:48:48+00:00 DEBUG Received invalid country code when getting provider links. Ignoring it. CONTEXT: {"gateway":"woocommerce_payments_sofort","country":""}
2026-02-21T18:48:48+00:00 DEBUG Received invalid country code when getting provider links. Ignoring it. CONTEXT: {"gateway":"woocommerce_payments_p24","country":""}
2026-02-21T18:48:48+00:00 DEBUG Received invalid country code when getting provider links. Ignoring it. CONTEXT: {"gateway":"woocommerce_payments_ideal","country":""}
2026-02-21T18:48:48+00:00 DEBUG Received invalid country code when getting provider links. Ignoring it. CONTEXT: {"gateway":"woocommerce_payments_au_becs_debit","country":""}
2026-02-21T18:48:48+00:00 DEBUG Received invalid country code when getting provider links. Ignoring it. CONTEXT: {"gateway":"woocommerce_payments_eps","country":""}
2026-02-21T18:48:48+00:00 DEBUG Received invalid country code when getting provider links. Ignoring it. CONTEXT: {"gateway":"woocommerce_payments_affirm","country":""}
2026-02-21T18:48:48+00:00 DEBUG Received invalid country code when getting provider links. Ignoring it. CONTEXT: {"gateway":"woocommerce_payments_afterpay_clearpay","country":""}
2026-02-21T18:48:48+00:00 DEBUG Received invalid country code when getting provider links. Ignoring it. CONTEXT: {"gateway":"woocommerce_payments_klarna","country":""}
2026-02-21T18:48:48+00:00 DEBUG Received invalid country code when getting provider links. Ignoring it. CONTEXT: {"gateway":"woocommerce_payments_multibanco","country":""}
2026-02-21T18:48:48+00:00 DEBUG Received invalid country code when getting provider links. Ignoring it. CONTEXT: {"gateway":"woocommerce_payments_grabpay","country":""}
2026-02-21T18:48:48+00:00 DEBUG Received invalid country code when getting provider links. Ignoring it. CONTEXT: {"gateway":"woocommerce_payments_alipay","country":""}
2026-02-21T18:48:48+00:00 DEBUG Received invalid country code when getting provider links. Ignoring it. CONTEXT: {"gateway":"woocommerce_payments_wechat_pay","country":""}
2026-02-21T18:48:48+00:00 DEBUG Received invalid country code when getting provider links. Ignoring it. CONTEXT: {"gateway":"woocommerce_payments","country":""}
2026-02-21T18:48:48+00:00 DEBUG Received invalid country code when getting provider links. Ignoring it. CONTEXT: {"gateway":"woocommerce_payments_bancontact","country":""}
2026-02-21T18:48:48+00:00 DEBUG Received invalid country code when getting provider links. Ignoring it. CONTEXT: {"gateway":"woocommerce_payments_sepa_debit","country":""}
2026-02-21T18:48:48+00:00 DEBUG Received invalid country code when getting provider links. Ignoring it. CONTEXT: {"gateway":"woocommerce_payments_giropay","country":""}
2026-02-21T18:48:48+00:00 DEBUG Received invalid country code when getting provider links. Ignoring it. CONTEXT: {"gateway":"woocommerce_payments_sofort","country":""}
2026-02-21T18:48:48+00:00 DEBUG Received invalid country code when getting provider links. Ignoring it. CONTEXT: {"gateway":"woocommerce_payments_p24","country":""}
2026-02-21T18:48:48+00:00 DEBUG Received invalid country code when getting provider links. Ignoring it. CONTEXT: {"gateway":"woocommerce_payments_ideal","country":""}
2026-02-21T18:48:48+00:00 DEBUG Received invalid country code when getting provider links. Ignoring it. CONTEXT: {"gateway":"woocommerce_payments_au_becs_debit","country":""}
2026-02-21T18:48:48+00:00 DEBUG Received invalid country code when getting provider links. Ignoring it. CONTEXT: {"gateway":"woocommerce_payments_eps","country":""}
2026-02-21T18:48:48+00:00 DEBUG Received invalid country code when getting provider links. Ignoring it. CONTEXT: {"gateway":"woocommerce_payments_affirm","country":""}
2026-02-21T18:48:48+00:00 DEBUG Received invalid country code when getting provider links. Ignoring it. CONTEXT: {"gateway":"woocommerce_payments_afterpay_clearpay","country":""}
2026-02-21T18:48:48+00:00 DEBUG Received invalid country code when getting provider links. Ignoring it. CONTEXT: {"gateway":"woocommerce_payments_klarna","country":""}
2026-02-21T18:48:48+00:00 DEBUG Received invalid country code when getting provider links. Ignoring it. CONTEXT: {"gateway":"woocommerce_payments_multibanco","country":""}
2026-02-21T18:48:48+00:00 DEBUG Received invalid country code when getting provider links. Ignoring it. CONTEXT: {"gateway":"woocommerce_payments_grabpay","country":""}
2026-02-21T18:48:48+00:00 DEBUG Received invalid country code when getting provider links. Ignoring it. CONTEXT: {"gateway":"woocommerce_payments_alipay","country":""}
2026-02-21T18:48:48+00:00 DEBUG Received invalid country code when getting provider links. Ignoring it. CONTEXT: {"gateway":"woocommerce_payments_wechat_pay","country":""}
2026-02-21T18:48:48+00:00 DEBUG Received invalid country code when getting provider links. Ignoring it. CONTEXT: {"gateway":"bacs","country":""}
2026-02-21T18:48:48+00:00 DEBUG Received invalid country code when getting provider links. Ignoring it. CONTEXT: {"gateway":"cheque","country":""}
2026-02-21T18:48:48+00:00 DEBUG Received invalid country code when getting provider links. Ignoring it. CONTEXT: {"gateway":"cod","country":""}
2026-02-21T18:48:48+00:00 DEBUG Received invalid country code when getting provider links. Ignoring it. CONTEXT: {"gateway":"ppcp-gateway","country":""}
2026-02-21T18:48:48+00:00 DEBUG Received invalid country code when getting provider links. Ignoring it. CONTEXT: {"gateway":"woocommerce_payments_bancontact","country":""}
2026-02-21T18:48:48+00:00 DEBUG Received invalid country code when getting provider links. Ignoring it. CONTEXT: {"gateway":"woocommerce_payments_sepa_debit","country":""}
2026-02-21T18:48:48+00:00 DEBUG Received invalid country code when getting provider links. Ignoring it. CONTEXT: {"gateway":"woocommerce_payments_giropay","country":""}
2026-02-21T18:48:48+00:00 DEBUG Received invalid country code when getting provider links. Ignoring it. CONTEXT: {"gateway":"woocommerce_payments_sofort","country":""}
2026-02-21T18:48:48+00:00 DEBUG Received invalid country code when getting provider links. Ignoring it. CONTEXT: {"gateway":"woocommerce_payments_p24","country":""}
2026-02-21T18:48:48+00:00 DEBUG Received invalid country code when getting provider links. Ignoring it. CONTEXT: {"gateway":"woocommerce_payments_ideal","country":""}
2026-02-21T18:48:48+00:00 DEBUG Received invalid country code when getting provider links. Ignoring it. CONTEXT: {"gateway":"woocommerce_payments_au_becs_debit","country":""}
2026-02-21T18:48:48+00:00 DEBUG Received invalid country code when getting provider links. Ignoring it. CONTEXT: {"gateway":"woocommerce_payments_eps","country":""}
2026-02-21T18:48:48+00:00 DEBUG Received invalid country code when getting provider links. Ignoring it. CONTEXT: {"gateway":"woocommerce_payments_affirm","country":""}
2026-02-21T18:48:48+00:00 DEBUG Received invalid country code when getting provider links. Ignoring it. CONTEXT: {"gateway":"woocommerce_payments_afterpay_clearpay","country":""}
2026-02-21T18:48:48+00:00 DEBUG Received invalid country code when getting provider links. Ignoring it. CONTEXT: {"gateway":"woocommerce_payments_klarna","country":""}
2026-02-21T18:48:48+00:00 DEBUG Received invalid country code when getting provider links. Ignoring it. CONTEXT: {"gateway":"woocommerce_payments_multibanco","country":""}
2026-02-21T18:48:48+00:00 DEBUG Received invalid country code when getting provider links. Ignoring it. CONTEXT: {"gateway":"woocommerce_payments_grabpay","country":""}
2026-02-21T18:48:48+00:00 DEBUG Received invalid country code when getting provider links. Ignoring it. CONTEXT: {"gateway":"woocommerce_payments_alipay","country":""}
2026-02-21T18:48:48+00:00 DEBUG Received invalid country code when getting provider links. Ignoring it. CONTEXT: {"gateway":"woocommerce_payments_wechat_pay","country":""}
2026-02-21T18:48:48+00:00 DEBUG Received invalid country code when getting provider links. Ignoring it. CONTEXT: {"gateway":"woocommerce_payments","country":""}
2026-02-21T18:48:48+00:00 DEBUG Received invalid country code when getting provider links. Ignoring it. CONTEXT: {"gateway":"woocommerce_payments_bancontact","country":""}
2026-02-21T18:48:48+00:00 DEBUG Received invalid country code when getting provider links. Ignoring it. CONTEXT: {"gateway":"woocommerce_payments_sepa_debit","country":""}
2026-02-21T18:48:48+00:00 DEBUG Received invalid country code when getting provider links. Ignoring it. CONTEXT: {"gateway":"woocommerce_payments_giropay","country":""}
2026-02-21T18:48:48+00:00 DEBUG Received invalid country code when getting provider links. Ignoring it. CONTEXT: {"gateway":"woocommerce_payments_sofort","country":""}
2026-02-21T18:48:48+00:00 DEBUG Received invalid country code when getting provider links. Ignoring it. CONTEXT: {"gateway":"woocommerce_payments_p24","country":""}
2026-02-21T18:48:48+00:00 DEBUG Received invalid country code when getting provider links. Ignoring it. CONTEXT: {"gateway":"woocommerce_payments_ideal","country":""}
2026-02-21T18:48:48+00:00 DEBUG Received invalid country code when getting provider links. Ignoring it. CONTEXT: {"gateway":"woocommerce_payments_au_becs_debit","country":""}
2026-02-21T18:48:48+00:00 DEBUG Received invalid country code when getting provider links. Ignoring it. CONTEXT: {"gateway":"woocommerce_payments_eps","country":""}
2026-02-21T18:48:48+00:00 DEBUG Received invalid country code when getting provider links. Ignoring it. CONTEXT: {"gateway":"woocommerce_payments_affirm","country":""}
2026-02-21T18:48:48+00:00 DEBUG Received invalid country code when getting provider links. Ignoring it. CONTEXT: {"gateway":"woocommerce_payments_afterpay_clearpay","country":""}
2026-02-21T18:48:48+00:00 DEBUG Received invalid country code when getting provider links. Ignoring it. CONTEXT: {"gateway":"woocommerce_payments_klarna","country":""}
2026-02-21T18:48:48+00:00 DEBUG Received invalid country code when getting provider links. Ignoring it. CONTEXT: {"gateway":"woocommerce_payments_multibanco","country":""}
2026-02-21T18:48:48+00:00 DEBUG Received invalid country code when getting provider links. Ignoring it. CONTEXT: {"gateway":"woocommerce_payments_grabpay","country":""}
2026-02-21T18:48:48+00:00 DEBUG Received invalid country code when getting provider links. Ignoring it. CONTEXT: {"gateway":"woocommerce_payments_alipay","country":""}
2026-02-21T18:48:48+00:00 DEBUG Received invalid country code when getting provider links. Ignoring it. CONTEXT: {"gateway":"woocommerce_payments_wechat_pay","country":""}
2026-02-21T18:48:48+00:00 DEBUG Received invalid country code when getting provider links. Ignoring it. CONTEXT: {"gateway":"bacs","country":""}
2026-02-21T18:48:48+00:00 DEBUG Received invalid country code when getting provider links. Ignoring it. CONTEXT: {"gateway":"cheque","country":""}
2026-02-21T18:48:48+00:00 DEBUG Received invalid country code when getting provider links. Ignoring it. CONTEXT: {"gateway":"cod","country":""}
2026-02-21T18:48:48+00:00 DEBUG Received invalid country code when getting provider links. Ignoring it. CONTEXT: {"gateway":"ppcp-gateway","country":""}
2026-02-21T18:48:48+00:00 DEBUG Received invalid country code when getting provider links. Ignoring it. CONTEXT: {"gateway":"woocommerce_payments_bancontact","country":""}
2026-02-21T18:48:48+00:00 DEBUG Received invalid country code when getting provider links. Ignoring it. CONTEXT: {"gateway":"woocommerce_payments_sepa_debit","country":""}
2026-02-21T18:48:48+00:00 DEBUG Received invalid country code when getting provider links. Ignoring it. CONTEXT: {"gateway":"woocommerce_payments_giropay","country":""}
2026-02-21T18:48:48+00:00 DEBUG Received invalid country code when getting provider links. Ignoring it. CONTEXT: {"gateway":"woocommerce_payments_sofort","country":""}
2026-02-21T18:48:48+00:00 DEBUG Received invalid country code when getting provider links. Ignoring it. CONTEXT: {"gateway":"woocommerce_payments_p24","country":""}
2026-02-21T18:48:48+00:00 DEBUG Received invalid country code when getting provider links. Ignoring it. CONTEXT: {"gateway":"woocommerce_payments_ideal","country":""}
2026-02-21T18:48:48+00:00 DEBUG Received invalid country code when getting provider links. Ignoring it. CONTEXT: {"gateway":"woocommerce_payments_au_becs_debit","country":""}
2026-02-21T18:48:48+00:00 DEBUG Received invalid country code when getting provider links. Ignoring it. CONTEXT: {"gateway":"woocommerce_payments_eps","country":""}
2026-02-21T18:48:48+00:00 DEBUG Received invalid country code when getting provider links. Ignoring it. CONTEXT: {"gateway":"woocommerce_payments_affirm","country":""}
2026-02-21T18:48:48+00:00 DEBUG Received invalid country code when getting provider links. Ignoring it. CONTEXT: {"gateway":"woocommerce_payments_afterpay_clearpay","country":""}
2026-02-21T18:48:48+00:00 DEBUG Received invalid country code when getting provider links. Ignoring it. CONTEXT: {"gateway":"woocommerce_payments_klarna","country":""}
2026-02-21T18:48:48+00:00 DEBUG Received invalid country code when getting provider links. Ignoring it. CONTEXT: {"gateway":"woocommerce_payments_multibanco","country":""}
2026-02-21T18:48:48+00:00 DEBUG Received invalid country code when getting provider links. Ignoring it. CONTEXT: {"gateway":"woocommerce_payments_grabpay","country":""}
2026-02-21T18:48:48+00:00 DEBUG Received invalid country code when getting provider links. Ignoring it. CONTEXT: {"gateway":"woocommerce_payments_alipay","country":""}
2026-02-21T18:48:48+00:00 DEBUG Received invalid country code when getting provider links. Ignoring it. CONTEXT: {"gateway":"woocommerce_payments_wechat_pay","country":""}
2026-02-21T18:48:48+00:00 DEBUG Received invalid country code when getting provider links. Ignoring it. CONTEXT: {"gateway":"woocommerce_payments","country":""}
2026-02-21T18:48:48+00:00 DEBUG Received invalid country code when getting provider links. Ignoring it. CONTEXT: {"gateway":"woocommerce_payments_bancontact","country":""}
2026-02-21T18:48:48+00:00 DEBUG Received invalid country code when getting provider links. Ignoring it. CONTEXT: {"gateway":"woocommerce_payments_sepa_debit","country":""}
2026-02-21T18:48:48+00:00 DEBUG Received invalid country code when getting provider links. Ignoring it. CONTEXT: {"gateway":"woocommerce_payments_giropay","country":""}
2026-02-21T18:48:48+00:00 DEBUG Received invalid country code when getting provider links. Ignoring it. CONTEXT: {"gateway":"woocommerce_payments_sofort","country":""}
2026-02-21T18:48:48+00:00 DEBUG Received invalid country code when getting provider links. Ignoring it. CONTEXT: {"gateway":"woocommerce_payments_p24","country":""}
2026-02-21T18:48:48+00:00 DEBUG Received invalid country code when getting provider links. Ignoring it. CONTEXT: {"gateway":"woocommerce_payments_ideal","country":""}
2026-02-21T18:48:48+00:00 DEBUG Received invalid country code when getting provider links. Ignoring it. CONTEXT: {"gateway":"woocommerce_payments_au_becs_debit","country":""}
2026-02-21T18:48:48+00:00 DEBUG Received invalid country code when getting provider links. Ignoring it. CONTEXT: {"gateway":"woocommerce_payments_eps","country":""}
2026-02-21T18:48:48+00:00 DEBUG Received invalid country code when getting provider links. Ignoring it. CONTEXT: {"gateway":"woocommerce_payments_affirm","country":""}
2026-02-21T18:48:48+00:00 DEBUG Received invalid country code when getting provider links. Ignoring it. CONTEXT: {"gateway":"woocommerce_payments_afterpay_clearpay","country":""}
2026-02-21T18:48:48+00:00 DEBUG Received invalid country code when getting provider links. Ignoring it. CONTEXT: {"gateway":"woocommerce_payments_klarna","country":""}
2026-02-21T18:48:48+00:00 DEBUG Received invalid country code when getting provider links. Ignoring it. CONTEXT: {"gateway":"woocommerce_payments_multibanco","country":""}
2026-02-21T18:48:48+00:00 DEBUG Received invalid country code when getting provider links. Ignoring it. CONTEXT: {"gateway":"woocommerce_payments_grabpay","country":""}
2026-02-21T18:48:48+00:00 DEBUG Received invalid country code when getting provider links. Ignoring it. CONTEXT: {"gateway":"woocommerce_payments_alipay","country":""}
2026-02-21T18:48:48+00:00 DEBUG Received invalid country code when getting provider links. Ignoring it. CONTEXT: {"gateway":"woocommerce_payments_wechat_pay","country":""}
2026-02-21T18:48:48+00:00 DEBUG Received invalid country code when getting provider links. Ignoring it. CONTEXT: {"gateway":"bacs","country":""}
2026-02-21T18:48:48+00:00 DEBUG Received invalid country code when getting provider links. Ignoring it. CONTEXT: {"gateway":"cheque","country":""}
2026-02-21T18:48:48+00:00 DEBUG Received invalid country code when getting provider links. Ignoring it. CONTEXT: {"gateway":"cod","country":""}
2026-02-21T18:48:48+00:00 DEBUG Received invalid country code when getting provider links. Ignoring it. CONTEXT: {"gateway":"ppcp-gateway","country":""}
2026-02-21T18:48:48+00:00 DEBUG Received invalid country code when getting provider links. Ignoring it. CONTEXT: {"gateway":"woocommerce_payments_bancontact","country":""}
2026-02-21T18:48:48+00:00 DEBUG Received invalid country code when getting provider links. Ignoring it. CONTEXT: {"gateway":"woocommerce_payments_sepa_debit","country":""}
2026-02-21T18:48:48+00:00 DEBUG Received invalid country code when getting provider links. Ignoring it. CONTEXT: {"gateway":"woocommerce_payments_giropay","country":""}
2026-02-21T18:48:48+00:00 DEBUG Received invalid country code when getting provider links. Ignoring it. CONTEXT: {"gateway":"woocommerce_payments_sofort","country":""}
2026-02-21T18:48:48+00:00 DEBUG Received invalid country code when getting provider links. Ignoring it. CONTEXT: {"gateway":"woocommerce_payments_p24","country":""}
2026-02-21T18:48:48+00:00 DEBUG Received invalid country code when getting provider links. Ignoring it. CONTEXT: {"gateway":"woocommerce_payments_ideal","country":""}
2026-02-21T18:48:48+00:00 DEBUG Received invalid country code when getting provider links. Ignoring it. CONTEXT: {"gateway":"woocommerce_payments_au_becs_debit","country":""}
2026-02-21T18:48:48+00:00 DEBUG Received invalid country code when getting provider links. Ignoring it. CONTEXT: {"gateway":"woocommerce_payments_eps","country":""}
2026-02-21T18:48:48+00:00 DEBUG Received invalid country code when getting provider links. Ignoring it. CONTEXT: {"gateway":"woocommerce_payments_affirm","country":""}
2026-02-21T18:48:48+00:00 DEBUG Received invalid country code when getting provider links. Ignoring it. CONTEXT: {"gateway":"woocommerce_payments_afterpay_clearpay","country":""}
2026-02-21T18:48:48+00:00 DEBUG Received invalid country code when getting provider links. Ignoring it. CONTEXT: {"gateway":"woocommerce_payments_klarna","country":""}
2026-02-21T18:48:48+00:00 DEBUG Received invalid country code when getting provider links. Ignoring it. CONTEXT: {"gateway":"woocommerce_payments_multibanco","country":""}
2026-02-21T18:48:48+00:00 DEBUG Received invalid country code when getting provider links. Ignoring it. CONTEXT: {"gateway":"woocommerce_payments_grabpay","country":""}
2026-02-21T18:48:48+00:00 DEBUG Received invalid country code when getting provider links. Ignoring it. CONTEXT: {"gateway":"woocommerce_payments_alipay","country":""}
2026-02-21T18:48:48+00:00 DEBUG Received invalid country code when getting provider links. Ignoring it. CONTEXT: {"gateway":"woocommerce_payments_wechat_pay","country":""}
2026-02-21T18:48:48+00:00 DEBUG Received invalid country code when getting provider links. Ignoring it. CONTEXT: {"gateway":"woocommerce_payments","country":""}
2026-02-21T18:48:48+00:00 DEBUG Received invalid country code when getting provider links. Ignoring it. CONTEXT: {"gateway":"woocommerce_payments_bancontact","country":""}
2026-02-21T18:48:48+00:00 DEBUG Received invalid country code when getting provider links. Ignoring it. CONTEXT: {"gateway":"woocommerce_payments_sepa_debit","country":""}
2026-02-21T18:48:48+00:00 DEBUG Received invalid country code when getting provider links. Ignoring it. CONTEXT: {"gateway":"woocommerce_payments_giropay","country":""}
2026-02-21T18:48:48+00:00 DEBUG Received invalid country code when getting provider links. Ignoring it. CONTEXT: {"gateway":"woocommerce_payments_sofort","country":""}
2026-02-21T18:48:48+00:00 DEBUG Received invalid country code when getting provider links. Ignoring it. CONTEXT: {"gateway":"woocommerce_payments_p24","country":""}
2026-02-21T18:48:48+00:00 DEBUG Received invalid country code when getting provider links. Ignoring it. CONTEXT: {"gateway":"woocommerce_payments_ideal","country":""}
2026-02-21T18:48:48+00:00 DEBUG Received invalid country code when getting provider links. Ignoring it. CONTEXT: {"gateway":"woocommerce_payments_au_becs_debit","country":""}
2026-02-21T18:48:48+00:00 DEBUG Received invalid country code when getting provider links. Ignoring it. CONTEXT: {"gateway":"woocommerce_payments_eps","country":""}
2026-02-21T18:48:48+00:00 DEBUG Received invalid country code when getting provider links. Ignoring it. CONTEXT: {"gateway":"woocommerce_payments_affirm","country":""}
2026-02-21T18:48:48+00:00 DEBUG Received invalid country code when getting provider links. Ignoring it. CONTEXT: {"gateway":"woocommerce_payments_afterpay_clearpay","country":""}
2026-02-21T18:48:48+00:00 DEBUG Received invalid country code when getting provider links. Ignoring it. CONTEXT: {"gateway":"woocommerce_payments_klarna","country":""}
2026-02-21T18:48:48+00:00 DEBUG Received invalid country code when getting provider links. Ignoring it. CONTEXT: {"gateway":"woocommerce_payments_multibanco","country":""}
2026-02-21T18:48:48+00:00 DEBUG Received invalid country code when getting provider links. Ignoring it. CONTEXT: {"gateway":"woocommerce_payments_grabpay","country":""}
2026-02-21T18:48:48+00:00 DEBUG Received invalid country code when getting provider links. Ignoring it. CONTEXT: {"gateway":"woocommerce_payments_alipay","country":""}
2026-02-21T18:48:48+00:00 DEBUG Received invalid country code when getting provider links. Ignoring it. CONTEXT: {"gateway":"woocommerce_payments_wechat_pay","country":""}
2026-02-21T18:48:48+00:00 DEBUG Received invalid country code when getting provider links. Ignoring it. CONTEXT: {"gateway":"bacs","country":""}
2026-02-21T18:48:48+00:00 DEBUG Received invalid country code when getting provider links. Ignoring it. CONTEXT: {"gateway":"cheque","country":""}
2026-02-21T18:48:48+00:00 DEBUG Received invalid country code when getting provider links. Ignoring it. CONTEXT: {"gateway":"cod","country":""}
2026-02-21T18:48:48+00:00 DEBUG Received invalid country code when getting provider links. Ignoring it. CONTEXT: {"gateway":"ppcp-gateway","country":""}
2026-02-21T18:48:48+00:00 DEBUG Received invalid country code when getting provider links. Ignoring it. CONTEXT: {"gateway":"woocommerce_payments_bancontact","country":""}
2026-02-21T18:48:48+00:00 DEBUG Received invalid country code when getting provider links. Ignoring it. CONTEXT: {"gateway":"woocommerce_payments_sepa_debit","country":""}
2026-02-21T18:48:48+00:00 DEBUG Received invalid country code when getting provider links. Ignoring it. CONTEXT: {"gateway":"woocommerce_payments_giropay","country":""}
2026-02-21T18:48:48+00:00 DEBUG Received invalid country code when getting provider links. Ignoring it. CONTEXT: {"gateway":"woocommerce_payments_sofort","country":""}
2026-02-21T18:48:48+00:00 DEBUG Received invalid country code when getting provider links. Ignoring it. CONTEXT: {"gateway":"woocommerce_payments_p24","country":""}
2026-02-21T18:48:48+00:00 DEBUG Received invalid country code when getting provider links. Ignoring it. CONTEXT: {"gateway":"woocommerce_payments_ideal","country":""}
2026-02-21T18:48:48+00:00 DEBUG Received invalid country code when getting provider links. Ignoring it. CONTEXT: {"gateway":"woocommerce_payments_au_becs_debit","country":""}
2026-02-21T18:48:48+00:00 DEBUG Received invalid country code when getting provider links. Ignoring it. CONTEXT: {"gateway":"woocommerce_payments_eps","country":""}
2026-02-21T18:48:48+00:00 DEBUG Received invalid country code when getting provider links. Ignoring it. CONTEXT: {"gateway":"woocommerce_payments_affirm","country":""}
2026-02-21T18:48:48+00:00 DEBUG Received invalid country code when getting provider links. Ignoring it. CONTEXT: {"gateway":"woocommerce_payments_afterpay_clearpay","country":""}
2026-02-21T18:48:48+00:00 DEBUG Received invalid country code when getting provider links. Ignoring it. CONTEXT: {"gateway":"woocommerce_payments_klarna","country":""}
2026-02-21T18:48:48+00:00 DEBUG Received invalid country code when getting provider links. Ignoring it. CONTEXT: {"gateway":"woocommerce_payments_multibanco","country":""}
2026-02-21T18:48:48+00:00 DEBUG Received invalid country code when getting provider links. Ignoring it. CONTEXT: {"gateway":"woocommerce_payments_grabpay","country":""}
2026-02-21T18:48:48+00:00 DEBUG Received invalid country code when getting provider links. Ignoring it. CONTEXT: {"gateway":"woocommerce_payments_alipay","country":""}
2026-02-21T18:48:48+00:00 DEBUG Received invalid country code when getting provider links. Ignoring it. CONTEXT: {"gateway":"woocommerce_payments_wechat_pay","country":""}
2026-02-21T18:48:48+00:00 DEBUG Received invalid country code when getting provider links. Ignoring it. CONTEXT: {"gateway":"woocommerce_payments","country":""}
2026-02-21T18:48:48+00:00 DEBUG Received invalid country code when getting provider links. Ignoring it. CONTEXT: {"gateway":"woocommerce_payments_bancontact","country":""}
2026-02-21T18:48:48+00:00 DEBUG Received invalid country code when getting provider links. Ignoring it. CONTEXT: {"gateway":"woocommerce_payments_sepa_debit","country":""}
2026-02-21T18:48:48+00:00 DEBUG Received invalid country code when getting provider links. Ignoring it. CONTEXT: {"gateway":"woocommerce_payments_giropay","country":""}
2026-02-21T18:48:48+00:00 DEBUG Received invalid country code when getting provider links. Ignoring it. CONTEXT: {"gateway":"woocommerce_payments_sofort","country":""}
2026-02-21T18:48:48+00:00 DEBUG Received invalid country code when getting provider links. Ignoring it. CONTEXT: {"gateway":"woocommerce_payments_p24","country":""}
2026-02-21T18:48:48+00:00 DEBUG Received invalid country code when getting provider links. Ignoring it. CONTEXT: {"gateway":"woocommerce_payments_ideal","country":""}
2026-02-21T18:48:48+00:00 DEBUG Received invalid country code when getting provider links. Ignoring it. CONTEXT: {"gateway":"woocommerce_payments_au_becs_debit","country":""}
2026-02-21T18:48:48+00:00 DEBUG Received invalid country code when getting provider links. Ignoring it. CONTEXT: {"gateway":"woocommerce_payments_eps","country":""}
2026-02-21T18:48:48+00:00 DEBUG Received invalid country code when getting provider links. Ignoring it. CONTEXT: {"gateway":"woocommerce_payments_affirm","country":""}
2026-02-21T18:48:48+00:00 DEBUG Received invalid country code when getting provider links. Ignoring it. CONTEXT: {"gateway":"woocommerce_payments_afterpay_clearpay","country":""}
2026-02-21T18:48:48+00:00 DEBUG Received invalid country code when getting provider links. Ignoring it. CONTEXT: {"gateway":"woocommerce_payments_klarna","country":""}
2026-02-21T18:48:48+00:00 DEBUG Received invalid country code when getting provider links. Ignoring it. CONTEXT: {"gateway":"woocommerce_payments_multibanco","country":""}
2026-02-21T18:48:48+00:00 DEBUG Received invalid country code when getting provider links. Ignoring it. CONTEXT: {"gateway":"woocommerce_payments_grabpay","country":""}
2026-02-21T18:48:48+00:00 DEBUG Received invalid country code when getting provider links. Ignoring it. CONTEXT: {"gateway":"woocommerce_payments_alipay","country":""}
2026-02-21T18:48:48+00:00 DEBUG Received invalid country code when getting provider links. Ignoring it. CONTEXT: {"gateway":"woocommerce_payments_wechat_pay","country":""}
2026-02-21T18:48:48+00:00 DEBUG Received invalid country code when getting provider links. Ignoring it. CONTEXT: {"gateway":"bacs","country":""}
2026-02-21T18:48:48+00:00 DEBUG Received invalid country code when getting provider links. Ignoring it. CONTEXT: {"gateway":"cheque","country":""}
2026-02-21T18:48:48+00:00 DEBUG Received invalid country code when getting provider links. Ignoring it. CONTEXT: {"gateway":"cod","country":""}
2026-02-21T18:48:48+00:00 DEBUG Received invalid country code when getting provider links. Ignoring it. CONTEXT: {"gateway":"ppcp-gateway","country":""}
2026-02-21T18:48:48+00:00 DEBUG Received invalid country code when getting provider links. Ignoring it. CONTEXT: {"gateway":"woocommerce_payments_bancontact","country":""}
2026-02-21T18:48:48+00:00 DEBUG Received invalid country code when getting provider links. Ignoring it. CONTEXT: {"gateway":"woocommerce_payments_sepa_debit","country":""}
2026-02-21T18:48:48+00:00 DEBUG Received invalid country code when getting provider links. Ignoring it. CONTEXT: {"gateway":"woocommerce_payments_giropay","country":""}
2026-02-21T18:48:48+00:00 DEBUG Received invalid country code when getting provider links. Ignoring it. CONTEXT: {"gateway":"woocommerce_payments_sofort","country":""}
2026-02-21T18:48:48+00:00 DEBUG Received invalid country code when getting provider links. Ignoring it. CONTEXT: {"gateway":"woocommerce_payments_p24","country":""}
2026-02-21T18:48:48+00:00 DEBUG Received invalid country code when getting provider links. Ignoring it. CONTEXT: {"gateway":"woocommerce_payments_ideal","country":""}
2026-02-21T18:48:48+00:00 DEBUG Received invalid country code when getting provider links. Ignoring it. CONTEXT: {"gateway":"woocommerce_payments_au_becs_debit","country":""}
2026-02-21T18:48:48+00:00 DEBUG Received invalid country code when getting provider links. Ignoring it. CONTEXT: {"gateway":"woocommerce_payments_eps","country":""}
2026-02-21T18:48:48+00:00 DEBUG Received invalid country code when getting provider links. Ignoring it. CONTEXT: {"gateway":"woocommerce_payments_affirm","country":""}
2026-02-21T18:48:48+00:00 DEBUG Received invalid country code when getting provider links. Ignoring it. CONTEXT: {"gateway":"woocommerce_payments_afterpay_clearpay","country":""}
2026-02-21T18:48:48+00:00 DEBUG Received invalid country code when getting provider links. Ignoring it. CONTEXT: {"gateway":"woocommerce_payments_klarna","country":""}
2026-02-21T18:48:48+00:00 DEBUG Received invalid country code when getting provider links. Ignoring it. CONTEXT: {"gateway":"woocommerce_payments_multibanco","country":""}
2026-02-21T18:48:48+00:00 DEBUG Received invalid country code when getting provider links. Ignoring it. CONTEXT: {"gateway":"woocommerce_payments_grabpay","country":""}
2026-02-21T18:48:48+00:00 DEBUG Received invalid country code when getting provider links. Ignoring it. CONTEXT: {"gateway":"woocommerce_payments_alipay","country":""}
2026-02-21T18:48:48+00:00 DEBUG Received invalid country code when getting provider links. Ignoring it. CONTEXT: {"gateway":"woocommerce_payments_wechat_pay","country":""}
2026-02-21T18:48:48+00:00 DEBUG Received invalid country code when getting provider links. Ignoring it. CONTEXT: {"gateway":"woocommerce_payments","country":""}
2026-02-21T18:48:48+00:00 DEBUG Received invalid country code when getting provider links. Ignoring it. CONTEXT: {"gateway":"woocommerce_payments_bancontact","country":""}
2026-02-21T18:48:48+00:00 DEBUG Received invalid country code when getting provider links. Ignoring it. CONTEXT: {"gateway":"woocommerce_payments_sepa_debit","country":""}
2026-02-21T18:48:48+00:00 DEBUG Received invalid country code when getting provider links. Ignoring it. CONTEXT: {"gateway":"woocommerce_payments_giropay","country":""}
2026-02-21T18:48:48+00:00 DEBUG Received invalid country code when getting provider links. Ignoring it. CONTEXT: {"gateway":"woocommerce_payments_sofort","country":""}
2026-02-21T18:48:48+00:00 DEBUG Received invalid country code when getting provider links. Ignoring it. CONTEXT: {"gateway":"woocommerce_payments_p24","country":""}
2026-02-21T18:48:48+00:00 DEBUG Received invalid country code when getting provider links. Ignoring it. CONTEXT: {"gateway":"woocommerce_payments_ideal","country":""}
2026-02-21T18:48:48+00:00 DEBUG Received invalid country code when getting provider links. Ignoring it. CONTEXT: {"gateway":"woocommerce_payments_au_becs_debit","country":""}
2026-02-21T18:48:48+00:00 DEBUG Received invalid country code when getting provider links. Ignoring it. CONTEXT: {"gateway":"woocommerce_payments_eps","country":""}
2026-02-21T18:48:48+00:00 DEBUG Received invalid country code when getting provider links. Ignoring it. CONTEXT: {"gateway":"woocommerce_payments_affirm","country":""}
2026-02-21T18:48:48+00:00 DEBUG Received invalid country code when getting provider links. Ignoring it. CONTEXT: {"gateway":"woocommerce_payments_afterpay_clearpay","country":""}
2026-02-21T18:48:48+00:00 DEBUG Received invalid country code when getting provider links. Ignoring it. CONTEXT: {"gateway":"woocommerce_payments_klarna","country":""}
2026-02-21T18:48:48+00:00 DEBUG Received invalid country code when getting provider links. Ignoring it. CONTEXT: {"gateway":"woocommerce_payments_multibanco","country":""}
2026-02-21T18:48:48+00:00 DEBUG Received invalid country code when getting provider links. Ignoring it. CONTEXT: {"gateway":"woocommerce_payments_grabpay","country":""}
2026-02-21T18:48:48+00:00 DEBUG Received invalid country code when getting provider links. Ignoring it. CONTEXT: {"gateway":"woocommerce_payments_alipay","country":""}
2026-02-21T18:48:48+00:00 DEBUG Received invalid country code when getting provider links. Ignoring it. CONTEXT: {"gateway":"woocommerce_payments_wechat_pay","country":""}
2026-02-21T18:48:48+00:00 DEBUG Received invalid country code when getting provider links. Ignoring it. CONTEXT: {"gateway":"bacs","country":""}
2026-02-21T18:48:48+00:00 DEBUG Received invalid country code when getting provider links. Ignoring it. CONTEXT: {"gateway":"cheque","country":""}
2026-02-21T18:48:48+00:00 DEBUG Received invalid country code when getting provider links. Ignoring it. CONTEXT: {"gateway":"cod","country":""}
2026-02-21T18:48:48+00:00 DEBUG Received invalid country code when getting provider links. Ignoring it. CONTEXT: {"gateway":"ppcp-gateway","country":""}
2026-02-21T18:48:48+00:00 DEBUG Received invalid country code when getting provider links. Ignoring it. CONTEXT: {"gateway":"woocommerce_payments_bancontact","country":""}
2026-02-21T18:48:48+00:00 DEBUG Received invalid country code when getting provider links. Ignoring it. CONTEXT: {"gateway":"woocommerce_payments_sepa_debit","country":""}
2026-02-21T18:48:48+00:00 DEBUG Received invalid country code when getting provider links. Ignoring it. CONTEXT: {"gateway":"woocommerce_payments_giropay","country":""}
2026-02-21T18:48:48+00:00 DEBUG Received invalid country code when getting provider links. Ignoring it. CONTEXT: {"gateway":"woocommerce_payments_sofort","country":""}
2026-02-21T18:48:48+00:00 DEBUG Received invalid country code when getting provider links. Ignoring it. CONTEXT: {"gateway":"woocommerce_payments_p24","country":""}
2026-02-21T18:48:48+00:00 DEBUG Received invalid country code when getting provider links. Ignoring it. CONTEXT: {"gateway":"woocommerce_payments_ideal","country":""}
2026-02-21T18:48:48+00:00 DEBUG Received invalid country code when getting provider links. Ignoring it. CONTEXT: {"gateway":"woocommerce_payments_au_becs_debit","country":""}
2026-02-21T18:48:48+00:00 DEBUG Received invalid country code when getting provider links. Ignoring it. CONTEXT: {"gateway":"woocommerce_payments_eps","country":""}
2026-02-21T18:48:48+00:00 DEBUG Received invalid country code when getting provider links. Ignoring it. CONTEXT: {"gateway":"woocommerce_payments_affirm","country":""}
2026-02-21T18:48:48+00:00 DEBUG Received invalid country code when getting provider links. Ignoring it. CONTEXT: {"gateway":"woocommerce_payments_afterpay_clearpay","country":""}
2026-02-21T18:48:48+00:00 DEBUG Received invalid country code when getting provider links. Ignoring it. CONTEXT: {"gateway":"woocommerce_payments_klarna","country":""}
2026-02-21T18:48:48+00:00 DEBUG Received invalid country code when getting provider links. Ignoring it. CONTEXT: {"gateway":"woocommerce_payments_multibanco","country":""}
2026-02-21T18:48:48+00:00 DEBUG Received invalid country code when getting provider links. Ignoring it. CONTEXT: {"gateway":"woocommerce_payments_grabpay","country":""}
2026-02-21T18:48:48+00:00 DEBUG Received invalid country code when getting provider links. Ignoring it. CONTEXT: {"gateway":"woocommerce_payments_alipay","country":""}
2026-02-21T18:48:48+00:00 DEBUG Received invalid country code when getting provider links. Ignoring it. CONTEXT: {"gateway":"woocommerce_payments_wechat_pay","country":""}
2026-02-21T18:48:48+00:00 DEBUG Received invalid country code when getting provider links. Ignoring it. CONTEXT: {"gateway":"woocommerce_payments","country":""}
2026-02-21T18:48:48+00:00 DEBUG Received invalid country code when getting provider links. Ignoring it. CONTEXT: {"gateway":"woocommerce_payments_bancontact","country":""}
2026-02-21T18:48:48+00:00 DEBUG Received invalid country code when getting provider links. Ignoring it. CONTEXT: {"gateway":"woocommerce_payments_sepa_debit","country":""}
2026-02-21T18:48:48+00:00 DEBUG Received invalid country code when getting provider links. Ignoring it. CONTEXT: {"gateway":"woocommerce_payments_giropay","country":""}
2026-02-21T18:48:48+00:00 DEBUG Received invalid country code when getting provider links. Ignoring it. CONTEXT: {"gateway":"woocommerce_payments_sofort","country":""}
2026-02-21T18:48:48+00:00 DEBUG Received invalid country code when getting provider links. Ignoring it. CONTEXT: {"gateway":"woocommerce_payments_p24","country":""}
2026-02-21T18:48:48+00:00 DEBUG Received invalid country code when getting provider links. Ignoring it. CONTEXT: {"gateway":"woocommerce_payments_ideal","country":""}
2026-02-21T18:48:48+00:00 DEBUG Received invalid country code when getting provider links. Ignoring it. CONTEXT: {"gateway":"woocommerce_payments_au_becs_debit","country":""}
2026-02-21T18:48:48+00:00 DEBUG Received invalid country code when getting provider links. Ignoring it. CONTEXT: {"gateway":"woocommerce_payments_eps","country":""}
2026-02-21T18:48:48+00:00 DEBUG Received invalid country code when getting provider links. Ignoring it. CONTEXT: {"gateway":"woocommerce_payments_affirm","country":""}
2026-02-21T18:48:48+00:00 DEBUG Received invalid country code when getting provider links. Ignoring it. CONTEXT: {"gateway":"woocommerce_payments_afterpay_clearpay","country":""}
2026-02-21T18:48:48+00:00 DEBUG Received invalid country code when getting provider links. Ignoring it. CONTEXT: {"gateway":"woocommerce_payments_klarna","country":""}
2026-02-21T18:48:48+00:00 DEBUG Received invalid country code when getting provider links. Ignoring it. CONTEXT: {"gateway":"woocommerce_payments_multibanco","country":""}
2026-02-21T18:48:48+00:00 DEBUG Received invalid country code when getting provider links. Ignoring it. CONTEXT: {"gateway":"woocommerce_payments_grabpay","country":""}
2026-02-21T18:48:48+00:00 DEBUG Received invalid country code when getting provider links. Ignoring it. CONTEXT: {"gateway":"woocommerce_payments_alipay","country":""}
2026-02-21T18:48:48+00:00 DEBUG Received invalid country code when getting provider links. Ignoring it. CONTEXT: {"gateway":"woocommerce_payments_wechat_pay","country":""}
2026-02-21T18:48:48+00:00 DEBUG Received invalid country code when getting provider links. Ignoring it. CONTEXT: {"gateway":"bacs","country":""}
2026-02-21T18:48:48+00:00 DEBUG Received invalid country code when getting provider links. Ignoring it. CONTEXT: {"gateway":"cheque","country":""}
2026-02-21T18:48:48+00:00 DEBUG Received invalid country code when getting provider links. Ignoring it. CONTEXT: {"gateway":"cod","country":""}
2026-02-21T18:48:48+00:00 DEBUG Received invalid country code when getting provider links. Ignoring it. CONTEXT: {"gateway":"ppcp-gateway","country":""}
2026-02-21T18:48:48+00:00 DEBUG Received invalid country code when getting provider links. Ignoring it. CONTEXT: {"gateway":"woocommerce_payments_bancontact","country":""}
2026-02-21T18:48:48+00:00 DEBUG Received invalid country code when getting provider links. Ignoring it. CONTEXT: {"gateway":"woocommerce_payments_sepa_debit","country":""}
2026-02-21T18:48:48+00:00 DEBUG Received invalid country code when getting provider links. Ignoring it. CONTEXT: {"gateway":"woocommerce_payments_giropay","country":""}
2026-02-21T18:48:48+00:00 DEBUG Received invalid country code when getting provider links. Ignoring it. CONTEXT: {"gateway":"woocommerce_payments_sofort","country":""}
2026-02-21T18:48:48+00:00 DEBUG Received invalid country code when getting provider links. Ignoring it. CONTEXT: {"gateway":"woocommerce_payments_p24","country":""}
2026-02-21T18:48:48+00:00 DEBUG Received invalid country code when getting provider links. Ignoring it. CONTEXT: {"gateway":"woocommerce_payments_ideal","country":""}
2026-02-21T18:48:48+00:00 DEBUG Received invalid country code when getting provider links. Ignoring it. CONTEXT: {"gateway":"woocommerce_payments_au_becs_debit","country":""}
2026-02-21T18:48:48+00:00 DEBUG Received invalid country code when getting provider links. Ignoring it. CONTEXT: {"gateway":"woocommerce_payments_eps","country":""}
2026-02-21T18:48:48+00:00 DEBUG Received invalid country code when getting provider links. Ignoring it. CONTEXT: {"gateway":"woocommerce_payments_affirm","country":""}
2026-02-21T18:48:48+00:00 DEBUG Received invalid country code when getting provider links. Ignoring it. CONTEXT: {"gateway":"woocommerce_payments_afterpay_clearpay","country":""}
2026-02-21T18:48:48+00:00 DEBUG Received invalid country code when getting provider links. Ignoring it. CONTEXT: {"gateway":"woocommerce_payments_klarna","country":""}
2026-02-21T18:48:48+00:00 DEBUG Received invalid country code when getting provider links. Ignoring it. CONTEXT: {"gateway":"woocommerce_payments_multibanco","country":""}
2026-02-21T18:48:48+00:00 DEBUG Received invalid country code when getting provider links. Ignoring it. CONTEXT: {"gateway":"woocommerce_payments_grabpay","country":""}
2026-02-21T18:48:48+00:00 DEBUG Received invalid country code when getting provider links. Ignoring it. CONTEXT: {"gateway":"woocommerce_payments_alipay","country":""}
2026-02-21T18:48:48+00:00 DEBUG Received invalid country code when getting provider links. Ignoring it. CONTEXT: {"gateway":"woocommerce_payments_wechat_pay","country":""}
2026-02-21T18:48:48+00:00 DEBUG Received invalid country code when getting provider links. Ignoring it. CONTEXT: {"gateway":"woocommerce_payments","country":""}
2026-02-21T18:48:48+00:00 DEBUG Received invalid country code when getting provider links. Ignoring it. CONTEXT: {"gateway":"woocommerce_payments_bancontact","country":""}
2026-02-21T18:48:48+00:00 DEBUG Received invalid country code when getting provider links. Ignoring it. CONTEXT: {"gateway":"woocommerce_payments_sepa_debit","country":""}
2026-02-21T18:48:48+00:00 DEBUG Received invalid country code when getting provider links. Ignoring it. CONTEXT: {"gateway":"woocommerce_payments_giropay","country":""}
2026-02-21T18:48:48+00:00 DEBUG Received invalid country code when getting provider links. Ignoring it. CONTEXT: {"gateway":"woocommerce_payments_sofort","country":""}
2026-02-21T18:48:48+00:00 DEBUG Received invalid country code when getting provider links. Ignoring it. CONTEXT: {"gateway":"woocommerce_payments_p24","country":""}
2026-02-21T18:48:48+00:00 DEBUG Received invalid country code when getting provider links. Ignoring it. CONTEXT: {"gateway":"woocommerce_payments_ideal","country":""}
2026-02-21T18:48:48+00:00 DEBUG Received invalid country code when getting provider links. Ignoring it. CONTEXT: {"gateway":"woocommerce_payments_au_becs_debit","country":""}
2026-02-21T18:48:48+00:00 DEBUG Received invalid country code when getting provider links. Ignoring it. CONTEXT: {"gateway":"woocommerce_payments_eps","country":""}
2026-02-21T18:48:48+00:00 DEBUG Received invalid country code when getting provider links. Ignoring it. CONTEXT: {"gateway":"woocommerce_payments_affirm","country":""}
2026-02-21T18:48:48+00:00 DEBUG Received invalid country code when getting provider links. Ignoring it. CONTEXT: {"gateway":"woocommerce_payments_afterpay_clearpay","country":""}
2026-02-21T18:48:48+00:00 DEBUG Received invalid country code when getting provider links. Ignoring it. CONTEXT: {"gateway":"woocommerce_payments_klarna","country":""}
2026-02-21T18:48:48+00:00 DEBUG Received invalid country code when getting provider links. Ignoring it. CONTEXT: {"gateway":"woocommerce_payments_multibanco","country":""}
2026-02-21T18:48:48+00:00 DEBUG Received invalid country code when getting provider links. Ignoring it. CONTEXT: {"gateway":"woocommerce_payments_grabpay","country":""}
2026-02-21T18:48:48+00:00 DEBUG Received invalid country code when getting provider links. Ignoring it. CONTEXT: {"gateway":"woocommerce_payments_alipay","country":""}
2026-02-21T18:48:48+00:00 DEBUG Received invalid country code when getting provider links. Ignoring it. CONTEXT: {"gateway":"woocommerce_payments_wechat_pay","country":""}
2026-02-21T18:48:48+00:00 DEBUG Received invalid country code when getting provider links. Ignoring it. CONTEXT: {"gateway":"bacs","country":""}
2026-02-21T18:48:48+00:00 DEBUG Received invalid country code when getting provider links. Ignoring it. CONTEXT: {"gateway":"cheque","country":""}
2026-02-21T18:48:48+00:00 DEBUG Received invalid country code when getting provider links. Ignoring it. CONTEXT: {"gateway":"cod","country":""}
2026-02-21T18:48:48+00:00 DEBUG Received invalid country code when getting provider links. Ignoring it. CONTEXT: {"gateway":"ppcp-gateway","country":""}
2026-02-21T18:48:48+00:00 DEBUG Received invalid country code when getting provider links. Ignoring it. CONTEXT: {"gateway":"woocommerce_payments_bancontact","country":""}
2026-02-21T18:48:48+00:00 DEBUG Received invalid country code when getting provider links. Ignoring it. CONTEXT: {"gateway":"woocommerce_payments_sepa_debit","country":""}
2026-02-21T18:48:48+00:00 DEBUG Received invalid country code when getting provider links. Ignoring it. CONTEXT: {"gateway":"woocommerce_payments_giropay","country":""}
2026-02-21T18:48:48+00:00 DEBUG Received invalid country code when getting provider links. Ignoring it. CONTEXT: {"gateway":"woocommerce_payments_sofort","country":""}
2026-02-21T18:48:48+00:00 DEBUG Received invalid country code when getting provider links. Ignoring it. CONTEXT: {"gateway":"woocommerce_payments_p24","country":""}
2026-02-21T18:48:48+00:00 DEBUG Received invalid country code when getting provider links. Ignoring it. CONTEXT: {"gateway":"woocommerce_payments_ideal","country":""}
2026-02-21T18:48:48+00:00 DEBUG Received invalid country code when getting provider links. Ignoring it. CONTEXT: {"gateway":"woocommerce_payments_au_becs_debit","country":""}
2026-02-21T18:48:48+00:00 DEBUG Received invalid country code when getting provider links. Ignoring it. CONTEXT: {"gateway":"woocommerce_payments_eps","country":""}
2026-02-21T18:48:48+00:00 DEBUG Received invalid country code when getting provider links. Ignoring it. CONTEXT: {"gateway":"woocommerce_payments_affirm","country":""}
2026-02-21T18:48:48+00:00 DEBUG Received invalid country code when getting provider links. Ignoring it. CONTEXT: {"gateway":"woocommerce_payments_afterpay_clearpay","country":""}
2026-02-21T18:48:48+00:00 DEBUG Received invalid country code when getting provider links. Ignoring it. CONTEXT: {"gateway":"woocommerce_payments_klarna","country":""}
2026-02-21T18:48:48+00:00 DEBUG Received invalid country code when getting provider links. Ignoring it. CONTEXT: {"gateway":"woocommerce_payments_multibanco","country":""}
2026-02-21T18:48:48+00:00 DEBUG Received invalid country code when getting provider links. Ignoring it. CONTEXT: {"gateway":"woocommerce_payments_grabpay","country":""}
2026-02-21T18:48:48+00:00 DEBUG Received invalid country code when getting provider links. Ignoring it. CONTEXT: {"gateway":"woocommerce_payments_alipay","country":""}
2026-02-21T18:48:48+00:00 DEBUG Received invalid country code when getting provider links. Ignoring it. CONTEXT: {"gateway":"woocommerce_payments_wechat_pay","country":""}
2026-02-21T18:48:48+00:00 DEBUG Received invalid country code when getting provider links. Ignoring it. CONTEXT: {"gateway":"woocommerce_payments","country":""}
2026-02-21T18:48:48+00:00 DEBUG Received invalid country code when getting provider links. Ignoring it. CONTEXT: {"gateway":"woocommerce_payments_bancontact","country":""}
2026-02-21T18:48:48+00:00 DEBUG Received invalid country code when getting provider links. Ignoring it. CONTEXT: {"gateway":"woocommerce_payments_sepa_debit","country":""}
2026-02-21T18:48:48+00:00 DEBUG Received invalid country code when getting provider links. Ignoring it. CONTEXT: {"gateway":"woocommerce_payments_giropay","country":""}
2026-02-21T18:48:48+00:00 DEBUG Received invalid country code when getting provider links. Ignoring it. CONTEXT: {"gateway":"woocommerce_payments_sofort","country":""}
2026-02-21T18:48:48+00:00 DEBUG Received invalid country code when getting provider links. Ignoring it. CONTEXT: {"gateway":"woocommerce_payments_p24","country":""}
2026-02-21T18:48:48+00:00 DEBUG Received invalid country code when getting provider links. Ignoring it. CONTEXT: {"gateway":"woocommerce_payments_ideal","country":""}
2026-02-21T18:48:48+00:00 DEBUG Received invalid country code when getting provider links. Ignoring it. CONTEXT: {"gateway":"woocommerce_payments_au_becs_debit","country":""}
2026-02-21T18:48:48+00:00 DEBUG Received invalid country code when getting provider links. Ignoring it. CONTEXT: {"gateway":"woocommerce_payments_eps","country":""}
2026-02-21T18:48:48+00:00 DEBUG Received invalid country code when getting provider links. Ignoring it. CONTEXT: {"gateway":"woocommerce_payments_affirm","country":""}
2026-02-21T18:48:48+00:00 DEBUG Received invalid country code when getting provider links. Ignoring it. CONTEXT: {"gateway":"woocommerce_payments_afterpay_clearpay","country":""}
2026-02-21T18:48:48+00:00 DEBUG Received invalid country code when getting provider links. Ignoring it. CONTEXT: {"gateway":"woocommerce_payments_klarna","country":""}
2026-02-21T18:48:48+00:00 DEBUG Received invalid country code when getting provider links. Ignoring it. CONTEXT: {"gateway":"woocommerce_payments_multibanco","country":""}
2026-02-21T18:48:48+00:00 DEBUG Received invalid country code when getting provider links. Ignoring it. CONTEXT: {"gateway":"woocommerce_payments_grabpay","country":""}
2026-02-21T18:48:48+00:00 DEBUG Received invalid country code when getting provider links. Ignoring it. CONTEXT: {"gateway":"woocommerce_payments_alipay","country":""}
2026-02-21T18:48:48+00:00 DEBUG Received invalid country code when getting provider links. Ignoring it. CONTEXT: {"gateway":"woocommerce_payments_wechat_pay","country":""}
2026-02-21T18:48:48+00:00 DEBUG Received invalid country code when getting provider links. Ignoring it. CONTEXT: {"gateway":"bacs","country":""}
2026-02-21T18:48:48+00:00 DEBUG Received invalid country code when getting provider links. Ignoring it. CONTEXT: {"gateway":"cheque","country":""}
2026-02-21T18:48:48+00:00 DEBUG Received invalid country code when getting provider links. Ignoring it. CONTEXT: {"gateway":"cod","country":""}
2026-02-21T18:48:48+00:00 DEBUG Received invalid country code when getting provider links. Ignoring it. CONTEXT: {"gateway":"ppcp-gateway","country":""}
2026-02-21T18:48:48+00:00 DEBUG Received invalid country code when getting provider links. Ignoring it. CONTEXT: {"gateway":"woocommerce_payments_bancontact","country":""}
2026-02-21T18:48:48+00:00 DEBUG Received invalid country code when getting provider links. Ignoring it. CONTEXT: {"gateway":"woocommerce_payments_sepa_debit","country":""}
2026-02-21T18:48:48+00:00 DEBUG Received invalid country code when getting provider links. Ignoring it. CONTEXT: {"gateway":"woocommerce_payments_giropay","country":""}
2026-02-21T18:48:48+00:00 DEBUG Received invalid country code when getting provider links. Ignoring it. CONTEXT: {"gateway":"woocommerce_payments_sofort","country":""}
2026-02-21T18:48:48+00:00 DEBUG Received invalid country code when getting provider links. Ignoring it. CONTEXT: {"gateway":"woocommerce_payments_p24","country":""}
2026-02-21T18:48:48+00:00 DEBUG Received invalid country code when getting provider links. Ignoring it. CONTEXT: {"gateway":"woocommerce_payments_ideal","country":""}
2026-02-21T18:48:48+00:00 DEBUG Received invalid country code when getting provider links. Ignoring it. CONTEXT: {"gateway":"woocommerce_payments_au_becs_debit","country":""}
2026-02-21T18:48:48+00:00 DEBUG Received invalid country code when getting provider links. Ignoring it. CONTEXT: {"gateway":"woocommerce_payments_eps","country":""}
2026-02-21T18:48:48+00:00 DEBUG Received invalid country code when getting provider links. Ignoring it. CONTEXT: {"gateway":"woocommerce_payments_affirm","country":""}
2026-02-21T18:48:48+00:00 DEBUG Received invalid country code when getting provider links. Ignoring it. CONTEXT: {"gateway":"woocommerce_payments_afterpay_clearpay","country":""}
2026-02-21T18:48:48+00:00 DEBUG Received invalid country code when getting provider links. Ignoring it. CONTEXT: {"gateway":"woocommerce_payments_klarna","country":""}
2026-02-21T18:48:48+00:00 DEBUG Received invalid country code when getting provider links. Ignoring it. CONTEXT: {"gateway":"woocommerce_payments_multibanco","country":""}
2026-02-21T18:48:48+00:00 DEBUG Received invalid country code when getting provider links. Ignoring it. CONTEXT: {"gateway":"woocommerce_payments_grabpay","country":""}
2026-02-21T18:48:48+00:00 DEBUG Received invalid country code when getting provider links. Ignoring it. CONTEXT: {"gateway":"woocommerce_payments_alipay","country":""}
2026-02-21T18:48:48+00:00 DEBUG Received invalid country code when getting provider links. Ignoring it. CONTEXT: {"gateway":"woocommerce_payments_wechat_pay","country":""}
2026-02-21T18:48:48+00:00 DEBUG Received invalid country code when getting provider links. Ignoring it. CONTEXT: {"gateway":"woocommerce_payments","country":""}
2026-02-21T18:48:48+00:00 DEBUG Received invalid country code when getting provider links. Ignoring it. CONTEXT: {"gateway":"woocommerce_payments_bancontact","country":""}
2026-02-21T18:48:48+00:00 DEBUG Received invalid country code when getting provider links. Ignoring it. CONTEXT: {"gateway":"woocommerce_payments_sepa_debit","country":""}
2026-02-21T18:48:48+00:00 DEBUG Received invalid country code when getting provider links. Ignoring it. CONTEXT: {"gateway":"woocommerce_payments_giropay","country":""}
2026-02-21T18:48:48+00:00 DEBUG Received invalid country code when getting provider links. Ignoring it. CONTEXT: {"gateway":"woocommerce_payments_sofort","country":""}
2026-02-21T18:48:48+00:00 DEBUG Received invalid country code when getting provider links. Ignoring it. CONTEXT: {"gateway":"woocommerce_payments_p24","country":""}
2026-02-21T18:48:48+00:00 DEBUG Received invalid country code when getting provider links. Ignoring it. CONTEXT: {"gateway":"woocommerce_payments_ideal","country":""}
2026-02-21T18:48:48+00:00 DEBUG Received invalid country code when getting provider links. Ignoring it. CONTEXT: {"gateway":"woocommerce_payments_au_becs_debit","country":""}
2026-02-21T18:48:48+00:00 DEBUG Received invalid country code when getting provider links. Ignoring it. CONTEXT: {"gateway":"woocommerce_payments_eps","country":""}
2026-02-21T18:48:48+00:00 DEBUG Received invalid country code when getting provider links. Ignoring it. CONTEXT: {"gateway":"woocommerce_payments_affirm","country":""}
2026-02-21T18:48:49+00:00 DEBUG Received invalid country code when getting provider links. Ignoring it. CONTEXT: {"gateway":"woocommerce_payments_afterpay_clearpay","country":""}
2026-02-21T18:48:49+00:00 DEBUG Received invalid country code when getting provider links. Ignoring it. CONTEXT: {"gateway":"woocommerce_payments_klarna","country":""}
2026-02-21T18:48:49+00:00 DEBUG Received invalid country code when getting provider links. Ignoring it. CONTEXT: {"gateway":"woocommerce_payments_multibanco","country":""}
2026-02-21T18:48:49+00:00 DEBUG Received invalid country code when getting provider links. Ignoring it. CONTEXT: {"gateway":"woocommerce_payments_grabpay","country":""}
2026-02-21T18:48:49+00:00 DEBUG Received invalid country code when getting provider links. Ignoring it. CONTEXT: {"gateway":"woocommerce_payments_alipay","country":""}
2026-02-21T18:48:49+00:00 DEBUG Received invalid country code when getting provider links. Ignoring it. CONTEXT: {"gateway":"woocommerce_payments_wechat_pay","country":""}
2026-02-21T18:48:49+00:00 DEBUG Received invalid country code when getting provider links. Ignoring it. CONTEXT: {"gateway":"bacs","country":""}
2026-02-21T18:48:49+00:00 DEBUG Received invalid country code when getting provider links. Ignoring it. CONTEXT: {"gateway":"cheque","country":""}
2026-02-21T18:48:49+00:00 DEBUG Received invalid country code when getting provider links. Ignoring it. CONTEXT: {"gateway":"cod","country":""}
2026-02-21T18:48:49+00:00 DEBUG Received invalid country code when getting provider links. Ignoring it. CONTEXT: {"gateway":"ppcp-gateway","country":""}
2026-02-21T18:48:49+00:00 DEBUG Received invalid country code when getting provider links. Ignoring it. CONTEXT: {"gateway":"woocommerce_payments_bancontact","country":""}
2026-02-21T18:48:49+00:00 DEBUG Received invalid country code when getting provider links. Ignoring it. CONTEXT: {"gateway":"woocommerce_payments_sepa_debit","country":""}
2026-02-21T18:48:49+00:00 DEBUG Received invalid country code when getting provider links. Ignoring it. CONTEXT: {"gateway":"woocommerce_payments_giropay","country":""}
2026-02-21T18:48:49+00:00 DEBUG Received invalid country code when getting provider links. Ignoring it. CONTEXT: {"gateway":"woocommerce_payments_sofort","country":""}
2026-02-21T18:48:49+00:00 DEBUG Received invalid country code when getting provider links. Ignoring it. CONTEXT: {"gateway":"woocommerce_payments_p24","country":""}
2026-02-21T18:48:49+00:00 DEBUG Received invalid country code when getting provider links. Ignoring it. CONTEXT: {"gateway":"woocommerce_payments_ideal","country":""}
2026-02-21T18:48:49+00:00 DEBUG Received invalid country code when getting provider links. Ignoring it. CONTEXT: {"gateway":"woocommerce_payments_au_becs_debit","country":""}
2026-02-21T18:48:49+00:00 DEBUG Received invalid country code when getting provider links. Ignoring it. CONTEXT: {"gateway":"woocommerce_payments_eps","country":""}
2026-02-21T18:48:49+00:00 DEBUG Received invalid country code when getting provider links. Ignoring it. CONTEXT: {"gateway":"woocommerce_payments_affirm","country":""}
2026-02-21T18:48:49+00:00 DEBUG Received invalid country code when getting provider links. Ignoring it. CONTEXT: {"gateway":"woocommerce_payments_afterpay_clearpay","country":""}
2026-02-21T18:48:49+00:00 DEBUG Received invalid country code when getting provider links. Ignoring it. CONTEXT: {"gateway":"woocommerce_payments_klarna","country":""}
2026-02-21T18:48:49+00:00 DEBUG Received invalid country code when getting provider links. Ignoring it. CONTEXT: {"gateway":"woocommerce_payments_multibanco","country":""}
2026-02-21T18:48:49+00:00 DEBUG Received invalid country code when getting provider links. Ignoring it. CONTEXT: {"gateway":"woocommerce_payments_grabpay","country":""}
2026-02-21T18:48:49+00:00 DEBUG Received invalid country code when getting provider links. Ignoring it. CONTEXT: {"gateway":"woocommerce_payments_alipay","country":""}
2026-02-21T18:48:49+00:00 DEBUG Received invalid country code when getting provider links. Ignoring it. CONTEXT: {"gateway":"woocommerce_payments_wechat_pay","country":""}
2026-02-21T18:48:49+00:00 DEBUG Received invalid country code when getting provider links. Ignoring it. CONTEXT: {"gateway":"woocommerce_payments","country":""}
2026-02-21T18:48:49+00:00 DEBUG Received invalid country code when getting provider links. Ignoring it. CONTEXT: {"gateway":"woocommerce_payments_bancontact","country":""}
2026-02-21T18:48:49+00:00 DEBUG Received invalid country code when getting provider links. Ignoring it. CONTEXT: {"gateway":"woocommerce_payments_sepa_debit","country":""}
2026-02-21T18:48:49+00:00 DEBUG Received invalid country code when getting provider links. Ignoring it. CONTEXT: {"gateway":"woocommerce_payments_giropay","country":""}
2026-02-21T18:48:49+00:00 DEBUG Received invalid country code when getting provider links. Ignoring it. CONTEXT: {"gateway":"woocommerce_payments_sofort","country":""}
2026-02-21T18:48:49+00:00 DEBUG Received invalid country code when getting provider links. Ignoring it. CONTEXT: {"gateway":"woocommerce_payments_p24","country":""}
2026-02-21T18:48:49+00:00 DEBUG Received invalid country code when getting provider links. Ignoring it. CONTEXT: {"gateway":"woocommerce_payments_ideal","country":""}
2026-02-21T18:48:49+00:00 DEBUG Received invalid country code when getting provider links. Ignoring it. CONTEXT: {"gateway":"woocommerce_payments_au_becs_debit","country":""}
2026-02-21T18:48:49+00:00 DEBUG Received invalid country code when getting provider links. Ignoring it. CONTEXT: {"gateway":"woocommerce_payments_eps","country":""}
2026-02-21T18:48:49+00:00 DEBUG Received invalid country code when getting provider links. Ignoring it. CONTEXT: {"gateway":"woocommerce_payments_affirm","country":""}
2026-02-21T18:48:49+00:00 DEBUG Received invalid country code when getting provider links. Ignoring it. CONTEXT: {"gateway":"woocommerce_payments_afterpay_clearpay","country":""}
2026-02-21T18:48:49+00:00 DEBUG Received invalid country code when getting provider links. Ignoring it. CONTEXT: {"gateway":"woocommerce_payments_klarna","country":""}
2026-02-21T18:48:49+00:00 DEBUG Received invalid country code when getting provider links. Ignoring it. CONTEXT: {"gateway":"woocommerce_payments_multibanco","country":""}
2026-02-21T18:48:49+00:00 DEBUG Received invalid country code when getting provider links. Ignoring it. CONTEXT: {"gateway":"woocommerce_payments_grabpay","country":""}
2026-02-21T18:48:49+00:00 DEBUG Received invalid country code when getting provider links. Ignoring it. CONTEXT: {"gateway":"woocommerce_payments_alipay","country":""}
2026-02-21T18:48:49+00:00 DEBUG Received invalid country code when getting provider links. Ignoring it. CONTEXT: {"gateway":"woocommerce_payments_wechat_pay","country":""}
2026-02-21T18:48:49+00:00 DEBUG Received invalid country code when getting provider links. Ignoring it. CONTEXT: {"gateway":"bacs","country":""}
2026-02-21T18:48:49+00:00 DEBUG Received invalid country code when getting provider links. Ignoring it. CONTEXT: {"gateway":"cheque","country":""}
2026-02-21T18:48:49+00:00 DEBUG Received invalid country code when getting provider links. Ignoring it. CONTEXT: {"gateway":"cod","country":""}
2026-02-21T18:48:49+00:00 DEBUG Received invalid country code when getting provider links. Ignoring it. CONTEXT: {"gateway":"ppcp-gateway","country":""}
2026-02-21T18:48:49+00:00 DEBUG Received invalid country code when getting provider links. Ignoring it. CONTEXT: {"gateway":"woocommerce_payments_bancontact","country":""}
2026-02-21T18:48:49+00:00 DEBUG Received invalid country code when getting provider links. Ignoring it. CONTEXT: {"gateway":"woocommerce_payments_sepa_debit","country":""}
2026-02-21T18:48:49+00:00 DEBUG Received invalid country code when getting provider links. Ignoring it. CONTEXT: {"gateway":"woocommerce_payments_giropay","country":""}
2026-02-21T18:48:49+00:00 DEBUG Received invalid country code when getting provider links. Ignoring it. CONTEXT: {"gateway":"woocommerce_payments_sofort","country":""}
2026-02-21T18:48:49+00:00 DEBUG Received invalid country code when getting provider links. Ignoring it. CONTEXT: {"gateway":"woocommerce_payments_p24","country":""}
2026-02-21T18:48:49+00:00 DEBUG Received invalid country code when getting provider links. Ignoring it. CONTEXT: {"gateway":"woocommerce_payments_ideal","country":""}
2026-02-21T18:48:49+00:00 DEBUG Received invalid country code when getting provider links. Ignoring it. CONTEXT: {"gateway":"woocommerce_payments_au_becs_debit","country":""}
2026-02-21T18:48:49+00:00 DEBUG Received invalid country code when getting provider links. Ignoring it. CONTEXT: {"gateway":"woocommerce_payments_eps","country":""}
2026-02-21T18:48:49+00:00 DEBUG Received invalid country code when getting provider links. Ignoring it. CONTEXT: {"gateway":"woocommerce_payments_affirm","country":""}
2026-02-21T18:48:49+00:00 DEBUG Received invalid country code when getting provider links. Ignoring it. CONTEXT: {"gateway":"woocommerce_payments_afterpay_clearpay","country":""}
2026-02-21T18:48:49+00:00 DEBUG Received invalid country code when getting provider links. Ignoring it. CONTEXT: {"gateway":"woocommerce_payments_klarna","country":""}
2026-02-21T18:48:49+00:00 DEBUG Received invalid country code when getting provider links. Ignoring it. CONTEXT: {"gateway":"woocommerce_payments_multibanco","country":""}
2026-02-21T18:48:49+00:00 DEBUG Received invalid country code when getting provider links. Ignoring it. CONTEXT: {"gateway":"woocommerce_payments_grabpay","country":""}
2026-02-21T18:48:49+00:00 DEBUG Received invalid country code when getting provider links. Ignoring it. CONTEXT: {"gateway":"woocommerce_payments_alipay","country":""}
2026-02-21T18:48:49+00:00 DEBUG Received invalid country code when getting provider links. Ignoring it. CONTEXT: {"gateway":"woocommerce_payments_wechat_pay","country":""}
2026-02-21T18:48:49+00:00 DEBUG Received invalid country code when getting provider links. Ignoring it. CONTEXT: {"gateway":"woocommerce_payments","country":""}
2026-02-21T18:48:49+00:00 DEBUG Received invalid country code when getting provider links. Ignoring it. CONTEXT: {"gateway":"woocommerce_payments_bancontact","country":""}
2026-02-21T18:48:49+00:00 DEBUG Received invalid country code when getting provider links. Ignoring it. CONTEXT: {"gateway":"woocommerce_payments_sepa_debit","country":""}
2026-02-21T18:48:49+00:00 DEBUG Received invalid country code when getting provider links. Ignoring it. CONTEXT: {"gateway":"woocommerce_payments_giropay","country":""}
2026-02-21T18:48:49+00:00 DEBUG Received invalid country code when getting provider links. Ignoring it. CONTEXT: {"gateway":"woocommerce_payments_sofort","country":""}
2026-02-21T18:48:49+00:00 DEBUG Received invalid country code when getting provider links. Ignoring it. CONTEXT: {"gateway":"woocommerce_payments_p24","country":""}
2026-02-21T18:48:49+00:00 DEBUG Received invalid country code when getting provider links. Ignoring it. CONTEXT: {"gateway":"woocommerce_payments_ideal","country":""}
2026-02-21T18:48:49+00:00 DEBUG Received invalid country code when getting provider links. Ignoring it. CONTEXT: {"gateway":"woocommerce_payments_au_becs_debit","country":""}
2026-02-21T18:48:49+00:00 DEBUG Received invalid country code when getting provider links. Ignoring it. CONTEXT: {"gateway":"woocommerce_payments_eps","country":""}
2026-02-21T18:48:49+00:00 DEBUG Received invalid country code when getting provider links. Ignoring it. CONTEXT: {"gateway":"woocommerce_payments_affirm","country":""}
2026-02-21T18:48:49+00:00 DEBUG Received invalid country code when getting provider links. Ignoring it. CONTEXT: {"gateway":"woocommerce_payments_afterpay_clearpay","country":""}
2026-02-21T18:48:49+00:00 DEBUG Received invalid country code when getting provider links. Ignoring it. CONTEXT: {"gateway":"woocommerce_payments_klarna","country":""}
2026-02-21T18:48:49+00:00 DEBUG Received invalid country code when getting provider links. Ignoring it. CONTEXT: {"gateway":"woocommerce_payments_multibanco","country":""}
2026-02-21T18:48:49+00:00 DEBUG Received invalid country code when getting provider links. Ignoring it. CONTEXT: {"gateway":"woocommerce_payments_grabpay","country":""}
2026-02-21T18:48:49+00:00 DEBUG Received invalid country code when getting provider links. Ignoring it. CONTEXT: {"gateway":"woocommerce_payments_alipay","country":""}
2026-02-21T18:48:49+00:00 DEBUG Received invalid country code when getting provider links. Ignoring it. CONTEXT: {"gateway":"woocommerce_payments_wechat_pay","country":""}
2026-02-21T18:48:49+00:00 DEBUG Received invalid country code when getting provider links. Ignoring it. CONTEXT: {"gateway":"bacs","country":""}
2026-02-21T18:48:49+00:00 DEBUG Received invalid country code when getting provider links. Ignoring it. CONTEXT: {"gateway":"cheque","country":""}
2026-02-21T18:48:49+00:00 DEBUG Received invalid country code when getting provider links. Ignoring it. CONTEXT: {"gateway":"cod","country":""}
2026-02-21T18:48:49+00:00 DEBUG Received invalid country code when getting provider links. Ignoring it. CONTEXT: {"gateway":"ppcp-gateway","country":""}
2026-02-21T18:48:49+00:00 DEBUG Received invalid country code when getting provider links. Ignoring it. CONTEXT: {"gateway":"woocommerce_payments_bancontact","country":""}
2026-02-21T18:48:49+00:00 DEBUG Received invalid country code when getting provider links. Ignoring it. CONTEXT: {"gateway":"woocommerce_payments_sepa_debit","country":""}
2026-02-21T18:48:49+00:00 DEBUG Received invalid country code when getting provider links. Ignoring it. CONTEXT: {"gateway":"woocommerce_payments_giropay","country":""}
2026-02-21T18:48:49+00:00 DEBUG Received invalid country code when getting provider links. Ignoring it. CONTEXT: {"gateway":"woocommerce_payments_sofort","country":""}
2026-02-21T18:48:49+00:00 DEBUG Received invalid country code when getting provider links. Ignoring it. CONTEXT: {"gateway":"woocommerce_payments_p24","country":""}
2026-02-21T18:48:49+00:00 DEBUG Received invalid country code when getting provider links. Ignoring it. CONTEXT: {"gateway":"woocommerce_payments_ideal","country":""}
2026-02-21T18:48:49+00:00 DEBUG Received invalid country code when getting provider links. Ignoring it. CONTEXT: {"gateway":"woocommerce_payments_au_becs_debit","country":""}
2026-02-21T18:48:49+00:00 DEBUG Received invalid country code when getting provider links. Ignoring it. CONTEXT: {"gateway":"woocommerce_payments_eps","country":""}
2026-02-21T18:48:49+00:00 DEBUG Received invalid country code when getting provider links. Ignoring it. CONTEXT: {"gateway":"woocommerce_payments_affirm","country":""}
2026-02-21T18:48:49+00:00 DEBUG Received invalid country code when getting provider links. Ignoring it. CONTEXT: {"gateway":"woocommerce_payments_afterpay_clearpay","country":""}
2026-02-21T18:48:49+00:00 DEBUG Received invalid country code when getting provider links. Ignoring it. CONTEXT: {"gateway":"woocommerce_payments_klarna","country":""}
2026-02-21T18:48:49+00:00 DEBUG Received invalid country code when getting provider links. Ignoring it. CONTEXT: {"gateway":"woocommerce_payments_multibanco","country":""}
2026-02-21T18:48:49+00:00 DEBUG Received invalid country code when getting provider links. Ignoring it. CONTEXT: {"gateway":"woocommerce_payments_grabpay","country":""}
2026-02-21T18:48:49+00:00 DEBUG Received invalid country code when getting provider links. Ignoring it. CONTEXT: {"gateway":"woocommerce_payments_alipay","country":""}
2026-02-21T18:48:49+00:00 DEBUG Received invalid country code when getting provider links. Ignoring it. CONTEXT: {"gateway":"woocommerce_payments_wechat_pay","country":""}
2026-02-21T18:48:49+00:00 DEBUG Received invalid country code when getting provider links. Ignoring it. CONTEXT: {"gateway":"woocommerce_payments","country":""}
2026-02-21T18:48:49+00:00 DEBUG Received invalid country code when getting provider links. Ignoring it. CONTEXT: {"gateway":"woocommerce_payments_bancontact","country":""}
2026-02-21T18:48:49+00:00 DEBUG Received invalid country code when getting provider links. Ignoring it. CONTEXT: {"gateway":"woocommerce_payments_sepa_debit","country":""}
2026-02-21T18:48:49+00:00 DEBUG Received invalid country code when getting provider links. Ignoring it. CONTEXT: {"gateway":"woocommerce_payments_giropay","country":""}
2026-02-21T18:48:49+00:00 DEBUG Received invalid country code when getting provider links. Ignoring it. CONTEXT: {"gateway":"woocommerce_payments_sofort","country":""}
2026-02-21T18:48:49+00:00 DEBUG Received invalid country code when getting provider links. Ignoring it. CONTEXT: {"gateway":"woocommerce_payments_p24","country":""}
2026-02-21T18:48:49+00:00 DEBUG Received invalid country code when getting provider links. Ignoring it. CONTEXT: {"gateway":"woocommerce_payments_ideal","country":""}
2026-02-21T18:48:49+00:00 DEBUG Received invalid country code when getting provider links. Ignoring it. CONTEXT: {"gateway":"woocommerce_payments_au_becs_debit","country":""}
2026-02-21T18:48:49+00:00 DEBUG Received invalid country code when getting provider links. Ignoring it. CONTEXT: {"gateway":"woocommerce_payments_eps","country":""}
2026-02-21T18:48:49+00:00 DEBUG Received invalid country code when getting provider links. Ignoring it. CONTEXT: {"gateway":"woocommerce_payments_affirm","country":""}
2026-02-21T18:48:49+00:00 DEBUG Received invalid country code when getting provider links. Ignoring it. CONTEXT: {"gateway":"woocommerce_payments_afterpay_clearpay","country":""}
2026-02-21T18:48:49+00:00 DEBUG Received invalid country code when getting provider links. Ignoring it. CONTEXT: {"gateway":"woocommerce_payments_klarna","country":""}
2026-02-21T18:48:49+00:00 DEBUG Received invalid country code when getting provider links. Ignoring it. CONTEXT: {"gateway":"woocommerce_payments_multibanco","country":""}
2026-02-21T18:48:49+00:00 DEBUG Received invalid country code when getting provider links. Ignoring it. CONTEXT: {"gateway":"woocommerce_payments_grabpay","country":""}
2026-02-21T18:48:49+00:00 DEBUG Received invalid country code when getting provider links. Ignoring it. CONTEXT: {"gateway":"woocommerce_payments_alipay","country":""}
2026-02-21T18:48:49+00:00 DEBUG Received invalid country code when getting provider links. Ignoring it. CONTEXT: {"gateway":"woocommerce_payments_wechat_pay","country":""}
2026-02-21T18:48:49+00:00 DEBUG Received invalid country code when getting provider links. Ignoring it. CONTEXT: {"gateway":"bacs","country":""}
2026-02-21T18:48:49+00:00 DEBUG Received invalid country code when getting provider links. Ignoring it. CONTEXT: {"gateway":"cheque","country":""}
2026-02-21T18:48:49+00:00 DEBUG Received invalid country code when getting provider links. Ignoring it. CONTEXT: {"gateway":"cod","country":""}
2026-02-21T18:48:49+00:00 DEBUG Received invalid country code when getting provider links. Ignoring it. CONTEXT: {"gateway":"ppcp-gateway","country":""}
2026-02-21T18:48:49+00:00 DEBUG Received invalid country code when getting provider links. Ignoring it. CONTEXT: {"gateway":"woocommerce_payments_bancontact","country":""}
2026-02-21T18:48:49+00:00 DEBUG Received invalid country code when getting provider links. Ignoring it. CONTEXT: {"gateway":"woocommerce_payments_sepa_debit","country":""}
2026-02-21T18:48:49+00:00 DEBUG Received invalid country code when getting provider links. Ignoring it. CONTEXT: {"gateway":"woocommerce_payments_giropay","country":""}
2026-02-21T18:48:49+00:00 DEBUG Received invalid country code when getting provider links. Ignoring it. CONTEXT: {"gateway":"woocommerce_payments_sofort","country":""}
2026-02-21T18:48:49+00:00 DEBUG Received invalid country code when getting provider links. Ignoring it. CONTEXT: {"gateway":"woocommerce_payments_p24","country":""}
2026-02-21T18:48:49+00:00 DEBUG Received invalid country code when getting provider links. Ignoring it. CONTEXT: {"gateway":"woocommerce_payments_ideal","country":""}
2026-02-21T18:48:49+00:00 DEBUG Received invalid country code when getting provider links. Ignoring it. CONTEXT: {"gateway":"woocommerce_payments_au_becs_debit","country":""}
2026-02-21T18:48:49+00:00 DEBUG Received invalid country code when getting provider links. Ignoring it. CONTEXT: {"gateway":"woocommerce_payments_eps","country":""}
2026-02-21T18:48:49+00:00 DEBUG Received invalid country code when getting provider links. Ignoring it. CONTEXT: {"gateway":"woocommerce_payments_affirm","country":""}
2026-02-21T18:48:49+00:00 DEBUG Received invalid country code when getting provider links. Ignoring it. CONTEXT: {"gateway":"woocommerce_payments_afterpay_clearpay","country":""}
2026-02-21T18:48:49+00:00 DEBUG Received invalid country code when getting provider links. Ignoring it. CONTEXT: {"gateway":"woocommerce_payments_klarna","country":""}
2026-02-21T18:48:49+00:00 DEBUG Received invalid country code when getting provider links. Ignoring it. CONTEXT: {"gateway":"woocommerce_payments_multibanco","country":""}
2026-02-21T18:48:49+00:00 DEBUG Received invalid country code when getting provider links. Ignoring it. CONTEXT: {"gateway":"woocommerce_payments_grabpay","country":""}
2026-02-21T18:48:49+00:00 DEBUG Received invalid country code when getting provider links. Ignoring it. CONTEXT: {"gateway":"woocommerce_payments_alipay","country":""}
2026-02-21T18:48:49+00:00 DEBUG Received invalid country code when getting provider links. Ignoring it. CONTEXT: {"gateway":"woocommerce_payments_wechat_pay","country":""}
2026-02-21T18:48:49+00:00 DEBUG Received invalid country code when getting provider links. Ignoring it. CONTEXT: {"gateway":"woocommerce_payments","country":""}
2026-02-21T18:48:49+00:00 DEBUG Received invalid country code when getting provider links. Ignoring it. CONTEXT: {"gateway":"woocommerce_payments_bancontact","country":""}
2026-02-21T18:48:49+00:00 DEBUG Received invalid country code when getting provider links. Ignoring it. CONTEXT: {"gateway":"woocommerce_payments_sepa_debit","country":""}
2026-02-21T18:48:49+00:00 DEBUG Received invalid country code when getting provider links. Ignoring it. CONTEXT: {"gateway":"woocommerce_payments_giropay","country":""}
2026-02-21T18:48:49+00:00 DEBUG Received invalid country code when getting provider links. Ignoring it. CONTEXT: {"gateway":"woocommerce_payments_sofort","country":""}
2026-02-21T18:48:49+00:00 DEBUG Received invalid country code when getting provider links. Ignoring it. CONTEXT: {"gateway":"woocommerce_payments_p24","country":""}
2026-02-21T18:48:49+00:00 DEBUG Received invalid country code when getting provider links. Ignoring it. CONTEXT: {"gateway":"woocommerce_payments_ideal","country":""}
2026-02-21T18:48:49+00:00 DEBUG Received invalid country code when getting provider links. Ignoring it. CONTEXT: {"gateway":"woocommerce_payments_au_becs_debit","country":""}
2026-02-21T18:48:49+00:00 DEBUG Received invalid country code when getting provider links. Ignoring it. CONTEXT: {"gateway":"woocommerce_payments_eps","country":""}
2026-02-21T18:48:49+00:00 DEBUG Received invalid country code when getting provider links. Ignoring it. CONTEXT: {"gateway":"woocommerce_payments_affirm","country":""}
2026-02-21T18:48:49+00:00 DEBUG Received invalid country code when getting provider links. Ignoring it. CONTEXT: {"gateway":"woocommerce_payments_afterpay_clearpay","country":""}
2026-02-21T18:48:49+00:00 DEBUG Received invalid country code when getting provider links. Ignoring it. CONTEXT: {"gateway":"woocommerce_payments_klarna","country":""}
2026-02-21T18:48:49+00:00 DEBUG Received invalid country code when getting provider links. Ignoring it. CONTEXT: {"gateway":"woocommerce_payments_multibanco","country":""}
2026-02-21T18:48:49+00:00 DEBUG Received invalid country code when getting provider links. Ignoring it. CONTEXT: {"gateway":"woocommerce_payments_grabpay","country":""}
2026-02-21T18:48:49+00:00 DEBUG Received invalid country code when getting provider links. Ignoring it. CONTEXT: {"gateway":"woocommerce_payments_alipay","country":""}
2026-02-21T18:48:49+00:00 DEBUG Received invalid country code when getting provider links. Ignoring it. CONTEXT: {"gateway":"woocommerce_payments_wechat_pay","country":""}
2026-02-21T18:48:49+00:00 DEBUG Received invalid country code when getting provider links. Ignoring it. CONTEXT: {"gateway":"bacs","country":""}
2026-02-21T18:48:49+00:00 DEBUG Received invalid country code when getting provider links. Ignoring it. CONTEXT: {"gateway":"cheque","country":""}
2026-02-21T18:48:49+00:00 DEBUG Received invalid country code when getting provider links. Ignoring it. CONTEXT: {"gateway":"cod","country":""}
2026-02-21T18:48:49+00:00 DEBUG Received invalid country code when getting provider links. Ignoring it. CONTEXT: {"gateway":"ppcp-gateway","country":""}
2026-02-21T18:48:49+00:00 DEBUG Received invalid country code when getting provider links. Ignoring it. CONTEXT: {"gateway":"woocommerce_payments_bancontact","country":""}
2026-02-21T18:48:49+00:00 DEBUG Received invalid country code when getting provider links. Ignoring it. CONTEXT: {"gateway":"woocommerce_payments_sepa_debit","country":""}
2026-02-21T18:48:49+00:00 DEBUG Received invalid country code when getting provider links. Ignoring it. CONTEXT: {"gateway":"woocommerce_payments_giropay","country":""}
2026-02-21T18:48:49+00:00 DEBUG Received invalid country code when getting provider links. Ignoring it. CONTEXT: {"gateway":"woocommerce_payments_sofort","country":""}
2026-02-21T18:48:49+00:00 DEBUG Received invalid country code when getting provider links. Ignoring it. CONTEXT: {"gateway":"woocommerce_payments_p24","country":""}
2026-02-21T18:48:49+00:00 DEBUG Received invalid country code when getting provider links. Ignoring it. CONTEXT: {"gateway":"woocommerce_payments_ideal","country":""}
2026-02-21T18:48:49+00:00 DEBUG Received invalid country code when getting provider links. Ignoring it. CONTEXT: {"gateway":"woocommerce_payments_au_becs_debit","country":""}
2026-02-21T18:48:49+00:00 DEBUG Received invalid country code when getting provider links. Ignoring it. CONTEXT: {"gateway":"woocommerce_payments_eps","country":""}
2026-02-21T18:48:49+00:00 DEBUG Received invalid country code when getting provider links. Ignoring it. CONTEXT: {"gateway":"woocommerce_payments_affirm","country":""}
2026-02-21T18:48:49+00:00 DEBUG Received invalid country code when getting provider links. Ignoring it. CONTEXT: {"gateway":"woocommerce_payments_afterpay_clearpay","country":""}
2026-02-21T18:48:49+00:00 DEBUG Received invalid country code when getting provider links. Ignoring it. CONTEXT: {"gateway":"woocommerce_payments_klarna","country":""}
2026-02-21T18:48:49+00:00 DEBUG Received invalid country code when getting provider links. Ignoring it. CONTEXT: {"gateway":"woocommerce_payments_multibanco","country":""}
2026-02-21T18:48:49+00:00 DEBUG Received invalid country code when getting provider links. Ignoring it. CONTEXT: {"gateway":"woocommerce_payments_grabpay","country":""}
2026-02-21T18:48:49+00:00 DEBUG Received invalid country code when getting provider links. Ignoring it. CONTEXT: {"gateway":"woocommerce_payments_alipay","country":""}
2026-02-21T18:48:49+00:00 DEBUG Received invalid country code when getting provider links. Ignoring it. CONTEXT: {"gateway":"woocommerce_payments_wechat_pay","country":""}
2026-02-21T18:48:49+00:00 DEBUG Received invalid country code when getting provider links. Ignoring it. CONTEXT: {"gateway":"woocommerce_payments","country":""}
2026-02-21T18:48:49+00:00 DEBUG Received invalid country code when getting provider links. Ignoring it. CONTEXT: {"gateway":"woocommerce_payments_bancontact","country":""}
2026-02-21T18:48:49+00:00 DEBUG Received invalid country code when getting provider links. Ignoring it. CONTEXT: {"gateway":"woocommerce_payments_sepa_debit","country":""}
2026-02-21T18:48:49+00:00 DEBUG Received invalid country code when getting provider links. Ignoring it. CONTEXT: {"gateway":"woocommerce_payments_giropay","country":""}
2026-02-21T18:48:49+00:00 DEBUG Received invalid country code when getting provider links. Ignoring it. CONTEXT: {"gateway":"woocommerce_payments_sofort","country":""}
2026-02-21T18:48:49+00:00 DEBUG Received invalid country code when getting provider links. Ignoring it. CONTEXT: {"gateway":"woocommerce_payments_p24","country":""}
2026-02-21T18:48:49+00:00 DEBUG Received invalid country code when getting provider links. Ignoring it. CONTEXT: {"gateway":"woocommerce_payments_ideal","country":""}
2026-02-21T18:48:49+00:00 DEBUG Received invalid country code when getting provider links. Ignoring it. CONTEXT: {"gateway":"woocommerce_payments_au_becs_debit","country":""}
2026-02-21T18:48:49+00:00 DEBUG Received invalid country code when getting provider links. Ignoring it. CONTEXT: {"gateway":"woocommerce_payments_eps","country":""}
2026-02-21T18:48:49+00:00 DEBUG Received invalid country code when getting provider links. Ignoring it. CONTEXT: {"gateway":"woocommerce_payments_affirm","country":""}
2026-02-21T18:48:49+00:00 DEBUG Received invalid country code when getting provider links. Ignoring it. CONTEXT: {"gateway":"woocommerce_payments_afterpay_clearpay","country":""}
2026-02-21T18:48:49+00:00 DEBUG Received invalid country code when getting provider links. Ignoring it. CONTEXT: {"gateway":"woocommerce_payments_klarna","country":""}
2026-02-21T18:48:49+00:00 DEBUG Received invalid country code when getting provider links. Ignoring it. CONTEXT: {"gateway":"woocommerce_payments_multibanco","country":""}
2026-02-21T18:48:49+00:00 DEBUG Received invalid country code when getting provider links. Ignoring it. CONTEXT: {"gateway":"woocommerce_payments_grabpay","country":""}
2026-02-21T18:48:49+00:00 DEBUG Received invalid country code when getting provider links. Ignoring it. CONTEXT: {"gateway":"woocommerce_payments_alipay","country":""}
2026-02-21T18:48:49+00:00 DEBUG Received invalid country code when getting provider links. Ignoring it. CONTEXT: {"gateway":"woocommerce_payments_wechat_pay","country":""}
2026-02-21T18:48:49+00:00 DEBUG Received invalid country code when getting provider links. Ignoring it. CONTEXT: {"gateway":"bacs","country":""}
2026-02-21T18:48:49+00:00 DEBUG Received invalid country code when getting provider links. Ignoring it. CONTEXT: {"gateway":"cheque","country":""}
2026-02-21T18:48:49+00:00 DEBUG Received invalid country code when getting provider links. Ignoring it. CONTEXT: {"gateway":"cod","country":""}
2026-02-21T18:48:49+00:00 DEBUG Received invalid country code when getting provider links. Ignoring it. CONTEXT: {"gateway":"ppcp-gateway","country":""}
2026-02-21T18:48:49+00:00 DEBUG Received invalid country code when getting provider links. Ignoring it. CONTEXT: {"gateway":"woocommerce_payments_bancontact","country":""}
2026-02-21T18:48:49+00:00 DEBUG Received invalid country code when getting provider links. Ignoring it. CONTEXT: {"gateway":"woocommerce_payments_sepa_debit","country":""}
2026-02-21T18:48:49+00:00 DEBUG Received invalid country code when getting provider links. Ignoring it. CONTEXT: {"gateway":"woocommerce_payments_giropay","country":""}
2026-02-21T18:48:49+00:00 DEBUG Received invalid country code when getting provider links. Ignoring it. CONTEXT: {"gateway":"woocommerce_payments_sofort","country":""}
2026-02-21T18:48:49+00:00 DEBUG Received invalid country code when getting provider links. Ignoring it. CONTEXT: {"gateway":"woocommerce_payments_p24","country":""}
2026-02-21T18:48:49+00:00 DEBUG Received invalid country code when getting provider links. Ignoring it. CONTEXT: {"gateway":"woocommerce_payments_ideal","country":""}
2026-02-21T18:48:49+00:00 DEBUG Received invalid country code when getting provider links. Ignoring it. CONTEXT: {"gateway":"woocommerce_payments_au_becs_debit","country":""}
2026-02-21T18:48:49+00:00 DEBUG Received invalid country code when getting provider links. Ignoring it. CONTEXT: {"gateway":"woocommerce_payments_eps","country":""}
2026-02-21T18:48:49+00:00 DEBUG Received invalid country code when getting provider links. Ignoring it. CONTEXT: {"gateway":"woocommerce_payments_affirm","country":""}
2026-02-21T18:48:49+00:00 DEBUG Received invalid country code when getting provider links. Ignoring it. CONTEXT: {"gateway":"woocommerce_payments_afterpay_clearpay","country":""}
2026-02-21T18:48:49+00:00 DEBUG Received invalid country code when getting provider links. Ignoring it. CONTEXT: {"gateway":"woocommerce_payments_klarna","country":""}
2026-02-21T18:48:49+00:00 DEBUG Received invalid country code when getting provider links. Ignoring it. CONTEXT: {"gateway":"woocommerce_payments_multibanco","country":""}
2026-02-21T18:48:49+00:00 DEBUG Received invalid country code when getting provider links. Ignoring it. CONTEXT: {"gateway":"woocommerce_payments_grabpay","country":""}
2026-02-21T18:48:49+00:00 DEBUG Received invalid country code when getting provider links. Ignoring it. CONTEXT: {"gateway":"woocommerce_payments_alipay","country":""}
2026-02-21T18:48:49+00:00 DEBUG Received invalid country code when getting provider links. Ignoring it. CONTEXT: {"gateway":"woocommerce_payments_wechat_pay","country":""}
2026-02-21T18:48:49+00:00 DEBUG Received invalid country code when getting provider links. Ignoring it. CONTEXT: {"gateway":"woocommerce_payments","country":""}
2026-02-21T18:48:49+00:00 DEBUG Received invalid country code when getting provider links. Ignoring it. CONTEXT: {"gateway":"woocommerce_payments_bancontact","country":""}
2026-02-21T18:48:49+00:00 DEBUG Received invalid country code when getting provider links. Ignoring it. CONTEXT: {"gateway":"woocommerce_payments_sepa_debit","country":""}
2026-02-21T18:48:49+00:00 DEBUG Received invalid country code when getting provider links. Ignoring it. CONTEXT: {"gateway":"woocommerce_payments_giropay","country":""}
2026-02-21T18:48:49+00:00 DEBUG Received invalid country code when getting provider links. Ignoring it. CONTEXT: {"gateway":"woocommerce_payments_sofort","country":""}
2026-02-21T18:48:49+00:00 DEBUG Received invalid country code when getting provider links. Ignoring it. CONTEXT: {"gateway":"woocommerce_payments_p24","country":""}
2026-02-21T18:48:49+00:00 DEBUG Received invalid country code when getting provider links. Ignoring it. CONTEXT: {"gateway":"woocommerce_payments_ideal","country":""}
2026-02-21T18:48:49+00:00 DEBUG Received invalid country code when getting provider links. Ignoring it. CONTEXT: {"gateway":"woocommerce_payments_au_becs_debit","country":""}
2026-02-21T18:48:49+00:00 DEBUG Received invalid country code when getting provider links. Ignoring it. CONTEXT: {"gateway":"woocommerce_payments_eps","country":""}
2026-02-21T18:48:49+00:00 DEBUG Received invalid country code when getting provider links. Ignoring it. CONTEXT: {"gateway":"woocommerce_payments_affirm","country":""}
2026-02-21T18:48:49+00:00 DEBUG Received invalid country code when getting provider links. Ignoring it. CONTEXT: {"gateway":"woocommerce_payments_afterpay_clearpay","country":""}
2026-02-21T18:48:49+00:00 DEBUG Received invalid country code when getting provider links. Ignoring it. CONTEXT: {"gateway":"woocommerce_payments_klarna","country":""}
2026-02-21T18:48:49+00:00 DEBUG Received invalid country code when getting provider links. Ignoring it. CONTEXT: {"gateway":"woocommerce_payments_multibanco","country":""}
2026-02-21T18:48:49+00:00 DEBUG Received invalid country code when getting provider links. Ignoring it. CONTEXT: {"gateway":"woocommerce_payments_grabpay","country":""}
2026-02-21T18:48:49+00:00 DEBUG Received invalid country code when getting provider links. Ignoring it. CONTEXT: {"gateway":"woocommerce_payments_alipay","country":""}
2026-02-21T18:48:49+00:00 DEBUG Received invalid country code when getting provider links. Ignoring it. CONTEXT: {"gateway":"woocommerce_payments_wechat_pay","country":""}
2026-02-21T18:48:49+00:00 DEBUG Received invalid country code when getting provider links. Ignoring it. CONTEXT: {"gateway":"bacs","country":""}
2026-02-21T18:48:49+00:00 DEBUG Received invalid country code when getting provider links. Ignoring it. CONTEXT: {"gateway":"cheque","country":""}
2026-02-21T18:48:49+00:00 DEBUG Received invalid country code when getting provider links. Ignoring it. CONTEXT: {"gateway":"cod","country":""}
2026-02-21T18:48:49+00:00 DEBUG Received invalid country code when getting provider links. Ignoring it. CONTEXT: {"gateway":"ppcp-gateway","country":""}
2026-02-21T18:48:49+00:00 DEBUG Received invalid country code when getting provider links. Ignoring it. CONTEXT: {"gateway":"woocommerce_payments_bancontact","country":""}
2026-02-21T18:48:49+00:00 DEBUG Received invalid country code when getting provider links. Ignoring it. CONTEXT: {"gateway":"woocommerce_payments_sepa_debit","country":""}
2026-02-21T18:48:49+00:00 DEBUG Received invalid country code when getting provider links. Ignoring it. CONTEXT: {"gateway":"woocommerce_payments_giropay","country":""}
2026-02-21T18:48:49+00:00 DEBUG Received invalid country code when getting provider links. Ignoring it. CONTEXT: {"gateway":"woocommerce_payments_sofort","country":""}
2026-02-21T18:48:49+00:00 DEBUG Received invalid country code when getting provider links. Ignoring it. CONTEXT: {"gateway":"woocommerce_payments_p24","country":""}
2026-02-21T18:48:49+00:00 DEBUG Received invalid country code when getting provider links. Ignoring it. CONTEXT: {"gateway":"woocommerce_payments_ideal","country":""}
2026-02-21T18:48:49+00:00 DEBUG Received invalid country code when getting provider links. Ignoring it. CONTEXT: {"gateway":"woocommerce_payments_au_becs_debit","country":""}
2026-02-21T18:48:49+00:00 DEBUG Received invalid country code when getting provider links. Ignoring it. CONTEXT: {"gateway":"woocommerce_payments_eps","country":""}
2026-02-21T18:48:49+00:00 DEBUG Received invalid country code when getting provider links. Ignoring it. CONTEXT: {"gateway":"woocommerce_payments_affirm","country":""}
2026-02-21T18:48:49+00:00 DEBUG Received invalid country code when getting provider links. Ignoring it. CONTEXT: {"gateway":"woocommerce_payments_afterpay_clearpay","country":""}
2026-02-21T18:48:49+00:00 DEBUG Received invalid country code when getting provider links. Ignoring it. CONTEXT: {"gateway":"woocommerce_payments_klarna","country":""}
2026-02-21T18:48:49+00:00 DEBUG Received invalid country code when getting provider links. Ignoring it. CONTEXT: {"gateway":"woocommerce_payments_multibanco","country":""}
2026-02-21T18:48:49+00:00 DEBUG Received invalid country code when getting provider links. Ignoring it. CONTEXT: {"gateway":"woocommerce_payments_grabpay","country":""}
2026-02-21T18:48:49+00:00 DEBUG Received invalid country code when getting provider links. Ignoring it. CONTEXT: {"gateway":"woocommerce_payments_alipay","country":""}
2026-02-21T18:48:49+00:00 DEBUG Received invalid country code when getting provider links. Ignoring it. CONTEXT: {"gateway":"woocommerce_payments_wechat_pay","country":""}
2026-02-21T18:48:49+00:00 DEBUG Received invalid country code when getting provider links. Ignoring it. CONTEXT: {"gateway":"woocommerce_payments","country":""}
2026-02-21T18:48:49+00:00 DEBUG Received invalid country code when getting provider links. Ignoring it. CONTEXT: {"gateway":"woocommerce_payments_bancontact","country":""}
2026-02-21T18:48:49+00:00 DEBUG Received invalid country code when getting provider links. Ignoring it. CONTEXT: {"gateway":"woocommerce_payments_sepa_debit","country":""}
2026-02-21T18:48:49+00:00 DEBUG Received invalid country code when getting provider links. Ignoring it. CONTEXT: {"gateway":"woocommerce_payments_giropay","country":""}
2026-02-21T18:48:49+00:00 DEBUG Received invalid country code when getting provider links. Ignoring it. CONTEXT: {"gateway":"woocommerce_payments_sofort","country":""}
2026-02-21T18:48:49+00:00 DEBUG Received invalid country code when getting provider links. Ignoring it. CONTEXT: {"gateway":"woocommerce_payments_p24","country":""}
2026-02-21T18:48:49+00:00 DEBUG Received invalid country code when getting provider links. Ignoring it. CONTEXT: {"gateway":"woocommerce_payments_ideal","country":""}
2026-02-21T18:48:49+00:00 DEBUG Received invalid country code when getting provider links. Ignoring it. CONTEXT: {"gateway":"woocommerce_payments_au_becs_debit","country":""}
2026-02-21T18:48:49+00:00 DEBUG Received invalid country code when getting provider links. Ignoring it. CONTEXT: {"gateway":"woocommerce_payments_eps","country":""}
2026-02-21T18:48:49+00:00 DEBUG Received invalid country code when getting provider links. Ignoring it. CONTEXT: {"gateway":"woocommerce_payments_affirm","country":""}
2026-02-21T18:48:49+00:00 DEBUG Received invalid country code when getting provider links. Ignoring it. CONTEXT: {"gateway":"woocommerce_payments_afterpay_clearpay","country":""}
2026-02-21T18:48:49+00:00 DEBUG Received invalid country code when getting provider links. Ignoring it. CONTEXT: {"gateway":"woocommerce_payments_klarna","country":""}
2026-02-21T18:48:49+00:00 DEBUG Received invalid country code when getting provider links. Ignoring it. CONTEXT: {"gateway":"woocommerce_payments_multibanco","country":""}
2026-02-21T18:48:49+00:00 DEBUG Received invalid country code when getting provider links. Ignoring it. CONTEXT: {"gateway":"woocommerce_payments_grabpay","country":""}
2026-02-21T18:48:49+00:00 DEBUG Received invalid country code when getting provider links. Ignoring it. CONTEXT: {"gateway":"woocommerce_payments_alipay","country":""}
2026-02-21T18:48:49+00:00 DEBUG Received invalid country code when getting provider links. Ignoring it. CONTEXT: {"gateway":"woocommerce_payments_wechat_pay","country":""}
2026-02-21T18:48:49+00:00 DEBUG Received invalid country code when getting provider links. Ignoring it. CONTEXT: {"gateway":"bacs","country":""}
2026-02-21T18:48:49+00:00 DEBUG Received invalid country code when getting provider links. Ignoring it. CONTEXT: {"gateway":"cheque","country":""}
2026-02-21T18:48:49+00:00 DEBUG Received invalid country code when getting provider links. Ignoring it. CONTEXT: {"gateway":"cod","country":""}
2026-02-21T18:48:49+00:00 DEBUG Received invalid country code when getting provider links. Ignoring it. CONTEXT: {"gateway":"ppcp-gateway","country":""}
2026-02-21T18:48:49+00:00 DEBUG Received invalid country code when getting provider links. Ignoring it. CONTEXT: {"gateway":"woocommerce_payments_bancontact","country":""}
2026-02-21T18:48:49+00:00 DEBUG Received invalid country code when getting provider links. Ignoring it. CONTEXT: {"gateway":"woocommerce_payments_sepa_debit","country":""}
2026-02-21T18:48:49+00:00 DEBUG Received invalid country code when getting provider links. Ignoring it. CONTEXT: {"gateway":"woocommerce_payments_giropay","country":""}
2026-02-21T18:48:49+00:00 DEBUG Received invalid country code when getting provider links. Ignoring it. CONTEXT: {"gateway":"woocommerce_payments_sofort","country":""}
2026-02-21T18:48:49+00:00 DEBUG Received invalid country code when getting provider links. Ignoring it. CONTEXT: {"gateway":"woocommerce_payments_p24","country":""}
2026-02-21T18:48:49+00:00 DEBUG Received invalid country code when getting provider links. Ignoring it. CONTEXT: {"gateway":"woocommerce_payments_ideal","country":""}
2026-02-21T18:48:49+00:00 DEBUG Received invalid country code when getting provider links. Ignoring it. CONTEXT: {"gateway":"woocommerce_payments_au_becs_debit","country":""}
2026-02-21T18:48:49+00:00 DEBUG Received invalid country code when getting provider links. Ignoring it. CONTEXT: {"gateway":"woocommerce_payments_eps","country":""}
2026-02-21T18:48:49+00:00 DEBUG Received invalid country code when getting provider links. Ignoring it. CONTEXT: {"gateway":"woocommerce_payments_affirm","country":""}
2026-02-21T18:48:49+00:00 DEBUG Received invalid country code when getting provider links. Ignoring it. CONTEXT: {"gateway":"woocommerce_payments_afterpay_clearpay","country":""}
2026-02-21T18:48:49+00:00 DEBUG Received invalid country code when getting provider links. Ignoring it. CONTEXT: {"gateway":"woocommerce_payments_klarna","country":""}
2026-02-21T18:48:49+00:00 DEBUG Received invalid country code when getting provider links. Ignoring it. CONTEXT: {"gateway":"woocommerce_payments_multibanco","country":""}
2026-02-21T18:48:49+00:00 DEBUG Received invalid country code when getting provider links. Ignoring it. CONTEXT: {"gateway":"woocommerce_payments_grabpay","country":""}
2026-02-21T18:48:49+00:00 DEBUG Received invalid country code when getting provider links. Ignoring it. CONTEXT: {"gateway":"woocommerce_payments_alipay","country":""}
2026-02-21T18:48:49+00:00 DEBUG Received invalid country code when getting provider links. Ignoring it. CONTEXT: {"gateway":"woocommerce_payments_wechat_pay","country":""}
2026-02-21T18:48:49+00:00 DEBUG Received invalid country code when getting provider links. Ignoring it. CONTEXT: {"gateway":"woocommerce_payments","country":""}
2026-02-21T18:48:49+00:00 DEBUG Received invalid country code when getting provider links. Ignoring it. CONTEXT: {"gateway":"woocommerce_payments_bancontact","country":""}
2026-02-21T18:48:49+00:00 DEBUG Received invalid country code when getting provider links. Ignoring it. CONTEXT: {"gateway":"woocommerce_payments_sepa_debit","country":""}
2026-02-21T18:48:49+00:00 DEBUG Received invalid country code when getting provider links. Ignoring it. CONTEXT: {"gateway":"woocommerce_payments_giropay","country":""}
2026-02-21T18:48:49+00:00 DEBUG Received invalid country code when getting provider links. Ignoring it. CONTEXT: {"gateway":"woocommerce_payments_sofort","country":""}
2026-02-21T18:48:49+00:00 DEBUG Received invalid country code when getting provider links. Ignoring it. CONTEXT: {"gateway":"woocommerce_payments_p24","country":""}
2026-02-21T18:48:49+00:00 DEBUG Received invalid country code when getting provider links. Ignoring it. CONTEXT: {"gateway":"woocommerce_payments_ideal","country":""}
2026-02-21T18:48:49+00:00 DEBUG Received invalid country code when getting provider links. Ignoring it. CONTEXT: {"gateway":"woocommerce_payments_au_becs_debit","country":""}
2026-02-21T18:48:49+00:00 DEBUG Received invalid country code when getting provider links. Ignoring it. CONTEXT: {"gateway":"woocommerce_payments_eps","country":""}
2026-02-21T18:48:49+00:00 DEBUG Received invalid country code when getting provider links. Ignoring it. CONTEXT: {"gateway":"woocommerce_payments_affirm","country":""}
2026-02-21T18:48:49+00:00 DEBUG Received invalid country code when getting provider links. Ignoring it. CONTEXT: {"gateway":"woocommerce_payments_afterpay_clearpay","country":""}
2026-02-21T18:48:49+00:00 DEBUG Received invalid country code when getting provider links. Ignoring it. CONTEXT: {"gateway":"woocommerce_payments_klarna","country":""}
2026-02-21T18:48:49+00:00 DEBUG Received invalid country code when getting provider links. Ignoring it. CONTEXT: {"gateway":"woocommerce_payments_multibanco","country":""}
2026-02-21T18:48:49+00:00 DEBUG Received invalid country code when getting provider links. Ignoring it. CONTEXT: {"gateway":"woocommerce_payments_grabpay","country":""}
2026-02-21T18:48:49+00:00 DEBUG Received invalid country code when getting provider links. Ignoring it. CONTEXT: {"gateway":"woocommerce_payments_alipay","country":""}
2026-02-21T18:48:49+00:00 DEBUG Received invalid country code when getting provider links. Ignoring it. CONTEXT: {"gateway":"woocommerce_payments_wechat_pay","country":""}
2026-02-21T18:48:49+00:00 DEBUG Received invalid country code when getting provider links. Ignoring it. CONTEXT: {"gateway":"bacs","country":""}
2026-02-21T18:48:49+00:00 DEBUG Received invalid country code when getting provider links. Ignoring it. CONTEXT: {"gateway":"cheque","country":""}
2026-02-21T18:48:49+00:00 DEBUG Received invalid country code when getting provider links. Ignoring it. CONTEXT: {"gateway":"cod","country":""}
2026-02-21T18:48:49+00:00 DEBUG Received invalid country code when getting provider links. Ignoring it. CONTEXT: {"gateway":"ppcp-gateway","country":""}
2026-02-21T18:48:49+00:00 DEBUG Received invalid country code when getting provider links. Ignoring it. CONTEXT: {"gateway":"woocommerce_payments_bancontact","country":""}
2026-02-21T18:48:49+00:00 DEBUG Received invalid country code when getting provider links. Ignoring it. CONTEXT: {"gateway":"woocommerce_payments_sepa_debit","country":""}
2026-02-21T18:48:49+00:00 DEBUG Received invalid country code when getting provider links. Ignoring it. CONTEXT: {"gateway":"woocommerce_payments_giropay","country":""}
2026-02-21T18:48:49+00:00 DEBUG Received invalid country code when getting provider links. Ignoring it. CONTEXT: {"gateway":"woocommerce_payments_sofort","country":""}
2026-02-21T18:48:49+00:00 DEBUG Received invalid country code when getting provider links. Ignoring it. CONTEXT: {"gateway":"woocommerce_payments_p24","country":""}
2026-02-21T18:48:49+00:00 DEBUG Received invalid country code when getting provider links. Ignoring it. CONTEXT: {"gateway":"woocommerce_payments_ideal","country":""}
2026-02-21T18:48:49+00:00 DEBUG Received invalid country code when getting provider links. Ignoring it. CONTEXT: {"gateway":"woocommerce_payments_au_becs_debit","country":""}
2026-02-21T18:48:49+00:00 DEBUG Received invalid country code when getting provider links. Ignoring it. CONTEXT: {"gateway":"woocommerce_payments_eps","country":""}
2026-02-21T18:48:49+00:00 DEBUG Received invalid country code when getting provider links. Ignoring it. CONTEXT: {"gateway":"woocommerce_payments_affirm","country":""}
2026-02-21T18:48:49+00:00 DEBUG Received invalid country code when getting provider links. Ignoring it. CONTEXT: {"gateway":"woocommerce_payments_afterpay_clearpay","country":""}
2026-02-21T18:48:49+00:00 DEBUG Received invalid country code when getting provider links. Ignoring it. CONTEXT: {"gateway":"woocommerce_payments_klarna","country":""}
2026-02-21T18:48:49+00:00 DEBUG Received invalid country code when getting provider links. Ignoring it. CONTEXT: {"gateway":"woocommerce_payments_multibanco","country":""}
2026-02-21T18:48:49+00:00 DEBUG Received invalid country code when getting provider links. Ignoring it. CONTEXT: {"gateway":"woocommerce_payments_grabpay","country":""}
2026-02-21T18:48:49+00:00 DEBUG Received invalid country code when getting provider links. Ignoring it. CONTEXT: {"gateway":"woocommerce_payments_alipay","country":""}
2026-02-21T18:48:49+00:00 DEBUG Received invalid country code when getting provider links. Ignoring it. CONTEXT: {"gateway":"woocommerce_payments_wechat_pay","country":""}
2026-02-21T18:48:49+00:00 DEBUG Received invalid country code when getting provider links. Ignoring it. CONTEXT: {"gateway":"woocommerce_payments","country":""}
2026-02-21T18:48:49+00:00 DEBUG Received invalid country code when getting provider links. Ignoring it. CONTEXT: {"gateway":"woocommerce_payments_bancontact","country":""}
2026-02-21T18:48:49+00:00 DEBUG Received invalid country code when getting provider links. Ignoring it. CONTEXT: {"gateway":"woocommerce_payments_sepa_debit","country":""}
2026-02-21T18:48:49+00:00 DEBUG Received invalid country code when getting provider links. Ignoring it. CONTEXT: {"gateway":"woocommerce_payments_giropay","country":""}
2026-02-21T18:48:49+00:00 DEBUG Received invalid country code when getting provider links. Ignoring it. CONTEXT: {"gateway":"woocommerce_payments_sofort","country":""}
2026-02-21T18:48:49+00:00 DEBUG Received invalid country code when getting provider links. Ignoring it. CONTEXT: {"gateway":"woocommerce_payments_p24","country":""}
2026-02-21T18:48:49+00:00 DEBUG Received invalid country code when getting provider links. Ignoring it. CONTEXT: {"gateway":"woocommerce_payments_ideal","country":""}
2026-02-21T18:48:49+00:00 DEBUG Received invalid country code when getting provider links. Ignoring it. CONTEXT: {"gateway":"woocommerce_payments_au_becs_debit","country":""}
2026-02-21T18:48:49+00:00 DEBUG Received invalid country code when getting provider links. Ignoring it. CONTEXT: {"gateway":"woocommerce_payments_eps","country":""}
2026-02-21T18:48:49+00:00 DEBUG Received invalid country code when getting provider links. Ignoring it. CONTEXT: {"gateway":"woocommerce_payments_affirm","country":""}
2026-02-21T18:48:49+00:00 DEBUG Received invalid country code when getting provider links. Ignoring it. CONTEXT: {"gateway":"woocommerce_payments_afterpay_clearpay","country":""}
2026-02-21T18:48:49+00:00 DEBUG Received invalid country code when getting provider links. Ignoring it. CONTEXT: {"gateway":"woocommerce_payments_klarna","country":""}
2026-02-21T18:48:49+00:00 DEBUG Received invalid country code when getting provider links. Ignoring it. CONTEXT: {"gateway":"woocommerce_payments_multibanco","country":""}
2026-02-21T18:48:49+00:00 DEBUG Received invalid country code when getting provider links. Ignoring it. CONTEXT: {"gateway":"woocommerce_payments_grabpay","country":""}
2026-02-21T18:48:49+00:00 DEBUG Received invalid country code when getting provider links. Ignoring it. CONTEXT: {"gateway":"woocommerce_payments_alipay","country":""}
2026-02-21T18:48:49+00:00 DEBUG Received invalid country code when getting provider links. Ignoring it. CONTEXT: {"gateway":"woocommerce_payments_wechat_pay","country":""}
2026-02-21T18:48:49+00:00 DEBUG Received invalid country code when getting provider links. Ignoring it. CONTEXT: {"gateway":"bacs","country":""}
2026-02-21T18:48:49+00:00 DEBUG Received invalid country code when getting provider links. Ignoring it. CONTEXT: {"gateway":"cheque","country":""}
2026-02-21T18:48:49+00:00 DEBUG Received invalid country code when getting provider links. Ignoring it. CONTEXT: {"gateway":"cod","country":""}
2026-02-21T18:48:49+00:00 DEBUG Received invalid country code when getting provider links. Ignoring it. CONTEXT: {"gateway":"ppcp-gateway","country":""}
2026-02-21T18:48:49+00:00 DEBUG Received invalid country code when getting provider links. Ignoring it. CONTEXT: {"gateway":"woocommerce_payments_bancontact","country":""}
2026-02-21T18:48:49+00:00 DEBUG Received invalid country code when getting provider links. Ignoring it. CONTEXT: {"gateway":"woocommerce_payments_sepa_debit","country":""}
2026-02-21T18:48:49+00:00 DEBUG Received invalid country code when getting provider links. Ignoring it. CONTEXT: {"gateway":"woocommerce_payments_giropay","country":""}
2026-02-21T18:48:49+00:00 DEBUG Received invalid country code when getting provider links. Ignoring it. CONTEXT: {"gateway":"woocommerce_payments_sofort","country":""}
2026-02-21T18:48:49+00:00 DEBUG Received invalid country code when getting provider links. Ignoring it. CONTEXT: {"gateway":"woocommerce_payments_p24","country":""}
2026-02-21T18:48:49+00:00 DEBUG Received invalid country code when getting provider links. Ignoring it. CONTEXT: {"gateway":"woocommerce_payments_ideal","country":""}
2026-02-21T18:48:49+00:00 DEBUG Received invalid country code when getting provider links. Ignoring it. CONTEXT: {"gateway":"woocommerce_payments_au_becs_debit","country":""}
2026-02-21T18:48:49+00:00 DEBUG Received invalid country code when getting provider links. Ignoring it. CONTEXT: {"gateway":"woocommerce_payments_eps","country":""}
2026-02-21T18:48:49+00:00 DEBUG Received invalid country code when getting provider links. Ignoring it. CONTEXT: {"gateway":"woocommerce_payments_affirm","country":""}
2026-02-21T18:48:49+00:00 DEBUG Received invalid country code when getting provider links. Ignoring it. CONTEXT: {"gateway":"woocommerce_payments_afterpay_clearpay","country":""}
2026-02-21T18:48:49+00:00 DEBUG Received invalid country code when getting provider links. Ignoring it. CONTEXT: {"gateway":"woocommerce_payments_klarna","country":""}
2026-02-21T18:48:49+00:00 DEBUG Received invalid country code when getting provider links. Ignoring it. CONTEXT: {"gateway":"woocommerce_payments_multibanco","country":""}
2026-02-21T18:48:49+00:00 DEBUG Received invalid country code when getting provider links. Ignoring it. CONTEXT: {"gateway":"woocommerce_payments_grabpay","country":""}
2026-02-21T18:48:49+00:00 DEBUG Received invalid country code when getting provider links. Ignoring it. CONTEXT: {"gateway":"woocommerce_payments_alipay","country":""}
2026-02-21T18:48:49+00:00 DEBUG Received invalid country code when getting provider links. Ignoring it. CONTEXT: {"gateway":"woocommerce_payments_wechat_pay","country":""}
2026-02-21T18:48:49+00:00 DEBUG Received invalid country code when getting provider links. Ignoring it. CONTEXT: {"gateway":"woocommerce_payments","country":""}
2026-02-21T18:48:49+00:00 DEBUG Received invalid country code when getting provider links. Ignoring it. CONTEXT: {"gateway":"woocommerce_payments_bancontact","country":""}
2026-02-21T18:48:49+00:00 DEBUG Received invalid country code when getting provider links. Ignoring it. CONTEXT: {"gateway":"woocommerce_payments_sepa_debit","country":""}
2026-02-21T18:48:49+00:00 DEBUG Received invalid country code when getting provider links. Ignoring it. CONTEXT: {"gateway":"woocommerce_payments_giropay","country":""}
2026-02-21T18:48:49+00:00 DEBUG Received invalid country code when getting provider links. Ignoring it. CONTEXT: {"gateway":"woocommerce_payments_sofort","country":""}
2026-02-21T18:48:49+00:00 DEBUG Received invalid country code when getting provider links. Ignoring it. CONTEXT: {"gateway":"woocommerce_payments_p24","country":""}
2026-02-21T18:48:49+00:00 DEBUG Received invalid country code when getting provider links. Ignoring it. CONTEXT: {"gateway":"woocommerce_payments_ideal","country":""}
2026-02-21T18:48:49+00:00 DEBUG Received invalid country code when getting provider links. Ignoring it. CONTEXT: {"gateway":"woocommerce_payments_au_becs_debit","country":""}
2026-02-21T18:48:49+00:00 DEBUG Received invalid country code when getting provider links. Ignoring it. CONTEXT: {"gateway":"woocommerce_payments_eps","country":""}
2026-02-21T18:48:49+00:00 DEBUG Received invalid country code when getting provider links. Ignoring it. CONTEXT: {"gateway":"woocommerce_payments_affirm","country":""}
2026-02-21T18:48:49+00:00 DEBUG Received invalid country code when getting provider links. Ignoring it. CONTEXT: {"gateway":"woocommerce_payments_afterpay_clearpay","country":""}
2026-02-21T18:48:49+00:00 DEBUG Received invalid country code when getting provider links. Ignoring it. CONTEXT: {"gateway":"woocommerce_payments_klarna","country":""}
2026-02-21T18:48:49+00:00 DEBUG Received invalid country code when getting provider links. Ignoring it. CONTEXT: {"gateway":"woocommerce_payments_multibanco","country":""}
2026-02-21T18:48:49+00:00 DEBUG Received invalid country code when getting provider links. Ignoring it. CONTEXT: {"gateway":"woocommerce_payments_grabpay","country":""}
2026-02-21T18:48:49+00:00 DEBUG Received invalid country code when getting provider links. Ignoring it. CONTEXT: {"gateway":"woocommerce_payments_alipay","country":""}
2026-02-21T18:48:49+00:00 DEBUG Received invalid country code when getting provider links. Ignoring it. CONTEXT: {"gateway":"woocommerce_payments_wechat_pay","country":""}
2026-02-21T18:48:49+00:00 DEBUG Received invalid country code when getting provider links. Ignoring it. CONTEXT: {"gateway":"bacs","country":""}
2026-02-21T18:48:49+00:00 DEBUG Received invalid country code when getting provider links. Ignoring it. CONTEXT: {"gateway":"cheque","country":""}
2026-02-21T18:48:49+00:00 DEBUG Received invalid country code when getting provider links. Ignoring it. CONTEXT: {"gateway":"cod","country":""}
2026-02-21T18:48:49+00:00 DEBUG Received invalid country code when getting provider links. Ignoring it. CONTEXT: {"gateway":"ppcp-gateway","country":""}
2026-02-21T18:48:49+00:00 DEBUG Received invalid country code when getting provider links. Ignoring it. CONTEXT: {"gateway":"woocommerce_payments_bancontact","country":""}
2026-02-21T18:48:49+00:00 DEBUG Received invalid country code when getting provider links. Ignoring it. CONTEXT: {"gateway":"woocommerce_payments_sepa_debit","country":""}
2026-02-21T18:48:49+00:00 DEBUG Received invalid country code when getting provider links. Ignoring it. CONTEXT: {"gateway":"woocommerce_payments_giropay","country":""}
2026-02-21T18:48:49+00:00 DEBUG Received invalid country code when getting provider links. Ignoring it. CONTEXT: {"gateway":"woocommerce_payments_sofort","country":""}
2026-02-21T18:48:49+00:00 DEBUG Received invalid country code when getting provider links. Ignoring it. CONTEXT: {"gateway":"woocommerce_payments_p24","country":""}
2026-02-21T18:48:49+00:00 DEBUG Received invalid country code when getting provider links. Ignoring it. CONTEXT: {"gateway":"woocommerce_payments_ideal","country":""}
2026-02-21T18:48:49+00:00 DEBUG Received invalid country code when getting provider links. Ignoring it. CONTEXT: {"gateway":"woocommerce_payments_au_becs_debit","country":""}
2026-02-21T18:48:49+00:00 DEBUG Received invalid country code when getting provider links. Ignoring it. CONTEXT: {"gateway":"woocommerce_payments_eps","country":""}
2026-02-21T18:48:49+00:00 DEBUG Received invalid country code when getting provider links. Ignoring it. CONTEXT: {"gateway":"woocommerce_payments_affirm","country":""}
2026-02-21T18:48:49+00:00 DEBUG Received invalid country code when getting provider links. Ignoring it. CONTEXT: {"gateway":"woocommerce_payments_afterpay_clearpay","country":""}
2026-02-21T18:48:49+00:00 DEBUG Received invalid country code when getting provider links. Ignoring it. CONTEXT: {"gateway":"woocommerce_payments_klarna","country":""}
2026-02-21T18:48:49+00:00 DEBUG Received invalid country code when getting provider links. Ignoring it. CONTEXT: {"gateway":"woocommerce_payments_multibanco","country":""}
2026-02-21T18:48:49+00:00 DEBUG Received invalid country code when getting provider links. Ignoring it. CONTEXT: {"gateway":"woocommerce_payments_grabpay","country":""}
2026-02-21T18:48:49+00:00 DEBUG Received invalid country code when getting provider links. Ignoring it. CONTEXT: {"gateway":"woocommerce_payments_alipay","country":""}
2026-02-21T18:48:49+00:00 DEBUG Received invalid country code when getting provider links. Ignoring it. CONTEXT: {"gateway":"woocommerce_payments_wechat_pay","country":""}
2026-02-21T18:48:49+00:00 DEBUG Received invalid country code when getting provider links. Ignoring it. CONTEXT: {"gateway":"woocommerce_payments","country":""}
2026-02-21T18:48:49+00:00 DEBUG Received invalid country code when getting provider links. Ignoring it. CONTEXT: {"gateway":"woocommerce_payments_bancontact","country":""}
2026-02-21T18:48:49+00:00 DEBUG Received invalid country code when getting provider links. Ignoring it. CONTEXT: {"gateway":"woocommerce_payments_sepa_debit","country":""}
2026-02-21T18:48:49+00:00 DEBUG Received invalid country code when getting provider links. Ignoring it. CONTEXT: {"gateway":"woocommerce_payments_giropay","country":""}
2026-02-21T18:48:49+00:00 DEBUG Received invalid country code when getting provider links. Ignoring it. CONTEXT: {"gateway":"woocommerce_payments_sofort","country":""}
2026-02-21T18:48:49+00:00 DEBUG Received invalid country code when getting provider links. Ignoring it. CONTEXT: {"gateway":"woocommerce_payments_p24","country":""}
2026-02-21T18:48:49+00:00 DEBUG Received invalid country code when getting provider links. Ignoring it. CONTEXT: {"gateway":"woocommerce_payments_ideal","country":""}
2026-02-21T18:48:49+00:00 DEBUG Received invalid country code when getting provider links. Ignoring it. CONTEXT: {"gateway":"woocommerce_payments_au_becs_debit","country":""}
2026-02-21T18:48:49+00:00 DEBUG Received invalid country code when getting provider links. Ignoring it. CONTEXT: {"gateway":"woocommerce_payments_eps","country":""}
2026-02-21T18:48:49+00:00 DEBUG Received invalid country code when getting provider links. Ignoring it. CONTEXT: {"gateway":"woocommerce_payments_affirm","country":""}
2026-02-21T18:48:49+00:00 DEBUG Received invalid country code when getting provider links. Ignoring it. CONTEXT: {"gateway":"woocommerce_payments_afterpay_clearpay","country":""}
2026-02-21T18:48:49+00:00 DEBUG Received invalid country code when getting provider links. Ignoring it. CONTEXT: {"gateway":"woocommerce_payments_klarna","country":""}
2026-02-21T18:48:49+00:00 DEBUG Received invalid country code when getting provider links. Ignoring it. CONTEXT: {"gateway":"woocommerce_payments_multibanco","country":""}
2026-02-21T18:48:49+00:00 DEBUG Received invalid country code when getting provider links. Ignoring it. CONTEXT: {"gateway":"woocommerce_payments_grabpay","country":""}
2026-02-21T18:48:49+00:00 DEBUG Received invalid country code when getting provider links. Ignoring it. CONTEXT: {"gateway":"woocommerce_payments_alipay","country":""}
2026-02-21T18:48:49+00:00 DEBUG Received invalid country code when getting provider links. Ignoring it. CONTEXT: {"gateway":"woocommerce_payments_wechat_pay","country":""}
2026-02-21T18:48:49+00:00 DEBUG Received invalid country code when getting provider links. Ignoring it. CONTEXT: {"gateway":"bacs","country":""}
2026-02-21T18:48:49+00:00 DEBUG Received invalid country code when getting provider links. Ignoring it. CONTEXT: {"gateway":"cheque","country":""}
2026-02-21T18:48:49+00:00 DEBUG Received invalid country code when getting provider links. Ignoring it. CONTEXT: {"gateway":"cod","country":""}
2026-02-21T18:48:49+00:00 DEBUG Received invalid country code when getting provider links. Ignoring it. CONTEXT: {"gateway":"ppcp-gateway","country":""}
2026-02-21T18:48:49+00:00 DEBUG Received invalid country code when getting provider links. Ignoring it. CONTEXT: {"gateway":"woocommerce_payments_bancontact","country":""}
2026-02-21T18:48:49+00:00 DEBUG Received invalid country code when getting provider links. Ignoring it. CONTEXT: {"gateway":"woocommerce_payments_sepa_debit","country":""}
2026-02-21T18:48:49+00:00 DEBUG Received invalid country code when getting provider links. Ignoring it. CONTEXT: {"gateway":"woocommerce_payments_giropay","country":""}
2026-02-21T18:48:49+00:00 DEBUG Received invalid country code when getting provider links. Ignoring it. CONTEXT: {"gateway":"woocommerce_payments_sofort","country":""}
2026-02-21T18:48:49+00:00 DEBUG Received invalid country code when getting provider links. Ignoring it. CONTEXT: {"gateway":"woocommerce_payments_p24","country":""}
2026-02-21T18:48:49+00:00 DEBUG Received invalid country code when getting provider links. Ignoring it. CONTEXT: {"gateway":"woocommerce_payments_ideal","country":""}
2026-02-21T18:48:49+00:00 DEBUG Received invalid country code when getting provider links. Ignoring it. CONTEXT: {"gateway":"woocommerce_payments_au_becs_debit","country":""}
2026-02-21T18:48:49+00:00 DEBUG Received invalid country code when getting provider links. Ignoring it. CONTEXT: {"gateway":"woocommerce_payments_eps","country":""}
2026-02-21T18:48:49+00:00 DEBUG Received invalid country code when getting provider links. Ignoring it. CONTEXT: {"gateway":"woocommerce_payments_affirm","country":""}
2026-02-21T18:48:49+00:00 DEBUG Received invalid country code when getting provider links. Ignoring it. CONTEXT: {"gateway":"woocommerce_payments_afterpay_clearpay","country":""}
2026-02-21T18:48:49+00:00 DEBUG Received invalid country code when getting provider links. Ignoring it. CONTEXT: {"gateway":"woocommerce_payments_klarna","country":""}
2026-02-21T18:48:49+00:00 DEBUG Received invalid country code when getting provider links. Ignoring it. CONTEXT: {"gateway":"woocommerce_payments_multibanco","country":""}
2026-02-21T18:48:49+00:00 DEBUG Received invalid country code when getting provider links. Ignoring it. CONTEXT: {"gateway":"woocommerce_payments_grabpay","country":""}
2026-02-21T18:48:49+00:00 DEBUG Received invalid country code when getting provider links. Ignoring it. CONTEXT: {"gateway":"woocommerce_payments_alipay","country":""}
2026-02-21T18:48:49+00:00 DEBUG Received invalid country code when getting provider links. Ignoring it. CONTEXT: {"gateway":"woocommerce_payments_wechat_pay","country":""}
2026-02-21T18:48:49+00:00 DEBUG Received invalid country code when getting provider links. Ignoring it. CONTEXT: {"gateway":"woocommerce_payments","country":""}
2026-02-21T18:48:49+00:00 DEBUG Received invalid country code when getting provider links. Ignoring it. CONTEXT: {"gateway":"woocommerce_payments_bancontact","country":""}
2026-02-21T18:48:49+00:00 DEBUG Received invalid country code when getting provider links. Ignoring it. CONTEXT: {"gateway":"woocommerce_payments_sepa_debit","country":""}
2026-02-21T18:48:49+00:00 DEBUG Received invalid country code when getting provider links. Ignoring it. CONTEXT: {"gateway":"woocommerce_payments_giropay","country":""}
2026-02-21T18:48:49+00:00 DEBUG Received invalid country code when getting provider links. Ignoring it. CONTEXT: {"gateway":"woocommerce_payments_sofort","country":""}
2026-02-21T18:48:49+00:00 DEBUG Received invalid country code when getting provider links. Ignoring it. CONTEXT: {"gateway":"woocommerce_payments_p24","country":""}
2026-02-21T18:48:49+00:00 DEBUG Received invalid country code when getting provider links. Ignoring it. CONTEXT: {"gateway":"woocommerce_payments_ideal","country":""}
2026-02-21T18:48:49+00:00 DEBUG Received invalid country code when getting provider links. Ignoring it. CONTEXT: {"gateway":"woocommerce_payments_au_becs_debit","country":""}
2026-02-21T18:48:49+00:00 DEBUG Received invalid country code when getting provider links. Ignoring it. CONTEXT: {"gateway":"woocommerce_payments_eps","country":""}
2026-02-21T18:48:49+00:00 DEBUG Received invalid country code when getting provider links. Ignoring it. CONTEXT: {"gateway":"woocommerce_payments_affirm","country":""}
2026-02-21T18:48:49+00:00 DEBUG Received invalid country code when getting provider links. Ignoring it. CONTEXT: {"gateway":"woocommerce_payments_afterpay_clearpay","country":""}
2026-02-21T18:48:49+00:00 DEBUG Received invalid country code when getting provider links. Ignoring it. CONTEXT: {"gateway":"woocommerce_payments_klarna","country":""}
2026-02-21T18:48:49+00:00 DEBUG Received invalid country code when getting provider links. Ignoring it. CONTEXT: {"gateway":"woocommerce_payments_multibanco","country":""}
2026-02-21T18:48:49+00:00 DEBUG Received invalid country code when getting provider links. Ignoring it. CONTEXT: {"gateway":"woocommerce_payments_grabpay","country":""}
2026-02-21T18:48:49+00:00 DEBUG Received invalid country code when getting provider links. Ignoring it. CONTEXT: {"gateway":"woocommerce_payments_alipay","country":""}
2026-02-21T18:48:49+00:00 DEBUG Received invalid country code when getting provider links. Ignoring it. CONTEXT: {"gateway":"woocommerce_payments_wechat_pay","country":""}
2026-02-21T18:48:49+00:00 DEBUG Received invalid country code when getting provider links. Ignoring it. CONTEXT: {"gateway":"bacs","country":""}
2026-02-21T18:48:49+00:00 DEBUG Received invalid country code when getting provider links. Ignoring it. CONTEXT: {"gateway":"cheque","country":""}
2026-02-21T18:48:49+00:00 DEBUG Received invalid country code when getting provider links. Ignoring it. CONTEXT: {"gateway":"cod","country":""}
2026-02-21T18:48:49+00:00 DEBUG Received invalid country code when getting provider links. Ignoring it. CONTEXT: {"gateway":"ppcp-gateway","country":""}
2026-02-21T18:48:49+00:00 DEBUG Received invalid country code when getting provider links. Ignoring it. CONTEXT: {"gateway":"woocommerce_payments_bancontact","country":""}
2026-02-21T18:48:49+00:00 DEBUG Received invalid country code when getting provider links. Ignoring it. CONTEXT: {"gateway":"woocommerce_payments_sepa_debit","country":""}
2026-02-21T18:48:49+00:00 DEBUG Received invalid country code when getting provider links. Ignoring it. CONTEXT: {"gateway":"woocommerce_payments_giropay","country":""}
2026-02-21T18:48:49+00:00 DEBUG Received invalid country code when getting provider links. Ignoring it. CONTEXT: {"gateway":"woocommerce_payments_sofort","country":""}
2026-02-21T18:48:49+00:00 DEBUG Received invalid country code when getting provider links. Ignoring it. CONTEXT: {"gateway":"woocommerce_payments_p24","country":""}
2026-02-21T18:48:49+00:00 DEBUG Received invalid country code when getting provider links. Ignoring it. CONTEXT: {"gateway":"woocommerce_payments_ideal","country":""}
2026-02-21T18:48:49+00:00 DEBUG Received invalid country code when getting provider links. Ignoring it. CONTEXT: {"gateway":"woocommerce_payments_au_becs_debit","country":""}
2026-02-21T18:48:49+00:00 DEBUG Received invalid country code when getting provider links. Ignoring it. CONTEXT: {"gateway":"woocommerce_payments_eps","country":""}
2026-02-21T18:48:49+00:00 DEBUG Received invalid country code when getting provider links. Ignoring it. CONTEXT: {"gateway":"woocommerce_payments_affirm","country":""}
2026-02-21T18:48:49+00:00 DEBUG Received invalid country code when getting provider links. Ignoring it. CONTEXT: {"gateway":"woocommerce_payments_afterpay_clearpay","country":""}
2026-02-21T18:48:49+00:00 DEBUG Received invalid country code when getting provider links. Ignoring it. CONTEXT: {"gateway":"woocommerce_payments_klarna","country":""}
2026-02-21T18:48:49+00:00 DEBUG Received invalid country code when getting provider links. Ignoring it. CONTEXT: {"gateway":"woocommerce_payments_multibanco","country":""}
2026-02-21T18:48:49+00:00 DEBUG Received invalid country code when getting provider links. Ignoring it. CONTEXT: {"gateway":"woocommerce_payments_grabpay","country":""}
2026-02-21T18:48:49+00:00 DEBUG Received invalid country code when getting provider links. Ignoring it. CONTEXT: {"gateway":"woocommerce_payments_alipay","country":""}
2026-02-21T18:48:49+00:00 DEBUG Received invalid country code when getting provider links. Ignoring it. CONTEXT: {"gateway":"woocommerce_payments_wechat_pay","country":""}
